observation_id,date,region,soil_type,crop_type,avg_temperature_c,avg_humidity_pct,rainfall_mm,primary_pest_type,pest_severity_score,pest_count_per_plot,treatment_recommended
OBS-00001,2023-04-04,Central_Valley,Sandy,Wheat,25.2,50.6,40.2,Blight_Spores,Low,3,0
OBS-00002,2022-11-24,South_Region,Loam,Barley,38.0,73.4,27.4,Blight_Spores,Medium,5,1
OBS-00003,2022-07-09,East_Region,Loam,Soybean,29.6,87.1,44.1,Beetles,Low,1,0
OBS-00004,2022-02-13,North_Region,Loam,Rice,17.3,54.0,35.0,Armyworms,Low,1,0
OBS-00005,2022-12-28,Central_Valley,Clay,Wheat,11.2,74.9,33.1,Aphids,Low,2,0
OBS-00006,2023-10-09,South_Region,Clay,Tomato,30.6,93.9,25.1,Beetles,High,7,1
OBS-00007,2022-08-24,West_Region,Sandy,Tomato,11.9,77.5,39.4,Armyworms,Low,2,0
OBS-00008,2022-12-31,South_Region,Clay,Soybean,35.6,36.0,19.3,Whiteflies,Low,3,0
OBS-00009,2022-04-12,East_Region,Silt,Tomato,33.9,67.8,3.9,Aphids,Medium,5,1
OBS-00010,2022-04-22,West_Region,Silt,Rice,39.2,31.8,31.0,Aphids,Low,2,0
OBS-00011,2022-04-05,Central_Valley,Loam,Soybean,28.4,90.0,0.2,Beetles,Medium,4,1
OBS-00012,2022-09-18,South_Region,Clay,Tomato,19.1,87.3,39.9,Armyworms,Medium,5,1
OBS-00013,2022-03-24,Central_Valley,Clay,Rice,17.4,48.7,8.0,Whiteflies,Low,1,0
OBS-00014,2023-06-28,North_Region,Silt,Corn,20.2,44.4,7.5,Whiteflies,Medium,4,1
OBS-00015,2022-08-11,East_Region,Sandy,Wheat,13.9,50.1,23.9,Aphids,Low,0,0
OBS-00016,2023-08-15,South_Region,Silt,Corn,11.8,61.7,45.9,Aphids,Low,0,0
OBS-00017,2022-06-09,East_Region,Silt,Cotton,26.1,83.1,13.1,Whiteflies,Medium,6,1
OBS-00018,2022-09-10,South_Region,Silt,Corn,18.3,58.9,41.1,Aphids,Low,0,0
OBS-00019,2022-03-30,North_Region,Silt,Tomato,19.8,39.3,31.2,Whiteflies,Low,2,0
OBS-00020,2023-05-31,East_Region,Clay,Cotton,14.2,94.2,16.9,Blight_Spores,Medium,4,1
OBS-00021,2022-03-01,Central_Valley,Clay,Soybean,32.4,73.7,43.8,Beetles,Low,2,0
OBS-00022,2022-12-11,West_Region,Silt,Soybean,35.2,55.4,31.9,Armyworms,Low,2,0
OBS-00023,2023-07-28,East_Region,Sandy,Corn,15.4,93.1,29.8,Aphids,Medium,6,1
OBS-00024,2023-05-12,Central_Valley,Clay,Cotton,31.1,44.3,11.3,Beetles,Low,2,0
OBS-00025,2023-05-18,West_Region,Loam,Barley,14.9,86.9,45.0,Armyworms,Low,2,0
OBS-00026,2022-10-21,West_Region,Loam,Corn,25.1,44.9,9.5,Aphids,Low,2,0
OBS-00027,2023-08-21,West_Region,Clay,Barley,39.3,91.3,29.6,Whiteflies,Low,3,0
OBS-00028,2023-11-02,East_Region,Clay,Cotton,15.6,40.2,30.5,Aphids,Low,0,0
OBS-00029,2022-03-17,Central_Valley,Silt,Cotton,34.5,85.7,40.3,Beetles,Low,2,0
OBS-00030,2022-01-05,East_Region,Loam,Rice,32.4,45.6,18.9,Armyworms,Low,3,0
OBS-00031,2023-05-24,Central_Valley,Sandy,Barley,34.1,52.0,15.5,Blight_Spores,Medium,4,1
OBS-00032,2022-02-22,North_Region,Silt,Cotton,10.5,75.1,12.4,Beetles,Low,3,0
OBS-00033,2023-10-30,East_Region,Silt,Wheat,22.3,31.9,29.3,Whiteflies,Low,0,0
OBS-00034,2022-06-06,Central_Valley,Loam,Tomato,21.4,64.3,9.3,Aphids,Low,0,0
OBS-00035,2023-08-02,East_Region,Clay,Wheat,29.3,75.6,5.5,Armyworms,Low,3,0
OBS-00036,2023-03-06,West_Region,Silt,Tomato,10.3,62.7,26.7,Armyworms,Low,3,0
OBS-00037,2022-03-12,Central_Valley,Sandy,Tomato,34.7,64.2,46.8,Beetles,Medium,5,1
OBS-00038,2023-08-31,North_Region,Loam,Corn,22.4,39.3,25.6,Whiteflies,Low,0,0
OBS-00039,2023-11-19,South_Region,Sandy,Barley,38.2,39.9,25.4,Blight_Spores,Low,2,0
OBS-00040,2023-05-11,South_Region,Loam,Corn,29.0,76.6,11.1,Armyworms,Low,3,0
OBS-00041,2022-06-11,South_Region,Clay,Corn,36.7,43.0,8.0,Beetles,Low,2,0
OBS-00042,2023-08-14,North_Region,Silt,Rice,11.6,49.1,49.7,Beetles,Low,2,0
OBS-00043,2023-05-15,East_Region,Clay,Soybean,37.0,92.2,39.3,Aphids,Medium,4,1
OBS-00044,2023-10-06,Central_Valley,Sandy,Barley,38.7,30.8,1.3,Whiteflies,Medium,4,1
OBS-00045,2022-06-13,South_Region,Loam,Wheat,13.5,35.5,18.7,Whiteflies,Low,0,0
OBS-00046,2023-07-29,North_Region,Sandy,Barley,15.0,91.7,12.3,Beetles,Low,1,0
OBS-00047,2022-07-02,South_Region,Silt,Cotton,16.8,39.6,34.9,Whiteflies,Low,3,0
OBS-00048,2022-07-05,Central_Valley,Clay,Wheat,14.1,44.2,20.0,Armyworms,Low,0,0
OBS-00049,2023-04-29,North_Region,Silt,Wheat,32.4,52.2,44.9,Beetles,Medium,4,1
OBS-00050,2022-11-14,North_Region,Clay,Tomato,15.8,33.5,24.0,Aphids,Low,2,0
OBS-00051,2022-12-13,Central_Valley,Clay,Cotton,23.7,90.1,20.6,Aphids,Low,1,0
OBS-00052,2022-12-31,North_Region,Sandy,Corn,18.0,49.1,44.3,Aphids,Low,1,0
OBS-00053,2023-03-24,East_Region,Sandy,Barley,30.6,64.1,37.7,Whiteflies,Low,1,0
OBS-00054,2023-05-21,Central_Valley,Clay,Wheat,23.6,78.5,24.5,Aphids,Low,0,0
OBS-00055,2023-08-12,West_Region,Loam,Tomato,11.0,45.0,16.7,Whiteflies,Low,2,0
OBS-00056,2022-11-06,West_Region,Loam,Soybean,15.6,90.6,24.8,Beetles,Low,0,0
OBS-00057,2023-01-03,Central_Valley,Sandy,Soybean,10.2,91.7,15.0,Whiteflies,Low,2,0
OBS-00058,2023-10-24,East_Region,Clay,Soybean,37.6,68.9,5.0,Whiteflies,Low,3,0
OBS-00059,2022-05-15,West_Region,Loam,Tomato,27.2,39.6,21.3,Aphids,Low,3,0
OBS-00060,2022-02-19,North_Region,Silt,Rice,28.6,37.8,43.0,Beetles,Low,2,0
OBS-00061,2022-08-02,Central_Valley,Loam,Corn,34.6,84.4,26.3,Aphids,Low,1,0
OBS-00062,2023-04-13,East_Region,Sandy,Wheat,12.8,59.0,46.0,Aphids,Low,1,0
OBS-00063,2023-10-06,South_Region,Loam,Wheat,25.0,68.7,25.3,Blight_Spores,Low,0,0
OBS-00064,2023-02-16,South_Region,Loam,Soybean,15.4,84.2,38.0,Aphids,Low,1,0
OBS-00065,2023-01-18,North_Region,Clay,Tomato,20.9,36.3,46.1,Aphids,Low,1,0
OBS-00066,2022-02-02,North_Region,Sandy,Corn,25.0,47.5,36.9,Whiteflies,Low,2,0
OBS-00067,2022-12-19,East_Region,Clay,Wheat,10.6,55.6,11.3,Whiteflies,Low,2,0
OBS-00068,2023-06-16,Central_Valley,Loam,Barley,36.7,47.4,10.4,Blight_Spores,High,9,1
OBS-00069,2022-06-17,West_Region,Clay,Corn,13.4,84.9,35.7,Armyworms,Low,1,0
OBS-00070,2022-01-14,Central_Valley,Loam,Rice,25.4,62.3,11.7,Beetles,Low,1,0
OBS-00071,2022-07-04,South_Region,Silt,Cotton,10.6,57.3,4.2,Whiteflies,Low,0,0
OBS-00072,2022-02-20,Central_Valley,Sandy,Soybean,27.2,78.8,2.1,Beetles,Low,2,0
OBS-00073,2022-12-21,Central_Valley,Sandy,Soybean,17.1,34.2,31.3,Beetles,Low,0,0
OBS-00074,2023-05-17,North_Region,Loam,Barley,29.3,90.2,12.3,Armyworms,Medium,5,1
OBS-00075,2023-11-01,South_Region,Clay,Corn,26.7,65.0,25.6,Whiteflies,Medium,6,1
OBS-00076,2023-06-11,Central_Valley,Silt,Wheat,19.9,36.4,5.2,Armyworms,Low,3,0
OBS-00077,2022-10-24,West_Region,Clay,Barley,33.4,56.4,39.8,Aphids,Low,0,0
OBS-00078,2022-07-23,North_Region,Clay,Tomato,24.8,30.0,31.7,Whiteflies,Low,3,0
OBS-00079,2022-06-27,West_Region,Silt,Cotton,33.2,56.6,47.2,Whiteflies,Low,3,0
OBS-00080,2022-05-21,North_Region,Clay,Barley,38.6,45.5,24.7,Armyworms,Low,2,0
OBS-00081,2022-03-24,South_Region,Silt,Corn,23.7,59.2,20.6,Aphids,Low,0,0
OBS-00082,2022-11-01,West_Region,Clay,Soybean,20.4,38.2,36.6,Whiteflies,Low,1,0
OBS-00083,2022-02-02,East_Region,Clay,Rice,13.1,62.4,1.7,Aphids,Low,1,0
OBS-00084,2023-11-06,Central_Valley,Loam,Cotton,13.9,61.4,37.8,Aphids,Low,0,0
OBS-00085,2022-11-29,Central_Valley,Clay,Soybean,35.4,70.3,18.3,Armyworms,Low,1,0
OBS-00086,2022-05-09,West_Region,Silt,Corn,13.3,37.0,35.7,Beetles,Low,2,0
OBS-00087,2022-05-21,South_Region,Clay,Wheat,20.1,68.5,4.6,Whiteflies,Low,0,0
OBS-00088,2023-10-12,West_Region,Loam,Soybean,36.7,46.8,18.3,Whiteflies,Medium,4,1
OBS-00089,2022-08-20,North_Region,Clay,Tomato,36.1,65.7,6.7,Armyworms,Low,2,0
OBS-00090,2023-06-21,Central_Valley,Loam,Rice,27.5,59.9,48.1,Whiteflies,Low,1,0
OBS-00091,2022-02-08,West_Region,Loam,Tomato,25.6,78.7,22.6,Whiteflies,Low,3,0
OBS-00092,2022-07-26,Central_Valley,Silt,Cotton,10.8,40.4,2.6,Whiteflies,Low,1,0
OBS-00093,2022-03-01,East_Region,Loam,Tomato,18.6,32.8,24.1,Aphids,Medium,4,1
OBS-00094,2023-09-22,Central_Valley,Silt,Rice,32.5,71.7,19.3,Whiteflies,Medium,5,1
OBS-00095,2022-04-09,East_Region,Sandy,Rice,33.9,83.9,50.0,Whiteflies,Medium,5,1
OBS-00096,2022-10-06,South_Region,Silt,Tomato,27.1,70.9,24.8,Whiteflies,Medium,6,1
OBS-00097,2022-05-16,West_Region,Silt,Rice,29.9,94.6,5.6,Aphids,Low,3,0
OBS-00098,2022-06-30,East_Region,Sandy,Tomato,21.9,77.0,45.2,Aphids,Low,2,0
OBS-00099,2023-08-26,Central_Valley,Clay,Barley,20.4,78.1,20.3,Armyworms,Medium,5,1
OBS-00100,2022-03-20,South_Region,Silt,Soybean,23.0,31.0,39.6,Whiteflies,Low,0,0
OBS-00101,2022-05-26,South_Region,Clay,Soybean,37.0,80.3,39.2,Whiteflies,Medium,5,1
OBS-00102,2023-03-29,East_Region,Sandy,Corn,23.9,91.9,30.1,Blight_Spores,High,7,1
OBS-00103,2023-07-24,South_Region,Loam,Wheat,13.7,92.4,44.9,Blight_Spores,Low,0,0
OBS-00104,2022-07-29,Central_Valley,Clay,Cotton,35.9,55.1,18.5,Armyworms,Medium,4,1
OBS-00105,2022-09-29,North_Region,Sandy,Corn,27.4,48.1,12.5,Beetles,Low,3,0
OBS-00106,2022-08-22,South_Region,Clay,Cotton,39.8,69.6,4.0,Beetles,Low,2,0
OBS-00107,2023-11-25,South_Region,Clay,Cotton,22.9,80.3,12.1,Whiteflies,Low,1,0
OBS-00108,2022-01-24,South_Region,Silt,Soybean,18.6,77.8,11.4,Armyworms,Low,2,0
OBS-00109,2023-11-04,South_Region,Clay,Rice,17.6,51.8,49.3,Aphids,Low,1,0
OBS-00110,2022-12-02,East_Region,Loam,Soybean,38.8,45.7,34.8,Beetles,Low,1,0
OBS-00111,2022-05-13,West_Region,Clay,Wheat,25.4,50.6,14.7,Blight_Spores,Low,2,0
OBS-00112,2023-09-30,West_Region,Silt,Soybean,34.8,70.1,38.2,Whiteflies,High,8,1
OBS-00113,2022-07-03,West_Region,Silt,Soybean,10.6,65.8,1.5,Blight_Spores,Low,0,0
OBS-00114,2023-05-06,Central_Valley,Loam,Corn,27.5,54.9,34.7,Armyworms,Low,1,0
OBS-00115,2022-10-22,West_Region,Loam,Wheat,30.6,47.2,44.1,Armyworms,Low,1,0
OBS-00116,2022-09-26,East_Region,Silt,Corn,17.2,63.7,22.2,Armyworms,Low,0,0
OBS-00117,2022-01-22,Central_Valley,Clay,Corn,23.1,84.0,1.3,Whiteflies,Low,3,0
OBS-00118,2023-02-17,Central_Valley,Clay,Corn,29.0,71.1,23.9,Beetles,Medium,5,1
OBS-00119,2022-04-27,East_Region,Loam,Rice,21.7,31.2,18.7,Armyworms,Low,0,0
OBS-00120,2022-04-18,East_Region,Silt,Wheat,26.9,89.4,18.8,Beetles,Low,2,0
OBS-00121,2022-09-02,Central_Valley,Silt,Soybean,25.5,87.3,46.0,Blight_Spores,Low,0,0
OBS-00122,2022-04-15,West_Region,Loam,Barley,38.1,58.4,14.5,Armyworms,Medium,4,1
OBS-00123,2023-08-22,South_Region,Clay,Wheat,34.5,38.9,41.2,Beetles,Medium,5,1
OBS-00124,2023-07-24,East_Region,Sandy,Rice,14.5,92.5,36.1,Whiteflies,Low,2,0
OBS-00125,2023-03-25,North_Region,Loam,Barley,12.3,66.3,32.3,Blight_Spores,Low,0,0
OBS-00126,2022-09-05,South_Region,Silt,Rice,30.8,73.4,10.2,Armyworms,Low,1,0
OBS-00127,2023-02-01,South_Region,Sandy,Soybean,36.5,64.4,13.1,Blight_Spores,Medium,4,1
OBS-00128,2022-12-03,East_Region,Silt,Rice,25.3,83.1,42.6,Armyworms,Medium,4,1
OBS-00129,2022-03-12,South_Region,Loam,Soybean,22.7,50.4,4.4,Aphids,Low,1,0
OBS-00130,2023-02-24,Central_Valley,Sandy,Cotton,32.8,35.8,46.3,Blight_Spores,Low,2,0
OBS-00131,2022-01-26,West_Region,Clay,Cotton,35.6,87.4,2.9,Beetles,Medium,5,1
OBS-00132,2022-07-11,East_Region,Clay,Soybean,34.2,48.5,26.5,Whiteflies,Low,1,0
OBS-00133,2022-05-26,North_Region,Sandy,Soybean,24.6,41.9,19.8,Aphids,Low,1,0
OBS-00134,2023-11-20,South_Region,Clay,Cotton,19.3,89.6,26.2,Whiteflies,Low,1,0
OBS-00135,2022-01-21,North_Region,Sandy,Tomato,23.9,48.6,13.1,Beetles,Low,2,0
OBS-00136,2023-05-18,Central_Valley,Clay,Cotton,26.6,81.5,13.0,Aphids,Low,2,0
OBS-00137,2022-11-08,North_Region,Sandy,Tomato,21.2,37.9,15.8,Armyworms,Low,2,0
OBS-00138,2023-02-16,Central_Valley,Loam,Rice,22.4,76.8,2.0,Aphids,Medium,5,1
OBS-00139,2022-07-27,South_Region,Sandy,Soybean,30.8,49.1,14.1,Whiteflies,Low,3,0
OBS-00140,2023-07-20,West_Region,Sandy,Soybean,30.3,70.5,38.2,Beetles,Low,2,0
OBS-00141,2023-07-24,South_Region,Clay,Tomato,31.5,36.9,33.5,Beetles,Low,3,0
OBS-00142,2022-10-23,South_Region,Silt,Cotton,19.1,67.4,24.9,Blight_Spores,Low,0,0
OBS-00143,2022-05-31,East_Region,Sandy,Soybean,39.6,60.4,3.3,Whiteflies,Medium,5,1
OBS-00144,2023-07-24,South_Region,Sandy,Cotton,21.8,44.8,16.3,Blight_Spores,Low,1,0
OBS-00145,2022-09-29,Central_Valley,Loam,Wheat,10.7,61.9,13.3,Beetles,Low,0,0
OBS-00146,2023-02-09,Central_Valley,Silt,Soybean,39.6,40.0,45.1,Whiteflies,Medium,4,1
OBS-00147,2022-02-12,West_Region,Loam,Cotton,19.7,93.1,11.0,Armyworms,Low,2,0
OBS-00148,2022-07-15,East_Region,Sandy,Corn,13.6,93.1,1.4,Whiteflies,Low,3,0
OBS-00149,2022-12-13,Central_Valley,Sandy,Soybean,11.1,55.7,31.9,Whiteflies,Low,0,0
OBS-00150,2023-11-25,East_Region,Silt,Wheat,27.2,60.4,38.3,Beetles,Low,3,0
OBS-00151,2023-04-12,North_Region,Clay,Soybean,15.0,59.7,2.1,Beetles,Low,1,0
OBS-00152,2023-07-09,West_Region,Loam,Cotton,37.1,79.3,12.9,Whiteflies,High,7,1
OBS-00153,2023-03-30,West_Region,Sandy,Wheat,36.2,73.3,31.7,Beetles,Medium,4,1
OBS-00154,2022-06-21,West_Region,Sandy,Cotton,39.9,73.3,40.6,Blight_Spores,Low,2,0
OBS-00155,2023-10-08,West_Region,Silt,Rice,32.2,56.1,24.8,Whiteflies,Low,2,0
OBS-00156,2023-05-10,South_Region,Sandy,Rice,37.5,45.9,34.7,Aphids,Low,1,0
OBS-00157,2023-03-14,North_Region,Silt,Barley,18.1,46.9,28.4,Beetles,Low,2,0
OBS-00158,2023-06-20,Central_Valley,Clay,Cotton,25.4,92.8,28.2,Aphids,Medium,4,1
OBS-00159,2022-04-23,Central_Valley,Sandy,Cotton,11.7,80.1,8.2,Beetles,Medium,5,1
OBS-00160,2022-12-23,East_Region,Loam,Barley,26.2,42.6,39.3,Aphids,Low,0,0
OBS-00161,2022-07-12,North_Region,Loam,Soybean,15.5,84.6,31.2,Blight_Spores,Low,1,0
OBS-00162,2022-06-05,South_Region,Loam,Soybean,23.9,35.2,43.2,Armyworms,Low,1,0
OBS-00163,2023-03-18,Central_Valley,Clay,Barley,14.0,58.7,28.2,Aphids,Low,0,0
OBS-00164,2023-03-20,Central_Valley,Loam,Soybean,10.5,30.9,21.3,Whiteflies,Low,1,0
OBS-00165,2022-08-08,North_Region,Sandy,Corn,27.9,89.7,16.0,Blight_Spores,Medium,4,1
OBS-00166,2023-10-30,Central_Valley,Silt,Soybean,38.6,45.1,11.5,Aphids,Medium,6,1
OBS-00167,2022-04-24,East_Region,Loam,Barley,33.2,63.9,12.7,Aphids,Low,2,0
OBS-00168,2022-05-20,North_Region,Sandy,Tomato,25.5,77.1,9.9,Armyworms,Medium,6,1
OBS-00169,2023-08-09,Central_Valley,Clay,Corn,20.2,90.6,26.5,Armyworms,Medium,4,1
OBS-00170,2022-02-03,Central_Valley,Loam,Soybean,18.2,56.9,42.1,Aphids,Low,1,0
OBS-00171,2022-09-06,South_Region,Clay,Rice,38.2,37.7,45.4,Whiteflies,Low,3,0
OBS-00172,2022-05-02,East_Region,Silt,Barley,39.0,48.9,47.7,Blight_Spores,Medium,5,1
OBS-00173,2022-08-04,West_Region,Loam,Barley,11.2,32.8,7.1,Beetles,Low,1,0
OBS-00174,2022-11-07,East_Region,Sandy,Corn,26.6,35.9,0.4,Aphids,Low,1,0
OBS-00175,2022-01-07,East_Region,Sandy,Tomato,26.5,48.8,5.5,Whiteflies,Low,3,0
OBS-00176,2023-10-08,East_Region,Sandy,Cotton,36.4,37.2,37.4,Aphids,Low,0,0
OBS-00177,2023-11-21,North_Region,Clay,Wheat,27.0,56.0,5.5,Aphids,Low,2,0
OBS-00178,2023-04-30,Central_Valley,Loam,Soybean,15.5,70.0,27.7,Blight_Spores,Low,0,0
OBS-00179,2022-02-16,North_Region,Clay,Tomato,19.8,74.8,4.9,Blight_Spores,Medium,5,1
OBS-00180,2023-09-06,Central_Valley,Loam,Wheat,16.1,60.0,10.6,Aphids,Low,1,0
OBS-00181,2023-11-16,Central_Valley,Loam,Cotton,14.5,52.9,49.2,Beetles,Low,1,0
OBS-00182,2023-03-07,South_Region,Sandy,Rice,19.7,73.1,47.3,Beetles,Low,3,0
OBS-00183,2022-10-21,South_Region,Sandy,Wheat,11.0,80.3,48.2,Blight_Spores,Low,0,0
OBS-00184,2022-01-08,West_Region,Silt,Corn,19.4,53.2,0.4,Blight_Spores,Low,0,0
OBS-00185,2023-11-09,East_Region,Clay,Corn,15.9,54.2,15.2,Aphids,Low,0,0
OBS-00186,2023-09-23,West_Region,Silt,Cotton,28.1,31.8,19.8,Whiteflies,Medium,5,1
OBS-00187,2023-07-30,West_Region,Silt,Wheat,29.8,89.8,20.8,Aphids,Medium,5,1
OBS-00188,2022-07-26,North_Region,Silt,Barley,25.8,73.9,19.6,Armyworms,Medium,5,1
OBS-00189,2023-02-21,West_Region,Loam,Tomato,39.7,47.9,49.6,Armyworms,Medium,4,1
OBS-00190,2022-07-29,South_Region,Sandy,Wheat,35.3,37.3,11.9,Aphids,High,7,1
OBS-00191,2023-06-03,East_Region,Sandy,Corn,30.6,64.4,42.5,Aphids,Medium,4,1
OBS-00192,2023-01-05,West_Region,Loam,Rice,10.5,88.7,22.9,Aphids,Low,1,0
OBS-00193,2023-02-04,South_Region,Silt,Soybean,36.3,80.8,21.0,Armyworms,Low,2,0
OBS-00194,2022-01-16,South_Region,Loam,Tomato,28.5,61.2,16.3,Blight_Spores,Medium,5,1
OBS-00195,2022-01-11,West_Region,Clay,Wheat,11.0,49.8,5.1,Beetles,Low,1,0
OBS-00196,2022-03-27,South_Region,Sandy,Wheat,22.0,62.4,9.6,Blight_Spores,Low,1,0
OBS-00197,2022-06-06,East_Region,Sandy,Cotton,36.0,46.6,1.4,Whiteflies,Medium,6,1
OBS-00198,2022-12-05,Central_Valley,Sandy,Rice,15.9,56.6,42.4,Beetles,Low,2,0
OBS-00199,2023-05-22,North_Region,Sandy,Soybean,25.2,78.7,16.6,Beetles,Low,1,0
OBS-00200,2023-09-29,East_Region,Loam,Barley,39.5,78.6,30.0,Armyworms,Medium,6,1
OBS-00201,2022-04-18,North_Region,Silt,Rice,28.6,48.3,20.0,Aphids,Medium,4,1
OBS-00202,2022-10-22,North_Region,Sandy,Barley,28.2,76.7,4.3,Armyworms,High,7,1
OBS-00203,2022-03-09,West_Region,Loam,Wheat,14.2,78.5,11.9,Beetles,Low,2,0
OBS-00204,2022-04-20,West_Region,Clay,Soybean,16.8,80.9,45.7,Aphids,Low,1,0
OBS-00205,2022-08-28,Central_Valley,Clay,Barley,26.6,57.1,9.4,Armyworms,Low,2,0
OBS-00206,2022-06-18,South_Region,Clay,Barley,20.2,78.5,13.2,Aphids,Low,1,0
OBS-00207,2022-01-21,North_Region,Loam,Rice,33.3,41.5,31.2,Armyworms,Low,3,0
OBS-00208,2022-02-18,East_Region,Silt,Wheat,35.5,32.1,23.6,Armyworms,Low,0,0
OBS-00209,2022-08-05,East_Region,Clay,Rice,28.4,90.9,26.1,Armyworms,Low,0,0
OBS-00210,2022-08-09,East_Region,Loam,Barley,28.2,73.4,42.9,Armyworms,Low,1,0
OBS-00211,2022-03-19,North_Region,Sandy,Cotton,27.6,84.1,20.6,Beetles,Medium,6,1
OBS-00212,2022-09-19,Central_Valley,Clay,Rice,38.3,55.3,37.4,Blight_Spores,Low,3,0
OBS-00213,2023-07-06,West_Region,Clay,Wheat,23.3,44.8,40.3,Blight_Spores,Low,0,0
OBS-00214,2023-04-16,West_Region,Loam,Rice,26.5,41.6,4.4,Armyworms,Medium,5,1
OBS-00215,2023-10-02,East_Region,Silt,Tomato,38.9,34.3,17.8,Beetles,Medium,5,1
OBS-00216,2022-06-09,East_Region,Clay,Wheat,26.3,78.3,14.0,Whiteflies,Low,3,0
OBS-00217,2023-08-06,East_Region,Sandy,Corn,34.6,67.5,8.4,Beetles,Low,1,0
OBS-00218,2022-05-04,East_Region,Silt,Soybean,24.5,74.2,14.7,Beetles,Low,1,0
OBS-00219,2023-03-09,South_Region,Silt,Wheat,34.5,54.3,3.8,Blight_Spores,High,8,1
OBS-00220,2023-03-15,East_Region,Clay,Barley,32.8,47.6,10.1,Blight_Spores,Medium,5,1
OBS-00221,2022-08-19,West_Region,Sandy,Cotton,28.1,35.2,46.9,Whiteflies,High,7,1
OBS-00222,2022-01-03,West_Region,Silt,Soybean,27.4,33.5,15.5,Whiteflies,Medium,5,1
OBS-00223,2022-09-15,Central_Valley,Clay,Wheat,19.8,86.2,42.2,Beetles,Low,1,0
OBS-00224,2023-05-27,South_Region,Loam,Rice,38.6,79.6,24.1,Aphids,Medium,5,1
OBS-00225,2023-06-04,North_Region,Loam,Rice,27.9,76.4,27.6,Blight_Spores,Low,1,0
OBS-00226,2022-05-07,South_Region,Sandy,Cotton,21.6,46.1,17.8,Beetles,Low,2,0
OBS-00227,2022-11-29,Central_Valley,Clay,Wheat,38.4,38.1,3.8,Aphids,Low,3,0
OBS-00228,2022-07-23,Central_Valley,Loam,Tomato,16.3,34.0,0.7,Blight_Spores,Low,2,0
OBS-00229,2022-12-02,East_Region,Clay,Tomato,25.2,55.1,43.8,Aphids,Low,3,0
OBS-00230,2023-08-05,Central_Valley,Clay,Corn,28.6,56.7,45.6,Blight_Spores,Low,2,0
OBS-00231,2022-05-16,North_Region,Silt,Cotton,22.2,77.0,30.2,Whiteflies,Low,2,0
OBS-00232,2022-08-13,South_Region,Sandy,Corn,16.7,30.6,16.2,Aphids,Low,2,0
OBS-00233,2023-04-26,South_Region,Silt,Corn,10.7,84.3,45.0,Blight_Spores,Medium,6,1
OBS-00234,2022-08-05,Central_Valley,Silt,Soybean,25.3,88.5,24.3,Armyworms,Low,1,0
OBS-00235,2023-10-19,East_Region,Loam,Tomato,37.2,46.2,8.0,Beetles,Medium,5,1
OBS-00236,2023-04-12,North_Region,Clay,Tomato,38.6,45.3,32.3,Blight_Spores,Medium,4,1
OBS-00237,2023-02-06,South_Region,Silt,Tomato,32.3,55.3,16.3,Aphids,Medium,6,1
OBS-00238,2023-01-20,West_Region,Sandy,Tomato,36.5,61.6,9.4,Blight_Spores,Low,3,0
OBS-00239,2023-09-28,North_Region,Loam,Wheat,14.4,33.4,49.6,Blight_Spores,Low,0,0
OBS-00240,2023-06-18,Central_Valley,Silt,Corn,33.6,81.0,36.3,Armyworms,Low,2,0
OBS-00241,2022-11-17,North_Region,Silt,Barley,26.3,56.7,23.4,Beetles,Low,1,0
OBS-00242,2023-02-14,South_Region,Clay,Soybean,37.2,84.2,6.6,Whiteflies,Medium,5,1
OBS-00243,2022-03-02,North_Region,Silt,Soybean,22.5,88.2,27.7,Aphids,Low,2,0
OBS-00244,2023-08-24,West_Region,Clay,Rice,33.1,35.1,27.7,Armyworms,Low,3,0
OBS-00245,2023-04-24,Central_Valley,Silt,Corn,13.9,58.8,18.4,Aphids,Medium,4,1
OBS-00246,2022-04-24,North_Region,Loam,Soybean,25.9,86.1,41.6,Beetles,Low,3,0
OBS-00247,2022-05-20,West_Region,Sandy,Cotton,18.8,80.8,41.1,Whiteflies,Medium,5,1
OBS-00248,2022-07-18,West_Region,Clay,Rice,12.7,37.3,49.1,Armyworms,Low,2,0
OBS-00249,2022-03-07,Central_Valley,Clay,Corn,21.0,42.0,25.2,Beetles,Low,0,0
OBS-00250,2023-03-24,North_Region,Loam,Tomato,28.0,45.5,37.7,Armyworms,Medium,4,1
OBS-00251,2023-01-17,West_Region,Silt,Soybean,11.8,37.9,0.3,Aphids,Low,1,0
OBS-00252,2023-07-28,Central_Valley,Loam,Barley,23.4,67.0,6.6,Armyworms,Low,1,0
OBS-00253,2023-03-01,West_Region,Loam,Tomato,29.7,42.7,9.8,Whiteflies,Medium,6,1
OBS-00254,2023-06-09,East_Region,Sandy,Tomato,34.0,90.0,28.4,Aphids,Medium,4,1
OBS-00255,2022-09-26,South_Region,Silt,Tomato,13.1,54.6,37.0,Beetles,Low,0,0
OBS-00256,2022-02-24,South_Region,Clay,Soybean,35.2,77.0,26.7,Armyworms,Medium,4,1
OBS-00257,2023-02-24,North_Region,Silt,Rice,32.1,39.5,35.8,Beetles,Low,2,0
OBS-00258,2023-10-08,North_Region,Silt,Tomato,16.1,55.7,34.5,Blight_Spores,Low,2,0
OBS-00259,2022-08-22,East_Region,Loam,Barley,14.3,47.4,22.9,Aphids,Low,0,0
OBS-00260,2022-05-14,East_Region,Silt,Rice,20.9,39.6,3.5,Whiteflies,Low,1,0
OBS-00261,2023-09-07,South_Region,Sandy,Rice,36.7,35.9,38.3,Whiteflies,Medium,5,1
OBS-00262,2022-02-25,East_Region,Loam,Tomato,26.5,71.4,45.3,Whiteflies,Medium,4,1
OBS-00263,2022-07-05,West_Region,Loam,Tomato,16.8,42.9,4.6,Whiteflies,Low,3,0
OBS-00264,2022-04-19,North_Region,Clay,Soybean,18.4,67.2,5.6,Whiteflies,Low,1,0
OBS-00265,2023-01-26,South_Region,Clay,Rice,17.1,46.1,27.1,Beetles,Low,0,0
OBS-00266,2023-10-27,East_Region,Silt,Barley,11.0,41.9,4.1,Armyworms,Low,1,0
OBS-00267,2022-04-17,West_Region,Loam,Barley,32.9,30.4,46.3,Blight_Spores,Medium,6,1
OBS-00268,2022-07-18,West_Region,Clay,Tomato,33.8,50.1,14.2,Blight_Spores,High,7,1
OBS-00269,2023-07-21,Central_Valley,Clay,Tomato,11.8,70.5,41.1,Blight_Spores,Low,3,0
OBS-00270,2023-08-13,West_Region,Loam,Rice,11.8,90.1,40.6,Whiteflies,Low,3,0
OBS-00271,2023-11-23,West_Region,Clay,Barley,27.9,35.3,28.0,Blight_Spores,Low,3,0
OBS-00272,2022-01-05,South_Region,Clay,Barley,16.0,85.7,22.0,Aphids,Low,0,0
OBS-00273,2023-10-01,Central_Valley,Sandy,Cotton,27.9,40.5,32.3,Blight_Spores,Medium,4,1
OBS-00274,2023-11-26,Central_Valley,Clay,Soybean,13.9,46.5,31.5,Blight_Spores,Low,0,0
OBS-00275,2022-05-31,North_Region,Loam,Corn,24.7,49.8,32.8,Blight_Spores,Low,1,0
OBS-00276,2023-06-09,West_Region,Loam,Wheat,32.3,54.7,25.4,Aphids,Low,1,0
OBS-00277,2022-08-15,Central_Valley,Clay,Barley,22.4,71.1,23.5,Blight_Spores,High,7,1
OBS-00278,2022-06-20,Central_Valley,Clay,Tomato,27.8,88.4,48.0,Beetles,Low,2,0
OBS-00279,2022-06-24,North_Region,Clay,Rice,28.0,69.3,32.8,Blight_Spores,Medium,4,1
OBS-00280,2022-01-04,South_Region,Silt,Rice,23.4,44.1,12.8,Blight_Spores,Low,1,0
OBS-00281,2022-08-20,West_Region,Clay,Rice,19.3,42.8,22.5,Armyworms,Low,0,0
OBS-00282,2023-06-03,North_Region,Clay,Rice,13.0,82.8,9.3,Beetles,Low,1,0
OBS-00283,2022-07-03,West_Region,Clay,Cotton,21.2,90.6,18.1,Armyworms,Low,3,0
OBS-00284,2023-01-31,East_Region,Loam,Corn,19.2,91.8,6.7,Beetles,Low,2,0
OBS-00285,2022-05-03,Central_Valley,Sandy,Rice,35.7,40.3,6.5,Blight_Spores,Medium,5,1
OBS-00286,2022-04-13,North_Region,Loam,Soybean,32.0,76.9,23.3,Whiteflies,Low,1,0
OBS-00287,2023-04-24,South_Region,Silt,Cotton,20.6,74.6,12.2,Blight_Spores,Medium,5,1
OBS-00288,2023-11-27,South_Region,Silt,Tomato,33.2,48.6,12.6,Armyworms,Medium,6,1
OBS-00289,2022-09-05,North_Region,Silt,Rice,30.7,77.9,21.0,Whiteflies,Low,1,0
OBS-00290,2022-01-06,North_Region,Loam,Barley,27.8,31.0,22.0,Blight_Spores,Medium,4,1
OBS-00291,2022-01-16,Central_Valley,Loam,Tomato,32.5,53.7,16.5,Blight_Spores,Medium,5,1
OBS-00292,2023-07-21,East_Region,Clay,Soybean,34.6,59.2,25.9,Blight_Spores,Low,2,0
OBS-00293,2023-11-03,East_Region,Loam,Tomato,24.4,59.3,5.7,Armyworms,Low,1,0
OBS-00294,2022-05-20,East_Region,Loam,Corn,37.9,55.9,34.6,Armyworms,Low,3,0
OBS-00295,2022-04-07,Central_Valley,Silt,Tomato,24.5,67.9,10.5,Blight_Spores,Low,1,0
OBS-00296,2023-07-22,South_Region,Clay,Cotton,19.5,64.9,17.6,Blight_Spores,Low,1,0
OBS-00297,2023-10-07,South_Region,Silt,Wheat,21.3,45.1,7.4,Blight_Spores,Low,0,0
OBS-00298,2022-04-14,South_Region,Silt,Rice,36.3,61.5,13.3,Whiteflies,Low,3,0
OBS-00299,2022-05-14,North_Region,Clay,Barley,17.4,91.8,30.3,Beetles,Low,3,0
OBS-00300,2022-12-06,North_Region,Silt,Wheat,38.0,65.7,38.3,Armyworms,Medium,5,1
OBS-00301,2022-11-20,Central_Valley,Sandy,Wheat,18.7,76.9,17.3,Beetles,Low,1,0
OBS-00302,2023-07-03,West_Region,Clay,Cotton,22.7,52.7,42.1,Whiteflies,Low,1,0
OBS-00303,2022-03-09,South_Region,Sandy,Tomato,18.1,67.0,18.2,Beetles,Low,2,0
OBS-00304,2023-09-01,East_Region,Clay,Tomato,11.9,49.7,46.9,Blight_Spores,Low,1,0
OBS-00305,2022-06-22,East_Region,Silt,Tomato,15.5,58.5,27.7,Aphids,Medium,5,1
OBS-00306,2022-10-16,East_Region,Clay,Wheat,16.2,83.0,12.9,Beetles,Low,1,0
OBS-00307,2023-02-25,Central_Valley,Silt,Wheat,34.2,55.2,41.9,Blight_Spores,Low,2,0
OBS-00308,2022-04-17,North_Region,Clay,Soybean,14.2,30.5,27.4,Armyworms,Low,2,0
OBS-00309,2022-05-30,South_Region,Sandy,Rice,21.5,82.3,6.5,Armyworms,Medium,4,1
OBS-00310,2022-05-10,Central_Valley,Sandy,Corn,29.9,75.9,39.4,Beetles,Medium,5,1
OBS-00311,2023-04-10,South_Region,Sandy,Barley,37.2,46.8,25.3,Aphids,Medium,6,1
OBS-00312,2022-03-18,North_Region,Sandy,Soybean,12.1,43.6,40.3,Blight_Spores,Low,0,0
OBS-00313,2022-08-07,East_Region,Sandy,Barley,16.8,58.9,19.0,Aphids,Low,2,0
OBS-00314,2022-05-20,Central_Valley,Clay,Soybean,38.6,43.2,11.2,Blight_Spores,Medium,5,1
OBS-00315,2022-06-28,East_Region,Loam,Barley,10.4,51.4,46.3,Armyworms,Low,0,0
OBS-00316,2022-01-05,West_Region,Clay,Tomato,15.3,78.7,11.7,Whiteflies,Low,2,0
OBS-00317,2023-06-30,Central_Valley,Loam,Corn,23.3,58.0,30.9,Armyworms,Low,1,0
OBS-00318,2023-11-13,West_Region,Sandy,Rice,16.6,30.4,15.3,Whiteflies,Low,0,0
OBS-00319,2023-11-20,South_Region,Loam,Tomato,10.4,72.9,36.1,Blight_Spores,Low,3,0
OBS-00320,2023-02-13,Central_Valley,Loam,Tomato,11.8,49.8,6.7,Whiteflies,Low,1,0
OBS-00321,2023-07-18,Central_Valley,Silt,Soybean,17.4,56.8,37.4,Blight_Spores,Low,0,0
OBS-00322,2023-05-12,East_Region,Clay,Wheat,25.9,76.9,25.6,Beetles,Low,3,0
OBS-00323,2022-02-06,Central_Valley,Clay,Barley,22.7,52.7,9.4,Aphids,Low,0,0
OBS-00324,2022-11-30,Central_Valley,Sandy,Soybean,26.9,85.3,13.3,Blight_Spores,Low,2,0
OBS-00325,2022-04-14,East_Region,Loam,Corn,14.2,70.6,3.6,Blight_Spores,Low,2,0
OBS-00326,2023-01-06,North_Region,Clay,Barley,28.3,92.3,17.6,Whiteflies,Low,3,0
OBS-00327,2022-05-31,South_Region,Clay,Rice,20.9,85.5,35.4,Blight_Spores,Low,2,0
OBS-00328,2023-04-25,Central_Valley,Sandy,Tomato,13.6,39.2,3.4,Beetles,Medium,4,1
OBS-00329,2022-04-15,South_Region,Sandy,Soybean,17.7,41.9,45.5,Whiteflies,Low,1,0
OBS-00330,2022-12-03,North_Region,Sandy,Rice,32.6,60.8,30.5,Whiteflies,Medium,4,1
OBS-00331,2022-08-12,South_Region,Sandy,Barley,16.8,68.2,30.7,Whiteflies,Low,0,0
OBS-00332,2023-09-25,Central_Valley,Loam,Rice,39.2,49.3,43.7,Blight_Spores,Low,0,0
OBS-00333,2022-09-21,East_Region,Silt,Rice,20.0,72.0,48.9,Aphids,Low,1,0
OBS-00334,2022-03-02,Central_Valley,Sandy,Cotton,35.0,56.7,12.5,Whiteflies,Low,1,0
OBS-00335,2023-06-11,West_Region,Sandy,Corn,24.0,69.1,34.6,Whiteflies,Low,0,0
OBS-00336,2022-11-13,West_Region,Silt,Corn,34.4,86.9,27.5,Beetles,High,7,1
OBS-00337,2023-05-25,South_Region,Loam,Barley,34.8,77.3,0.7,Blight_Spores,High,8,1
OBS-00338,2022-08-08,Central_Valley,Clay,Rice,33.9,44.1,21.6,Blight_Spores,Low,2,0
OBS-00339,2022-03-19,North_Region,Clay,Rice,27.8,80.8,6.8,Blight_Spores,Medium,5,1
OBS-00340,2022-08-19,West_Region,Loam,Barley,36.7,32.6,21.3,Aphids,Medium,4,1
OBS-00341,2022-05-15,South_Region,Sandy,Rice,30.6,82.4,41.5,Aphids,Low,0,0
OBS-00342,2022-08-26,West_Region,Silt,Rice,29.2,70.9,42.0,Armyworms,Low,3,0
OBS-00343,2023-01-19,West_Region,Silt,Corn,35.4,56.2,37.7,Whiteflies,Low,3,0
OBS-00344,2022-11-16,South_Region,Loam,Rice,30.1,76.3,38.6,Aphids,Low,3,0
OBS-00345,2022-09-22,North_Region,Loam,Corn,16.4,70.1,16.2,Beetles,Low,1,0
OBS-00346,2022-03-31,North_Region,Clay,Rice,15.2,80.0,5.6,Armyworms,Medium,4,1
OBS-00347,2023-07-23,South_Region,Silt,Soybean,27.5,77.7,31.4,Whiteflies,Medium,4,1
OBS-00348,2023-11-13,Central_Valley,Loam,Corn,21.6,83.0,18.4,Armyworms,Low,3,0
OBS-00349,2023-01-04,North_Region,Silt,Soybean,13.8,73.7,32.0,Aphids,Low,0,0
OBS-00350,2022-05-13,North_Region,Silt,Corn,11.4,50.9,31.7,Beetles,Low,3,0
OBS-00351,2022-02-02,Central_Valley,Silt,Barley,31.3,77.4,40.7,Blight_Spores,Medium,5,1
OBS-00352,2023-11-17,East_Region,Silt,Soybean,12.5,54.3,34.9,Blight_Spores,Low,0,0
OBS-00353,2023-02-21,South_Region,Loam,Tomato,38.1,55.9,41.4,Armyworms,Medium,6,1
OBS-00354,2023-07-04,West_Region,Clay,Barley,39.6,62.5,28.8,Whiteflies,Medium,5,1
OBS-00355,2023-01-13,North_Region,Clay,Cotton,19.6,88.7,26.9,Aphids,Low,2,0
OBS-00356,2022-12-06,Central_Valley,Sandy,Soybean,20.4,86.9,3.0,Aphids,Low,1,0
OBS-00357,2022-03-12,Central_Valley,Clay,Rice,29.6,46.3,19.9,Blight_Spores,Low,2,0
OBS-00358,2023-03-16,North_Region,Clay,Rice,34.7,46.9,4.2,Blight_Spores,Medium,4,1
OBS-00359,2023-04-26,East_Region,Silt,Barley,28.2,51.2,35.3,Whiteflies,Low,3,0
OBS-00360,2023-11-01,East_Region,Sandy,Soybean,37.2,70.6,43.0,Beetles,Low,2,0
OBS-00361,2022-12-14,West_Region,Sandy,Cotton,13.9,93.4,26.2,Beetles,Low,2,0
OBS-00362,2022-06-06,South_Region,Clay,Soybean,17.2,54.0,0.2,Beetles,Low,0,0
OBS-00363,2022-04-10,Central_Valley,Silt,Cotton,32.1,34.2,16.0,Whiteflies,Medium,4,1
OBS-00364,2023-11-15,North_Region,Clay,Soybean,34.6,56.0,9.4,Beetles,Low,3,0
OBS-00365,2023-07-29,Central_Valley,Clay,Barley,39.9,94.5,47.2,Whiteflies,Low,2,0
OBS-00366,2023-08-26,Central_Valley,Sandy,Wheat,32.5,63.0,12.1,Aphids,Medium,4,1
OBS-00367,2023-02-21,North_Region,Clay,Rice,19.1,52.9,46.3,Blight_Spores,Low,2,0
OBS-00368,2022-10-13,South_Region,Silt,Rice,18.6,57.6,27.2,Beetles,Low,0,0
OBS-00369,2023-11-18,East_Region,Loam,Barley,37.1,51.0,25.3,Armyworms,Medium,5,1
OBS-00370,2022-11-27,Central_Valley,Clay,Corn,39.4,77.5,33.4,Whiteflies,Medium,6,1
OBS-00371,2023-06-06,North_Region,Sandy,Corn,22.2,43.5,42.9,Whiteflies,Low,3,0
OBS-00372,2023-09-08,North_Region,Sandy,Tomato,33.6,81.4,21.8,Beetles,Medium,5,1
OBS-00373,2022-03-31,South_Region,Loam,Wheat,19.7,87.4,17.6,Armyworms,Low,2,0
OBS-00374,2023-01-15,Central_Valley,Sandy,Wheat,35.6,84.9,19.7,Blight_Spores,Low,3,0
OBS-00375,2022-07-01,North_Region,Loam,Cotton,22.6,43.1,1.3,Blight_Spores,Low,1,0
OBS-00376,2022-06-28,North_Region,Clay,Wheat,24.6,78.7,49.5,Beetles,Low,0,0
OBS-00377,2023-10-14,South_Region,Silt,Tomato,36.6,71.3,34.9,Armyworms,Medium,4,1
OBS-00378,2023-08-08,East_Region,Sandy,Corn,18.8,32.9,35.9,Beetles,Low,1,0
OBS-00379,2023-11-21,North_Region,Silt,Tomato,18.1,85.6,9.8,Armyworms,Medium,4,1
OBS-00380,2023-05-11,East_Region,Loam,Corn,18.9,49.2,39.2,Armyworms,Low,1,0
OBS-00381,2022-10-21,East_Region,Clay,Tomato,34.6,50.7,30.5,Armyworms,Low,2,0
OBS-00382,2023-05-22,North_Region,Sandy,Rice,21.6,36.2,37.2,Beetles,Low,1,0
OBS-00383,2022-06-08,North_Region,Loam,Barley,35.8,33.7,42.3,Blight_Spores,Low,3,0
OBS-00384,2023-06-19,Central_Valley,Loam,Barley,33.3,62.7,45.3,Beetles,Low,3,0
OBS-00385,2022-05-16,West_Region,Clay,Corn,14.4,73.5,43.0,Beetles,Low,0,0
OBS-00386,2022-12-07,North_Region,Loam,Corn,23.1,82.8,16.7,Aphids,Low,3,0
OBS-00387,2022-08-22,South_Region,Silt,Corn,38.7,57.6,11.2,Aphids,Low,2,0
OBS-00388,2023-08-30,South_Region,Loam,Soybean,26.4,75.9,6.6,Armyworms,Low,2,0
OBS-00389,2022-05-17,North_Region,Loam,Wheat,31.6,76.7,24.0,Armyworms,Low,2,0
OBS-00390,2023-02-14,East_Region,Clay,Rice,23.5,90.9,29.5,Beetles,Low,0,0
OBS-00391,2022-10-14,North_Region,Clay,Barley,15.1,91.9,35.0,Aphids,Low,1,0
OBS-00392,2023-02-27,Central_Valley,Loam,Rice,25.0,93.9,27.7,Aphids,Low,1,0
OBS-00393,2023-02-20,East_Region,Silt,Cotton,22.3,85.1,36.7,Aphids,Medium,4,1
OBS-00394,2023-09-04,Central_Valley,Sandy,Corn,10.5,66.1,48.5,Aphids,Low,1,0
OBS-00395,2022-06-11,Central_Valley,Silt,Barley,15.8,60.5,19.4,Armyworms,Low,2,0
OBS-00396,2023-06-23,North_Region,Sandy,Wheat,34.9,44.9,13.4,Blight_Spores,Low,1,0
OBS-00397,2022-10-15,Central_Valley,Loam,Wheat,18.3,81.6,48.4,Whiteflies,Medium,4,1
OBS-00398,2023-09-13,North_Region,Silt,Corn,10.5,56.8,19.2,Armyworms,Low,1,0
OBS-00399,2022-06-09,East_Region,Silt,Soybean,26.7,78.8,13.9,Aphids,Low,3,0
OBS-00400,2022-07-17,North_Region,Loam,Wheat,17.1,60.3,8.4,Aphids,Low,0,0
OBS-00401,2022-11-07,West_Region,Loam,Wheat,31.1,33.5,42.1,Armyworms,Low,1,0
OBS-00402,2023-09-17,West_Region,Clay,Corn,20.5,88.1,2.8,Armyworms,Low,3,0
OBS-00403,2023-03-10,East_Region,Clay,Barley,28.0,37.4,10.0,Blight_Spores,Low,3,0
OBS-00404,2022-02-18,Central_Valley,Silt,Barley,32.8,74.7,8.9,Whiteflies,High,7,1
OBS-00405,2023-06-20,North_Region,Loam,Cotton,21.8,87.1,8.3,Blight_Spores,Low,3,0
OBS-00406,2022-05-04,West_Region,Sandy,Tomato,20.7,68.6,15.0,Whiteflies,Low,2,0
OBS-00407,2022-07-18,East_Region,Sandy,Cotton,22.4,62.0,27.1,Aphids,Low,0,0
OBS-00408,2022-03-09,South_Region,Loam,Rice,27.4,44.6,7.1,Beetles,Medium,4,1
OBS-00409,2023-01-28,East_Region,Silt,Cotton,36.6,90.2,16.7,Whiteflies,Medium,5,1
OBS-00410,2023-01-11,West_Region,Loam,Tomato,19.2,39.3,22.4,Armyworms,Low,2,0
OBS-00411,2022-10-10,East_Region,Silt,Rice,17.9,48.0,48.5,Armyworms,Low,0,0
OBS-00412,2022-01-14,Central_Valley,Silt,Rice,12.1,91.3,45.5,Whiteflies,Medium,4,1
OBS-00413,2022-04-07,Central_Valley,Sandy,Cotton,27.7,84.5,38.8,Aphids,Low,2,0
OBS-00414,2023-01-26,North_Region,Silt,Soybean,27.5,87.4,37.8,Beetles,Low,3,0
OBS-00415,2022-05-04,East_Region,Sandy,Soybean,18.9,50.2,38.3,Armyworms,Low,0,0
OBS-00416,2023-09-07,South_Region,Loam,Rice,22.8,86.3,47.4,Whiteflies,Low,0,0
OBS-00417,2023-06-16,North_Region,Clay,Barley,38.9,33.5,34.3,Whiteflies,Low,2,0
OBS-00418,2023-03-08,North_Region,Clay,Rice,32.3,59.6,25.7,Blight_Spores,Low,3,0
OBS-00419,2023-08-13,Central_Valley,Sandy,Soybean,19.8,71.9,26.5,Armyworms,Low,0,0
OBS-00420,2022-04-08,West_Region,Sandy,Corn,26.6,63.7,17.7,Armyworms,Low,2,0
OBS-00421,2023-06-02,Central_Valley,Silt,Barley,11.3,75.1,6.2,Beetles,Low,0,0
OBS-00422,2022-03-01,West_Region,Silt,Tomato,13.8,30.1,28.8,Aphids,Low,1,0
OBS-00423,2022-09-13,Central_Valley,Silt,Wheat,17.1,72.8,40.7,Aphids,Medium,4,1
OBS-00424,2023-04-10,East_Region,Sandy,Corn,39.5,39.2,46.4,Beetles,Low,3,0
OBS-00425,2022-03-09,East_Region,Sandy,Rice,28.6,46.0,20.7,Blight_Spores,Low,2,0
OBS-00426,2023-06-15,East_Region,Loam,Rice,32.1,63.8,31.3,Armyworms,Medium,4,1
OBS-00427,2022-01-25,West_Region,Clay,Wheat,37.5,85.8,22.4,Aphids,Medium,5,1
OBS-00428,2022-03-14,South_Region,Silt,Tomato,10.8,77.3,11.6,Blight_Spores,Medium,5,1
OBS-00429,2022-03-29,South_Region,Sandy,Cotton,19.9,59.0,15.1,Aphids,Low,0,0
OBS-00430,2022-12-26,East_Region,Silt,Barley,38.7,45.6,32.8,Armyworms,Low,3,0
OBS-00431,2023-06-05,South_Region,Sandy,Cotton,10.8,60.1,15.0,Armyworms,Low,1,0
OBS-00432,2022-05-05,Central_Valley,Sandy,Cotton,39.3,35.8,22.7,Whiteflies,Medium,4,1
OBS-00433,2022-08-30,Central_Valley,Silt,Soybean,28.2,74.5,3.8,Armyworms,Medium,4,1
OBS-00434,2022-01-25,West_Region,Sandy,Tomato,28.2,80.3,7.3,Armyworms,Medium,4,1
OBS-00435,2023-07-19,North_Region,Loam,Rice,36.1,66.5,14.2,Armyworms,Medium,6,1
OBS-00436,2022-09-16,North_Region,Silt,Wheat,19.6,89.0,25.4,Armyworms,Medium,5,1
OBS-00437,2022-10-19,North_Region,Loam,Wheat,17.7,49.0,23.5,Blight_Spores,Low,0,0
OBS-00438,2022-06-09,East_Region,Sandy,Soybean,12.1,66.4,25.2,Armyworms,Low,1,0
OBS-00439,2023-06-07,East_Region,Silt,Barley,32.7,51.2,37.6,Beetles,Low,3,0
OBS-00440,2023-05-11,West_Region,Sandy,Corn,37.3,58.6,7.5,Whiteflies,Low,2,0
OBS-00441,2022-09-01,North_Region,Silt,Cotton,36.5,89.8,16.6,Whiteflies,High,10,1
OBS-00442,2022-09-08,Central_Valley,Loam,Corn,30.3,50.5,49.2,Whiteflies,Low,0,0
OBS-00443,2022-09-29,South_Region,Silt,Barley,26.0,45.4,8.2,Whiteflies,Low,1,0
OBS-00444,2022-08-07,East_Region,Loam,Rice,38.3,77.0,47.0,Armyworms,Medium,4,1
OBS-00445,2023-02-14,South_Region,Sandy,Tomato,18.3,94.8,10.3,Blight_Spores,Low,3,0
OBS-00446,2022-03-22,Central_Valley,Loam,Soybean,35.3,38.3,23.5,Blight_Spores,Medium,4,1
OBS-00447,2023-10-25,West_Region,Loam,Rice,32.9,64.9,18.5,Aphids,Medium,5,1
OBS-00448,2022-11-20,South_Region,Clay,Corn,38.5,56.4,44.4,Armyworms,Medium,6,1
OBS-00449,2023-10-01,West_Region,Sandy,Corn,15.6,86.8,1.7,Beetles,Low,0,0
OBS-00450,2023-03-01,West_Region,Clay,Wheat,28.7,71.4,1.5,Whiteflies,High,7,1
OBS-00451,2022-04-04,East_Region,Sandy,Rice,25.7,42.2,8.3,Aphids,Low,2,0
OBS-00452,2023-07-15,West_Region,Clay,Soybean,11.8,61.3,29.6,Blight_Spores,Low,0,0
OBS-00453,2023-06-24,South_Region,Loam,Rice,12.8,64.7,24.3,Beetles,Low,1,0
OBS-00454,2023-01-05,South_Region,Silt,Corn,33.7,37.3,34.4,Beetles,Medium,4,1
OBS-00455,2023-01-03,South_Region,Loam,Barley,16.7,43.1,40.9,Blight_Spores,Low,0,0
OBS-00456,2022-11-27,South_Region,Silt,Tomato,17.1,50.8,32.9,Aphids,Low,1,0
OBS-00457,2023-04-18,West_Region,Silt,Soybean,24.2,79.9,1.1,Aphids,Low,0,0
OBS-00458,2022-01-23,North_Region,Loam,Corn,12.9,52.3,33.7,Blight_Spores,Low,1,0
OBS-00459,2022-06-30,South_Region,Loam,Rice,31.7,53.7,39.4,Aphids,Low,3,0
OBS-00460,2023-02-17,Central_Valley,Sandy,Barley,28.8,56.2,13.6,Aphids,Medium,5,1
OBS-00461,2023-12-02,East_Region,Clay,Soybean,36.1,62.7,25.6,Beetles,Low,3,0
OBS-00462,2022-04-11,West_Region,Silt,Wheat,24.5,38.0,2.1,Whiteflies,Low,1,0
OBS-00463,2022-12-01,West_Region,Sandy,Wheat,36.6,79.0,45.6,Whiteflies,Low,2,0
OBS-00464,2023-03-30,North_Region,Sandy,Barley,12.7,65.1,10.6,Blight_Spores,Low,0,0
OBS-00465,2022-02-14,East_Region,Loam,Wheat,16.3,53.1,35.5,Beetles,Low,0,0
OBS-00466,2023-02-14,North_Region,Loam,Rice,20.8,69.5,9.5,Whiteflies,Low,0,0
OBS-00467,2023-08-10,Central_Valley,Sandy,Corn,35.1,90.9,5.4,Armyworms,Low,2,0
OBS-00468,2023-03-25,West_Region,Loam,Rice,29.1,48.8,24.5,Armyworms,Medium,4,1
OBS-00469,2023-08-01,North_Region,Silt,Corn,26.1,62.7,12.3,Beetles,Low,3,0
OBS-00470,2023-10-16,East_Region,Silt,Barley,28.7,64.8,24.5,Armyworms,Low,2,0
OBS-00471,2023-11-29,West_Region,Silt,Barley,25.9,63.1,36.8,Beetles,Low,3,0
OBS-00472,2023-01-07,Central_Valley,Clay,Tomato,16.0,61.4,23.6,Aphids,Low,0,0
OBS-00473,2022-06-18,East_Region,Clay,Cotton,10.8,80.0,30.7,Whiteflies,Low,1,0
OBS-00474,2023-03-15,Central_Valley,Silt,Wheat,25.3,82.6,46.8,Whiteflies,Medium,4,1
OBS-00475,2023-06-15,Central_Valley,Silt,Corn,11.8,38.6,5.8,Beetles,Low,3,0
OBS-00476,2022-05-29,North_Region,Loam,Corn,19.4,88.4,1.2,Aphids,Low,2,0
OBS-00477,2022-01-09,North_Region,Clay,Soybean,27.8,45.5,18.3,Armyworms,Low,1,0
OBS-00478,2023-02-27,South_Region,Loam,Cotton,23.9,61.2,22.7,Aphids,Low,2,0
OBS-00479,2022-12-18,South_Region,Clay,Tomato,14.1,63.0,30.1,Armyworms,Low,3,0
OBS-00480,2023-10-21,North_Region,Sandy,Barley,32.4,38.5,11.5,Armyworms,Low,2,0
OBS-00481,2022-04-29,North_Region,Loam,Rice,20.3,94.2,38.0,Beetles,Low,2,0
OBS-00482,2023-09-28,East_Region,Clay,Corn,20.5,83.9,2.9,Blight_Spores,Medium,6,1
OBS-00483,2023-03-31,West_Region,Loam,Rice,23.3,95.0,15.2,Whiteflies,Medium,4,1
OBS-00484,2023-09-02,East_Region,Clay,Cotton,18.0,36.9,41.2,Beetles,Low,1,0
OBS-00485,2022-12-16,South_Region,Clay,Barley,12.2,84.4,38.1,Whiteflies,Low,1,0
OBS-00486,2022-10-05,East_Region,Clay,Soybean,25.5,84.8,23.9,Beetles,Low,3,0
OBS-00487,2023-03-23,Central_Valley,Sandy,Corn,21.1,32.1,10.0,Blight_Spores,Low,1,0
OBS-00488,2022-01-05,West_Region,Clay,Corn,10.7,50.4,19.4,Beetles,Low,1,0
OBS-00489,2022-10-02,Central_Valley,Silt,Tomato,22.0,72.4,31.3,Whiteflies,Low,3,0
OBS-00490,2022-06-21,East_Region,Silt,Wheat,27.1,59.9,22.4,Whiteflies,Low,2,0
OBS-00491,2022-08-27,East_Region,Silt,Soybean,27.9,39.9,13.7,Whiteflies,Low,2,0
OBS-00492,2023-01-26,Central_Valley,Loam,Wheat,20.3,53.3,1.4,Whiteflies,Low,0,0
OBS-00493,2022-04-10,North_Region,Clay,Wheat,25.0,47.2,11.4,Whiteflies,Low,1,0
OBS-00494,2023-06-22,West_Region,Loam,Wheat,32.1,65.4,46.7,Whiteflies,Low,3,0
OBS-00495,2023-01-13,Central_Valley,Clay,Soybean,26.6,56.5,44.4,Whiteflies,Low,3,0
OBS-00496,2023-06-14,West_Region,Loam,Barley,21.5,50.0,10.1,Blight_Spores,Low,1,0
OBS-00497,2022-03-29,North_Region,Loam,Tomato,27.3,35.3,4.2,Blight_Spores,Medium,4,1
OBS-00498,2022-06-13,South_Region,Clay,Rice,28.4,62.8,46.9,Blight_Spores,Low,2,0
OBS-00499,2022-10-28,South_Region,Clay,Wheat,28.3,34.5,14.0,Whiteflies,Low,1,0
OBS-00500,2022-06-19,West_Region,Loam,Soybean,32.1,61.3,43.0,Whiteflies,Low,2,0
OBS-00501,2022-10-15,East_Region,Sandy,Cotton,23.9,76.8,48.1,Beetles,Low,2,0
OBS-00502,2022-03-23,East_Region,Clay,Cotton,18.2,59.3,28.2,Blight_Spores,Low,0,0
OBS-00503,2023-02-24,West_Region,Silt,Wheat,13.1,35.8,35.1,Beetles,Low,1,0
OBS-00504,2022-08-06,Central_Valley,Silt,Tomato,29.4,63.5,25.2,Beetles,Low,2,0
OBS-00505,2023-06-27,Central_Valley,Sandy,Tomato,24.6,73.8,14.0,Armyworms,Low,3,0
OBS-00506,2022-10-24,North_Region,Loam,Corn,25.1,71.4,25.3,Beetles,Medium,4,1
OBS-00507,2023-11-03,North_Region,Clay,Wheat,33.0,60.1,49.5,Aphids,Medium,4,1
OBS-00508,2023-11-07,East_Region,Sandy,Corn,10.6,34.6,45.5,Aphids,Low,0,0
OBS-00509,2022-12-10,North_Region,Sandy,Barley,25.6,84.6,47.0,Beetles,Low,2,0
OBS-00510,2023-08-14,Central_Valley,Silt,Soybean,36.3,49.7,24.5,Armyworms,Low,1,0
OBS-00511,2022-12-26,West_Region,Sandy,Rice,34.8,49.5,11.7,Armyworms,Low,3,0
OBS-00512,2023-05-23,West_Region,Sandy,Wheat,20.3,55.2,26.8,Beetles,Low,2,0
OBS-00513,2022-09-02,South_Region,Loam,Soybean,16.2,62.4,23.8,Whiteflies,Low,0,0
OBS-00514,2022-02-04,Central_Valley,Loam,Corn,33.8,58.6,7.6,Whiteflies,Low,1,0
OBS-00515,2023-08-05,South_Region,Loam,Cotton,32.6,65.5,29.9,Blight_Spores,Low,2,0
OBS-00516,2022-11-11,South_Region,Loam,Corn,20.6,66.1,4.9,Whiteflies,Low,3,0
OBS-00517,2022-02-24,West_Region,Silt,Rice,35.1,38.2,12.5,Blight_Spores,Medium,4,1
OBS-00518,2023-01-14,Central_Valley,Clay,Soybean,39.0,31.1,18.8,Blight_Spores,Low,2,0
OBS-00519,2022-09-16,East_Region,Clay,Barley,23.4,76.9,48.4,Blight_Spores,Low,3,0
OBS-00520,2023-09-07,West_Region,Sandy,Tomato,34.5,36.4,48.3,Whiteflies,High,10,1
OBS-00521,2023-04-24,West_Region,Clay,Tomato,27.9,93.2,28.3,Armyworms,Low,3,0
OBS-00522,2022-04-18,North_Region,Silt,Cotton,26.9,94.1,38.1,Aphids,Medium,5,1
OBS-00523,2022-10-22,East_Region,Silt,Soybean,14.3,87.7,39.0,Armyworms,Low,3,0
OBS-00524,2023-10-11,Central_Valley,Silt,Wheat,38.9,55.8,23.6,Whiteflies,Low,3,0
OBS-00525,2023-08-16,Central_Valley,Sandy,Wheat,29.0,86.5,10.6,Armyworms,Medium,5,1
OBS-00526,2023-10-05,East_Region,Loam,Corn,21.5,65.1,0.3,Blight_Spores,Low,2,0
OBS-00527,2023-10-20,North_Region,Sandy,Cotton,21.1,76.0,6.4,Whiteflies,Low,0,0
OBS-00528,2022-12-18,West_Region,Clay,Corn,29.3,32.8,44.7,Beetles,Low,3,0
OBS-00529,2023-10-31,East_Region,Clay,Rice,32.8,85.9,6.8,Beetles,Medium,4,1
OBS-00530,2023-09-09,Central_Valley,Silt,Cotton,15.9,65.0,12.7,Armyworms,Low,3,0
OBS-00531,2022-05-07,North_Region,Loam,Tomato,29.0,37.0,24.1,Aphids,Low,3,0
OBS-00532,2023-07-26,West_Region,Silt,Rice,26.9,73.6,6.5,Armyworms,Medium,6,1
OBS-00533,2022-11-03,West_Region,Silt,Rice,20.9,35.2,48.8,Whiteflies,Low,0,0
OBS-00534,2022-12-31,East_Region,Silt,Rice,36.5,60.0,46.5,Armyworms,Low,2,0
OBS-00535,2023-11-09,South_Region,Sandy,Soybean,29.1,68.6,34.5,Aphids,Low,3,0
OBS-00536,2022-02-06,East_Region,Clay,Corn,24.4,61.2,47.2,Aphids,Low,2,0
OBS-00537,2023-11-14,North_Region,Sandy,Corn,20.4,62.1,1.9,Aphids,Medium,4,1
OBS-00538,2022-01-11,North_Region,Sandy,Rice,31.8,33.5,25.9,Whiteflies,Low,3,0
OBS-00539,2023-02-17,South_Region,Clay,Soybean,21.5,90.3,19.7,Blight_Spores,Low,2,0
OBS-00540,2023-08-18,Central_Valley,Silt,Barley,13.2,35.0,8.4,Armyworms,Low,1,0
OBS-00541,2023-10-17,West_Region,Clay,Wheat,11.5,67.8,25.8,Beetles,Low,0,0
OBS-00542,2022-10-24,South_Region,Silt,Cotton,13.3,76.6,23.8,Whiteflies,Low,0,0
OBS-00543,2022-07-19,South_Region,Silt,Soybean,34.1,53.2,45.6,Whiteflies,Low,1,0
OBS-00544,2022-01-11,East_Region,Loam,Soybean,35.2,81.8,7.6,Blight_Spores,High,9,1
OBS-00545,2023-10-12,South_Region,Loam,Wheat,13.1,30.8,4.6,Armyworms,Low,0,0
OBS-00546,2023-10-14,East_Region,Sandy,Rice,29.4,73.3,44.8,Aphids,Low,3,0
OBS-00547,2022-04-28,North_Region,Silt,Rice,35.9,65.3,14.1,Blight_Spores,High,7,1
OBS-00548,2023-03-19,East_Region,Loam,Wheat,18.2,47.4,44.3,Beetles,Low,0,0
OBS-00549,2023-02-01,East_Region,Sandy,Cotton,10.3,35.3,11.1,Beetles,Low,1,0
OBS-00550,2022-04-13,East_Region,Silt,Soybean,27.4,46.0,41.5,Beetles,Medium,4,1
OBS-00551,2022-04-15,East_Region,Sandy,Corn,12.6,63.1,43.2,Whiteflies,Low,2,0
OBS-00552,2022-03-01,North_Region,Clay,Barley,16.3,79.9,10.9,Aphids,Low,1,0
OBS-00553,2023-07-18,North_Region,Loam,Soybean,36.3,83.7,48.1,Armyworms,Low,3,0
OBS-00554,2023-07-25,Central_Valley,Sandy,Barley,19.7,45.0,38.9,Armyworms,Low,2,0
OBS-00555,2022-01-28,North_Region,Clay,Soybean,23.4,57.6,37.1,Armyworms,Low,0,0
OBS-00556,2023-03-30,North_Region,Sandy,Barley,14.1,78.0,18.0,Blight_Spores,Low,3,0
OBS-00557,2022-11-27,South_Region,Clay,Tomato,25.2,49.0,9.9,Beetles,Medium,5,1
OBS-00558,2022-11-27,South_Region,Sandy,Cotton,22.1,68.2,30.6,Armyworms,Low,3,0
OBS-00559,2022-06-30,East_Region,Loam,Tomato,29.1,42.7,26.7,Beetles,Low,1,0
OBS-00560,2022-08-24,Central_Valley,Sandy,Tomato,14.9,68.8,14.4,Aphids,Medium,4,1
OBS-00561,2022-08-26,East_Region,Silt,Tomato,30.1,43.6,34.7,Aphids,Low,1,0
OBS-00562,2023-04-13,North_Region,Clay,Cotton,28.0,72.6,47.7,Beetles,Medium,5,1
OBS-00563,2023-02-02,West_Region,Clay,Corn,35.7,69.7,16.8,Aphids,Medium,4,1
OBS-00564,2023-02-21,South_Region,Silt,Wheat,12.8,52.0,35.1,Beetles,Low,1,0
OBS-00565,2023-04-27,West_Region,Loam,Barley,23.2,44.0,19.4,Whiteflies,Low,1,0
OBS-00566,2022-03-31,West_Region,Loam,Soybean,14.5,87.1,21.5,Blight_Spores,Low,1,0
OBS-00567,2023-08-16,South_Region,Clay,Tomato,25.8,45.4,31.7,Beetles,Medium,5,1
OBS-00568,2022-10-22,Central_Valley,Clay,Corn,36.4,39.3,16.1,Beetles,Medium,5,1
OBS-00569,2023-06-22,South_Region,Silt,Cotton,35.7,63.5,43.5,Aphids,Low,3,0
OBS-00570,2023-06-12,East_Region,Clay,Tomato,22.4,46.4,18.5,Aphids,Low,2,0
OBS-00571,2023-11-25,East_Region,Clay,Tomato,37.2,71.8,11.1,Armyworms,Medium,5,1
OBS-00572,2022-04-04,West_Region,Loam,Tomato,32.5,74.5,40.2,Armyworms,High,10,1
OBS-00573,2023-01-28,West_Region,Clay,Soybean,17.1,62.5,25.4,Aphids,Low,1,0
OBS-00574,2023-05-16,Central_Valley,Clay,Cotton,25.6,31.6,20.8,Blight_Spores,Low,3,0
OBS-00575,2022-06-29,North_Region,Sandy,Barley,16.5,30.4,20.1,Armyworms,Low,0,0
OBS-00576,2022-01-21,South_Region,Clay,Barley,25.7,40.5,20.6,Beetles,Low,3,0
OBS-00577,2022-06-14,Central_Valley,Clay,Wheat,23.8,86.0,24.0,Beetles,Low,1,0
OBS-00578,2023-11-03,Central_Valley,Loam,Rice,33.5,60.7,49.2,Armyworms,Low,2,0
OBS-00579,2023-03-28,South_Region,Silt,Rice,25.6,35.7,7.7,Whiteflies,Medium,4,1
OBS-00580,2023-09-16,West_Region,Silt,Rice,20.4,50.3,14.1,Whiteflies,Low,1,0
OBS-00581,2023-02-27,North_Region,Sandy,Rice,18.6,65.9,2.8,Armyworms,Low,1,0
OBS-00582,2023-06-09,South_Region,Sandy,Soybean,14.9,44.9,20.7,Beetles,Low,0,0
OBS-00583,2022-03-14,Central_Valley,Loam,Cotton,23.5,84.9,45.9,Beetles,Low,3,0
OBS-00584,2022-11-25,East_Region,Sandy,Soybean,15.8,46.6,10.2,Blight_Spores,Low,0,0
OBS-00585,2022-05-04,Central_Valley,Silt,Barley,24.5,33.5,25.0,Beetles,Low,0,0
OBS-00586,2022-12-21,Central_Valley,Silt,Barley,28.4,80.8,35.7,Whiteflies,Low,2,0
OBS-00587,2022-10-23,West_Region,Sandy,Wheat,32.7,89.6,1.4,Blight_Spores,Low,3,0
OBS-00588,2023-08-18,North_Region,Clay,Cotton,28.4,56.4,30.3,Beetles,Low,2,0
OBS-00589,2022-08-26,North_Region,Silt,Cotton,16.2,47.8,23.5,Armyworms,Medium,4,1
OBS-00590,2022-05-03,East_Region,Silt,Soybean,21.7,68.6,24.8,Blight_Spores,Low,0,0
OBS-00591,2022-02-17,West_Region,Sandy,Wheat,28.4,61.6,13.2,Armyworms,Low,2,0
OBS-00592,2023-02-10,East_Region,Clay,Tomato,20.9,55.7,11.0,Beetles,Low,3,0
OBS-00593,2023-05-05,North_Region,Clay,Cotton,21.8,32.8,22.2,Aphids,Low,1,0
OBS-00594,2022-09-15,South_Region,Sandy,Cotton,37.6,40.3,15.6,Blight_Spores,Medium,4,1
OBS-00595,2023-06-16,North_Region,Clay,Wheat,20.9,74.1,16.9,Whiteflies,Medium,4,1
OBS-00596,2022-06-08,East_Region,Silt,Cotton,38.3,51.6,13.5,Beetles,Medium,6,1
OBS-00597,2022-04-30,Central_Valley,Clay,Wheat,17.7,70.2,6.4,Beetles,Low,2,0
OBS-00598,2023-08-01,East_Region,Sandy,Corn,23.0,32.1,42.5,Beetles,Low,1,0
OBS-00599,2023-08-12,West_Region,Loam,Rice,10.4,71.1,19.2,Blight_Spores,Low,0,0
OBS-00600,2022-11-11,West_Region,Loam,Barley,11.7,34.2,11.4,Beetles,Low,2,0
OBS-00601,2022-02-23,South_Region,Loam,Barley,20.3,94.3,15.7,Blight_Spores,Low,2,0
OBS-00602,2022-11-02,West_Region,Clay,Wheat,25.8,81.9,13.0,Whiteflies,Medium,4,1
OBS-00603,2022-07-07,North_Region,Sandy,Soybean,28.0,46.2,25.2,Whiteflies,Low,3,0
OBS-00604,2023-07-21,North_Region,Clay,Rice,19.8,82.4,31.9,Whiteflies,Low,2,0
OBS-00605,2023-01-01,South_Region,Silt,Corn,34.1,34.7,28.1,Armyworms,Low,2,0
OBS-00606,2023-09-26,Central_Valley,Sandy,Soybean,31.3,30.3,32.0,Armyworms,Low,1,0
OBS-00607,2023-06-09,Central_Valley,Sandy,Soybean,36.9,36.6,20.6,Beetles,Low,1,0
OBS-00608,2022-10-21,South_Region,Sandy,Barley,32.8,63.9,37.0,Beetles,Medium,5,1
OBS-00609,2023-01-25,West_Region,Clay,Barley,38.2,51.8,47.2,Aphids,Low,2,0
OBS-00610,2023-12-02,Central_Valley,Silt,Barley,39.0,58.1,49.6,Whiteflies,Medium,4,1
OBS-00611,2023-02-03,Central_Valley,Loam,Soybean,20.9,34.0,43.1,Blight_Spores,Low,0,0
OBS-00612,2023-04-25,West_Region,Clay,Tomato,21.6,79.8,20.8,Beetles,Medium,4,1
OBS-00613,2022-07-06,South_Region,Loam,Barley,39.3,77.2,3.9,Armyworms,Low,2,0
OBS-00614,2023-07-02,West_Region,Clay,Tomato,13.4,48.1,45.7,Aphids,Low,2,0
OBS-00615,2023-05-05,Central_Valley,Sandy,Rice,19.1,56.0,42.4,Beetles,Low,0,0
OBS-00616,2023-03-23,North_Region,Sandy,Cotton,21.6,46.5,10.0,Aphids,Low,1,0
OBS-00617,2022-04-30,East_Region,Clay,Wheat,33.5,79.7,46.6,Armyworms,Low,3,0
OBS-00618,2023-06-14,South_Region,Sandy,Wheat,29.2,70.2,29.0,Beetles,Low,2,0
OBS-00619,2022-01-15,Central_Valley,Silt,Barley,32.9,53.1,8.6,Aphids,Medium,4,1
OBS-00620,2022-01-07,Central_Valley,Loam,Tomato,16.1,87.9,26.4,Whiteflies,Medium,5,1
OBS-00621,2023-05-07,North_Region,Silt,Soybean,31.4,50.1,12.4,Blight_Spores,Low,3,0
OBS-00622,2022-11-06,South_Region,Loam,Rice,17.6,76.4,10.5,Blight_Spores,Low,0,0
OBS-00623,2023-05-27,East_Region,Loam,Rice,30.2,47.2,26.1,Armyworms,Low,1,0
OBS-00624,2023-04-09,Central_Valley,Clay,Tomato,16.0,35.1,21.2,Blight_Spores,Medium,5,1
OBS-00625,2023-11-12,East_Region,Clay,Soybean,12.1,94.4,8.1,Whiteflies,Low,2,0
OBS-00626,2023-09-03,North_Region,Sandy,Corn,26.7,56.7,36.2,Armyworms,Low,1,0
OBS-00627,2022-06-29,Central_Valley,Silt,Wheat,12.9,81.6,16.5,Beetles,Low,2,0
OBS-00628,2023-05-14,West_Region,Silt,Soybean,21.1,80.6,49.5,Whiteflies,Low,0,0
OBS-00629,2023-04-17,East_Region,Loam,Wheat,17.2,43.7,14.4,Whiteflies,Low,1,0
OBS-00630,2022-03-27,North_Region,Clay,Barley,11.0,46.2,36.2,Whiteflies,Low,0,0
OBS-00631,2022-06-12,Central_Valley,Loam,Wheat,30.8,86.3,42.3,Aphids,Medium,6,1
OBS-00632,2023-08-29,East_Region,Loam,Wheat,29.9,45.9,23.1,Beetles,Low,3,0
OBS-00633,2023-07-11,Central_Valley,Silt,Wheat,30.1,86.9,29.1,Armyworms,High,7,1
OBS-00634,2022-02-11,West_Region,Clay,Soybean,29.4,77.1,15.0,Armyworms,Medium,4,1
OBS-00635,2022-06-07,South_Region,Silt,Barley,17.9,47.4,12.4,Aphids,Low,0,0
OBS-00636,2022-06-27,Central_Valley,Clay,Barley,39.8,79.5,4.2,Beetles,Low,2,0
OBS-00637,2023-11-28,East_Region,Clay,Cotton,31.7,64.9,2.8,Blight_Spores,Low,3,0
OBS-00638,2023-04-11,Central_Valley,Clay,Barley,28.4,50.0,23.8,Whiteflies,Low,1,0
OBS-00639,2023-04-26,South_Region,Sandy,Barley,37.6,76.2,43.6,Armyworms,Low,2,0
OBS-00640,2023-10-15,Central_Valley,Loam,Soybean,34.2,45.1,38.7,Aphids,Medium,6,1
OBS-00641,2022-08-23,South_Region,Sandy,Soybean,12.3,94.2,14.5,Aphids,Low,1,0
OBS-00642,2022-02-17,West_Region,Silt,Tomato,33.1,30.7,3.0,Blight_Spores,High,8,1
OBS-00643,2022-12-14,South_Region,Sandy,Soybean,23.8,61.6,3.9,Whiteflies,Low,1,0
OBS-00644,2022-12-28,North_Region,Clay,Soybean,17.1,43.4,6.7,Beetles,Low,2,0
OBS-00645,2022-03-18,South_Region,Loam,Tomato,11.5,68.7,18.7,Blight_Spores,Low,2,0
OBS-00646,2022-07-03,Central_Valley,Loam,Cotton,30.5,45.9,25.7,Whiteflies,Low,1,0
OBS-00647,2023-01-05,North_Region,Silt,Rice,36.1,45.1,44.8,Blight_Spores,Medium,4,1
OBS-00648,2023-02-14,North_Region,Sandy,Rice,21.7,38.5,43.0,Blight_Spores,Low,1,0
OBS-00649,2022-01-21,North_Region,Sandy,Rice,33.8,64.0,33.1,Whiteflies,Medium,4,1
OBS-00650,2022-07-10,North_Region,Silt,Rice,31.6,82.0,8.8,Whiteflies,Medium,4,1
OBS-00651,2023-10-27,Central_Valley,Loam,Wheat,15.4,46.6,32.4,Blight_Spores,Low,0,0
OBS-00652,2022-09-06,South_Region,Sandy,Corn,30.8,43.9,12.3,Whiteflies,Medium,5,1
OBS-00653,2023-04-27,North_Region,Silt,Rice,26.4,92.0,43.1,Aphids,Low,3,0
OBS-00654,2022-11-01,East_Region,Silt,Barley,13.1,69.1,15.2,Blight_Spores,Low,2,0
OBS-00655,2023-11-09,North_Region,Loam,Cotton,31.3,84.5,7.9,Aphids,Medium,6,1
OBS-00656,2022-04-17,North_Region,Clay,Cotton,12.9,80.3,38.6,Armyworms,Medium,5,1
OBS-00657,2022-06-23,West_Region,Sandy,Barley,21.5,51.6,31.0,Aphids,Low,2,0
OBS-00658,2023-09-02,North_Region,Silt,Rice,30.7,42.6,31.3,Beetles,Low,1,0
OBS-00659,2022-10-03,West_Region,Silt,Wheat,34.0,46.0,36.1,Armyworms,Low,3,0
OBS-00660,2023-01-19,North_Region,Silt,Soybean,14.5,47.9,11.5,Armyworms,Low,3,0
OBS-00661,2022-10-28,West_Region,Loam,Cotton,27.3,62.5,40.6,Armyworms,Low,3,0
OBS-00662,2023-09-03,East_Region,Loam,Cotton,15.3,60.4,47.8,Aphids,Low,1,0
OBS-00663,2022-05-24,West_Region,Sandy,Tomato,27.4,41.6,38.8,Blight_Spores,Medium,4,1
OBS-00664,2023-06-23,East_Region,Clay,Barley,31.5,74.1,22.7,Aphids,Low,2,0
OBS-00665,2022-05-26,West_Region,Clay,Soybean,16.1,90.5,40.9,Aphids,Low,0,0
OBS-00666,2023-04-27,North_Region,Silt,Corn,27.5,93.1,2.9,Blight_Spores,Medium,5,1
OBS-00667,2022-08-29,North_Region,Sandy,Soybean,25.1,86.1,47.7,Whiteflies,Low,2,0
OBS-00668,2022-10-04,West_Region,Sandy,Rice,24.3,82.8,24.0,Whiteflies,Low,2,0
OBS-00669,2022-09-02,West_Region,Clay,Rice,25.9,72.9,17.8,Blight_Spores,Low,1,0
OBS-00670,2022-07-24,East_Region,Silt,Soybean,34.7,59.6,34.4,Beetles,Low,1,0
OBS-00671,2022-02-10,North_Region,Sandy,Corn,30.3,52.5,17.7,Whiteflies,Medium,6,1
OBS-00672,2022-05-03,Central_Valley,Loam,Barley,35.7,70.6,18.6,Beetles,Medium,6,1
OBS-00673,2023-11-27,East_Region,Clay,Cotton,18.5,91.8,41.3,Whiteflies,Medium,4,1
OBS-00674,2022-04-21,Central_Valley,Silt,Rice,34.6,40.8,33.5,Beetles,Low,3,0
OBS-00675,2022-08-10,South_Region,Clay,Soybean,30.4,85.0,19.0,Beetles,Low,2,0
OBS-00676,2023-05-17,Central_Valley,Silt,Corn,36.6,38.1,23.7,Aphids,Low,2,0
OBS-00677,2023-03-16,Central_Valley,Loam,Rice,10.3,67.9,2.2,Whiteflies,Low,2,0
OBS-00678,2023-05-01,Central_Valley,Silt,Corn,39.6,39.9,31.3,Beetles,Medium,6,1
OBS-00679,2022-03-24,West_Region,Silt,Corn,25.2,64.2,46.0,Aphids,Low,0,0
OBS-00680,2022-03-13,Central_Valley,Sandy,Corn,12.0,72.6,35.8,Armyworms,Low,2,0
OBS-00681,2023-10-08,North_Region,Clay,Tomato,38.7,74.6,7.0,Beetles,High,9,1
OBS-00682,2022-12-19,North_Region,Loam,Soybean,11.8,94.6,41.4,Aphids,Low,0,0
OBS-00683,2022-01-29,Central_Valley,Silt,Soybean,24.2,79.8,13.4,Beetles,Low,3,0
OBS-00684,2023-07-24,East_Region,Clay,Wheat,34.0,80.4,38.3,Aphids,Medium,6,1
OBS-00685,2023-06-07,North_Region,Sandy,Soybean,35.5,65.8,7.8,Whiteflies,Medium,6,1
OBS-00686,2022-08-09,East_Region,Sandy,Rice,26.6,81.3,45.7,Blight_Spores,Low,3,0
OBS-00687,2022-11-12,North_Region,Loam,Barley,34.2,37.2,37.2,Whiteflies,Low,0,0
OBS-00688,2022-01-20,East_Region,Loam,Rice,15.7,52.4,43.7,Beetles,Low,0,0
OBS-00689,2022-02-11,West_Region,Loam,Cotton,19.0,75.6,0.0,Blight_Spores,Low,0,0
OBS-00690,2023-04-19,West_Region,Loam,Tomato,17.6,57.6,47.1,Blight_Spores,Low,2,0
OBS-00691,2022-05-01,East_Region,Silt,Rice,17.1,77.2,48.4,Aphids,Low,1,0
OBS-00692,2023-11-10,Central_Valley,Clay,Soybean,22.4,72.5,21.7,Armyworms,Medium,5,1
OBS-00693,2022-06-17,North_Region,Silt,Corn,12.5,34.7,10.1,Armyworms,Low,3,0
OBS-00694,2022-01-29,West_Region,Loam,Rice,21.4,86.5,40.6,Aphids,Low,2,0
OBS-00695,2022-10-24,East_Region,Clay,Corn,36.6,82.4,44.8,Beetles,Medium,6,1
OBS-00696,2022-09-03,North_Region,Sandy,Cotton,12.2,44.1,34.1,Blight_Spores,Low,0,0
OBS-00697,2023-08-10,East_Region,Loam,Rice,33.0,57.5,41.5,Beetles,Low,2,0
OBS-00698,2023-11-21,North_Region,Sandy,Tomato,37.6,85.0,13.2,Aphids,Low,2,0
OBS-00699,2022-11-08,East_Region,Silt,Cotton,32.6,64.9,30.1,Blight_Spores,Low,2,0
OBS-00700,2023-03-01,East_Region,Silt,Rice,17.9,69.0,6.7,Beetles,Low,0,0
OBS-00701,2022-07-04,West_Region,Silt,Tomato,19.3,41.9,22.8,Blight_Spores,Low,3,0
OBS-00702,2023-08-16,South_Region,Silt,Corn,19.6,86.3,16.5,Blight_Spores,Low,2,0
OBS-00703,2022-10-07,East_Region,Loam,Wheat,31.4,57.6,31.3,Blight_Spores,Low,3,0
OBS-00704,2022-04-21,South_Region,Loam,Rice,21.0,90.9,16.0,Blight_Spores,Low,2,0
OBS-00705,2023-08-06,South_Region,Loam,Barley,18.6,52.7,34.8,Armyworms,Low,0,0
OBS-00706,2022-07-05,East_Region,Loam,Rice,16.6,43.9,6.3,Aphids,Low,1,0
OBS-00707,2022-09-05,Central_Valley,Silt,Soybean,36.2,34.5,48.2,Armyworms,Low,2,0
OBS-00708,2022-01-07,North_Region,Clay,Wheat,27.9,35.0,27.4,Aphids,Low,1,0
OBS-00709,2023-07-16,Central_Valley,Clay,Rice,12.4,56.3,34.3,Armyworms,Low,0,0
OBS-00710,2023-11-01,Central_Valley,Sandy,Wheat,26.3,76.2,2.2,Beetles,Low,2,0
OBS-00711,2023-06-20,East_Region,Silt,Soybean,34.2,78.5,46.6,Blight_Spores,Medium,4,1
OBS-00712,2023-05-22,East_Region,Loam,Wheat,14.8,71.6,42.0,Aphids,Low,1,0
OBS-00713,2023-07-22,North_Region,Sandy,Wheat,13.9,57.5,29.8,Aphids,Low,0,0
OBS-00714,2023-06-14,West_Region,Clay,Barley,17.7,87.1,28.9,Armyworms,Low,3,0
OBS-00715,2022-07-06,North_Region,Silt,Rice,35.1,68.3,44.4,Beetles,Low,2,0
OBS-00716,2022-03-18,East_Region,Silt,Rice,32.4,62.2,16.3,Aphids,Medium,4,1
OBS-00717,2022-12-29,South_Region,Silt,Corn,26.9,77.1,6.7,Aphids,Medium,5,1
OBS-00718,2022-12-18,Central_Valley,Loam,Wheat,28.4,50.4,30.5,Aphids,Low,2,0
OBS-00719,2023-03-17,West_Region,Silt,Rice,18.8,53.9,21.5,Beetles,Low,0,0
OBS-00720,2023-08-14,East_Region,Clay,Rice,27.2,87.4,20.3,Blight_Spores,Low,2,0
OBS-00721,2022-04-04,South_Region,Silt,Cotton,30.8,94.8,22.6,Beetles,Medium,5,1
OBS-00722,2022-05-17,East_Region,Silt,Cotton,13.9,91.7,34.9,Whiteflies,Low,3,0
OBS-00723,2022-01-11,West_Region,Sandy,Rice,18.6,60.5,6.0,Aphids,Low,1,0
OBS-00724,2023-01-06,North_Region,Clay,Corn,11.3,67.6,30.9,Armyworms,Low,2,0
OBS-00725,2023-11-25,North_Region,Sandy,Barley,39.5,88.6,34.7,Whiteflies,Medium,5,1
OBS-00726,2022-04-21,Central_Valley,Loam,Soybean,19.7,93.9,35.5,Aphids,Low,2,0
OBS-00727,2023-07-14,South_Region,Clay,Rice,17.3,68.3,16.9,Aphids,Low,1,0
OBS-00728,2022-12-07,Central_Valley,Clay,Soybean,23.0,31.2,8.3,Whiteflies,Low,0,0
OBS-00729,2022-02-28,West_Region,Loam,Barley,25.4,54.1,12.9,Aphids,Low,3,0
OBS-00730,2023-02-22,South_Region,Sandy,Rice,33.0,51.8,40.5,Whiteflies,Medium,6,1
OBS-00731,2023-05-23,East_Region,Sandy,Cotton,19.7,68.4,13.9,Whiteflies,Low,3,0
OBS-00732,2023-05-26,Central_Valley,Loam,Barley,19.6,44.3,48.9,Beetles,Low,1,0
OBS-00733,2022-07-26,Central_Valley,Sandy,Rice,37.0,45.2,1.1,Armyworms,Low,3,0
OBS-00734,2022-10-19,East_Region,Sandy,Barley,16.8,68.5,47.2,Beetles,Low,0,0
OBS-00735,2023-09-02,South_Region,Silt,Tomato,10.6,34.4,9.6,Blight_Spores,Low,3,0
OBS-00736,2022-06-17,South_Region,Loam,Wheat,12.6,61.5,21.5,Blight_Spores,Low,0,0
OBS-00737,2023-08-12,West_Region,Loam,Soybean,15.9,73.1,7.7,Aphids,Low,2,0
OBS-00738,2022-06-07,East_Region,Loam,Soybean,37.6,77.1,14.2,Armyworms,Medium,5,1
OBS-00739,2023-03-12,North_Region,Silt,Barley,22.8,92.5,14.7,Armyworms,Low,1,0
OBS-00740,2022-01-11,East_Region,Silt,Barley,22.8,77.0,17.5,Aphids,Low,2,0
OBS-00741,2022-10-21,North_Region,Clay,Barley,18.5,54.0,9.0,Blight_Spores,Low,0,0
OBS-00742,2022-12-14,Central_Valley,Clay,Rice,21.1,88.3,43.5,Whiteflies,Low,2,0
OBS-00743,2022-12-11,South_Region,Silt,Wheat,33.3,83.8,29.6,Blight_Spores,Medium,5,1
OBS-00744,2022-09-29,North_Region,Sandy,Cotton,20.2,36.6,20.0,Armyworms,Low,2,0
OBS-00745,2022-09-06,South_Region,Silt,Soybean,20.6,54.5,32.9,Blight_Spores,Low,0,0
OBS-00746,2022-07-22,South_Region,Clay,Rice,38.0,31.4,42.4,Whiteflies,Low,2,0
OBS-00747,2022-01-14,West_Region,Sandy,Corn,23.6,67.0,46.9,Aphids,Low,1,0
OBS-00748,2023-06-20,North_Region,Silt,Cotton,33.3,32.5,34.4,Whiteflies,Low,1,0
OBS-00749,2023-05-26,East_Region,Sandy,Barley,33.7,93.0,20.0,Whiteflies,Low,3,0
OBS-00750,2022-09-23,South_Region,Sandy,Corn,12.7,81.4,36.7,Beetles,Low,3,0
OBS-00751,2022-02-07,South_Region,Silt,Soybean,22.3,49.2,40.8,Aphids,Low,0,0
OBS-00752,2023-07-15,South_Region,Loam,Tomato,27.5,57.2,2.1,Beetles,Medium,5,1
OBS-00753,2022-05-21,South_Region,Silt,Soybean,24.7,75.6,35.4,Beetles,Low,2,0
OBS-00754,2023-08-10,East_Region,Loam,Soybean,14.5,75.2,4.9,Whiteflies,Low,0,0
OBS-00755,2023-10-14,West_Region,Silt,Corn,10.2,62.4,12.5,Beetles,Medium,4,1
OBS-00756,2022-01-03,East_Region,Loam,Wheat,35.6,81.8,25.5,Beetles,Medium,4,1
OBS-00757,2023-06-29,Central_Valley,Clay,Barley,10.1,44.1,48.2,Aphids,Low,0,0
OBS-00758,2023-06-23,Central_Valley,Sandy,Tomato,33.9,59.5,14.0,Beetles,Medium,6,1
OBS-00759,2023-09-02,East_Region,Silt,Barley,39.7,33.9,39.0,Armyworms,Low,2,0
OBS-00760,2022-05-01,North_Region,Silt,Wheat,38.9,36.6,27.3,Beetles,Low,3,0
OBS-00761,2022-11-26,West_Region,Silt,Barley,10.4,63.1,30.8,Beetles,Low,2,0
OBS-00762,2022-02-27,East_Region,Clay,Corn,27.6,72.7,42.1,Aphids,Low,1,0
OBS-00763,2022-04-10,North_Region,Sandy,Tomato,21.6,71.7,0.6,Beetles,Medium,4,1
OBS-00764,2023-06-03,North_Region,Loam,Rice,12.5,57.0,8.0,Whiteflies,Low,0,0
OBS-00765,2023-02-03,West_Region,Silt,Tomato,19.3,71.7,34.2,Aphids,Low,3,0
OBS-00766,2023-05-28,North_Region,Loam,Cotton,22.9,89.4,8.8,Beetles,Low,2,0
OBS-00767,2023-11-01,South_Region,Clay,Rice,11.2,81.6,46.4,Aphids,Low,1,0
OBS-00768,2022-03-17,Central_Valley,Sandy,Soybean,33.6,67.1,33.1,Aphids,Medium,4,1
OBS-00769,2022-08-26,South_Region,Sandy,Barley,20.9,77.3,34.0,Whiteflies,Low,3,0
OBS-00770,2022-04-21,East_Region,Clay,Rice,17.0,48.4,27.1,Aphids,Low,0,0
OBS-00771,2022-11-11,West_Region,Sandy,Soybean,30.7,43.0,27.9,Aphids,Low,2,0
OBS-00772,2023-03-01,South_Region,Clay,Tomato,36.7,78.2,25.9,Aphids,Medium,4,1
OBS-00773,2023-06-10,Central_Valley,Silt,Soybean,39.8,32.5,11.1,Beetles,Low,3,0
OBS-00774,2022-12-09,South_Region,Silt,Rice,36.1,78.4,1.0,Armyworms,Low,1,0
OBS-00775,2022-09-26,Central_Valley,Loam,Rice,11.7,54.8,14.7,Aphids,Low,0,0
OBS-00776,2022-06-15,Central_Valley,Clay,Barley,23.7,45.2,14.6,Armyworms,Low,0,0
OBS-00777,2023-10-09,West_Region,Sandy,Corn,14.2,67.1,46.7,Armyworms,Low,0,0
OBS-00778,2022-05-27,West_Region,Silt,Rice,18.6,42.4,4.2,Whiteflies,Low,1,0
OBS-00779,2022-02-05,Central_Valley,Sandy,Rice,39.9,80.1,25.1,Aphids,Low,3,0
OBS-00780,2022-04-02,North_Region,Sandy,Barley,13.1,56.7,12.9,Whiteflies,Low,0,0
OBS-00781,2023-09-22,East_Region,Sandy,Wheat,13.3,94.2,30.7,Aphids,Low,0,0
OBS-00782,2023-06-05,Central_Valley,Clay,Barley,19.2,85.8,15.3,Blight_Spores,Low,3,0
OBS-00783,2022-02-28,South_Region,Sandy,Soybean,27.9,52.3,31.4,Whiteflies,Low,2,0
OBS-00784,2022-09-11,East_Region,Silt,Tomato,23.4,55.0,18.2,Aphids,Low,1,0
OBS-00785,2022-05-19,Central_Valley,Silt,Wheat,33.2,81.9,13.7,Whiteflies,Low,3,0
OBS-00786,2023-04-15,South_Region,Silt,Corn,21.1,61.6,35.4,Blight_Spores,Low,3,0
OBS-00787,2023-09-12,North_Region,Clay,Tomato,26.4,38.8,49.6,Blight_Spores,Low,2,0
OBS-00788,2022-01-24,East_Region,Loam,Wheat,19.4,31.8,23.7,Blight_Spores,Low,0,0
OBS-00789,2022-04-02,South_Region,Clay,Corn,18.2,85.9,20.9,Blight_Spores,Medium,5,1
OBS-00790,2022-08-28,North_Region,Clay,Rice,34.0,93.1,3.7,Aphids,High,11,1
OBS-00791,2023-06-21,East_Region,Silt,Wheat,17.5,67.5,32.2,Whiteflies,Low,0,0
OBS-00792,2022-08-04,Central_Valley,Clay,Corn,36.6,35.6,12.9,Beetles,Low,3,0
OBS-00793,2023-10-13,Central_Valley,Clay,Barley,16.9,87.1,13.2,Aphids,Low,1,0
OBS-00794,2023-09-07,North_Region,Clay,Rice,17.3,94.3,42.1,Armyworms,Low,1,0
OBS-00795,2023-06-17,South_Region,Sandy,Tomato,10.1,84.5,3.2,Aphids,Medium,4,1
OBS-00796,2023-09-14,Central_Valley,Sandy,Barley,34.3,35.5,13.2,Aphids,High,8,1
OBS-00797,2023-09-18,Central_Valley,Sandy,Barley,37.6,54.7,33.9,Armyworms,Low,2,0
OBS-00798,2023-03-16,North_Region,Silt,Rice,18.2,45.1,20.7,Aphids,Low,0,0
OBS-00799,2023-06-14,Central_Valley,Sandy,Soybean,22.1,79.1,0.2,Beetles,Low,3,0
OBS-00800,2022-06-07,South_Region,Silt,Tomato,34.9,78.0,15.3,Whiteflies,High,10,1
OBS-00801,2022-09-22,East_Region,Silt,Wheat,29.9,51.9,31.1,Beetles,Low,3,0
OBS-00802,2023-09-04,West_Region,Sandy,Tomato,24.7,79.1,22.6,Aphids,Low,3,0
OBS-00803,2022-05-24,East_Region,Sandy,Soybean,14.6,30.6,10.0,Beetles,Low,2,0
OBS-00804,2022-10-11,East_Region,Sandy,Barley,23.4,76.3,50.0,Armyworms,Low,2,0
OBS-00805,2022-06-09,North_Region,Silt,Cotton,20.6,67.5,7.5,Whiteflies,Low,1,0
OBS-00806,2022-05-14,Central_Valley,Loam,Tomato,22.6,74.2,25.0,Blight_Spores,Medium,5,1
OBS-00807,2022-07-31,West_Region,Silt,Corn,39.9,80.2,21.6,Beetles,Medium,6,1
OBS-00808,2022-06-20,West_Region,Loam,Barley,34.2,64.7,32.0,Whiteflies,Low,2,0
OBS-00809,2022-12-14,North_Region,Clay,Soybean,35.4,76.9,19.3,Beetles,Low,0,0
OBS-00810,2023-05-31,North_Region,Sandy,Rice,12.4,73.9,16.1,Armyworms,Low,3,0
OBS-00811,2022-06-14,South_Region,Sandy,Barley,27.9,76.2,17.6,Blight_Spores,Medium,6,1
OBS-00812,2023-09-14,West_Region,Sandy,Rice,19.6,87.1,0.6,Armyworms,Low,1,0
OBS-00813,2022-09-21,East_Region,Loam,Barley,37.4,39.0,23.2,Aphids,Medium,4,1
OBS-00814,2022-07-12,West_Region,Sandy,Soybean,11.0,34.1,37.9,Aphids,Low,0,0
OBS-00815,2023-09-12,East_Region,Silt,Soybean,21.3,50.0,40.2,Aphids,Low,0,0
OBS-00816,2022-05-20,West_Region,Loam,Soybean,20.3,80.6,33.5,Armyworms,Low,1,0
OBS-00817,2023-05-04,West_Region,Sandy,Corn,13.0,67.5,1.9,Blight_Spores,Low,1,0
OBS-00818,2023-01-09,East_Region,Silt,Rice,32.7,57.9,28.9,Aphids,Low,0,0
OBS-00819,2023-05-28,West_Region,Clay,Tomato,12.9,45.9,15.0,Armyworms,Low,1,0
OBS-00820,2023-03-01,East_Region,Sandy,Corn,14.5,87.5,42.4,Whiteflies,Low,3,0
OBS-00821,2022-05-23,East_Region,Sandy,Cotton,40.0,31.5,0.4,Blight_Spores,Medium,4,1
OBS-00822,2023-05-08,West_Region,Sandy,Wheat,39.7,50.6,22.9,Aphids,Medium,6,1
OBS-00823,2022-11-08,West_Region,Clay,Cotton,35.9,80.3,16.1,Beetles,Medium,4,1
OBS-00824,2022-05-01,East_Region,Sandy,Barley,36.1,35.5,28.1,Beetles,Medium,4,1
OBS-00825,2022-07-01,West_Region,Silt,Tomato,28.7,54.0,7.3,Whiteflies,Low,2,0
OBS-00826,2022-06-11,North_Region,Clay,Rice,25.9,37.0,6.4,Beetles,Low,1,0
OBS-00827,2023-11-27,Central_Valley,Loam,Cotton,21.7,51.1,20.2,Beetles,Low,2,0
OBS-00828,2023-08-02,East_Region,Silt,Soybean,22.9,34.8,11.0,Whiteflies,Low,1,0
OBS-00829,2022-01-28,North_Region,Sandy,Rice,18.3,40.8,19.1,Whiteflies,Low,0,0
OBS-00830,2023-07-04,South_Region,Clay,Tomato,38.3,58.0,30.8,Aphids,Medium,4,1
OBS-00831,2022-05-26,East_Region,Sandy,Cotton,19.0,58.4,24.5,Whiteflies,Low,0,0
OBS-00832,2023-10-03,South_Region,Loam,Rice,24.6,34.0,4.9,Whiteflies,Low,1,0
OBS-00833,2023-07-09,North_Region,Sandy,Rice,36.4,60.3,14.2,Beetles,Medium,4,1
OBS-00834,2023-05-14,East_Region,Silt,Corn,21.9,75.1,6.4,Armyworms,Low,2,0
OBS-00835,2022-07-08,Central_Valley,Sandy,Rice,26.5,81.9,0.9,Aphids,Low,3,0
OBS-00836,2023-10-12,Central_Valley,Sandy,Wheat,21.1,83.4,41.8,Armyworms,Low,0,0
OBS-00837,2023-10-17,South_Region,Silt,Rice,17.5,81.5,11.7,Whiteflies,Low,3,0
OBS-00838,2022-11-30,North_Region,Clay,Cotton,19.5,81.3,22.1,Blight_Spores,Low,2,0
OBS-00839,2022-04-13,Central_Valley,Sandy,Barley,22.5,81.5,36.9,Armyworms,Low,2,0
OBS-00840,2023-05-29,East_Region,Silt,Cotton,21.3,74.7,46.6,Aphids,Medium,4,1
OBS-00841,2023-09-29,North_Region,Sandy,Wheat,16.5,88.2,22.3,Whiteflies,Low,2,0
OBS-00842,2022-04-01,South_Region,Loam,Barley,19.8,74.6,9.3,Armyworms,Medium,4,1
OBS-00843,2023-09-18,West_Region,Sandy,Wheat,11.6,67.2,44.5,Aphids,Low,0,0
OBS-00844,2023-10-25,West_Region,Sandy,Corn,35.6,93.0,26.1,Armyworms,High,7,1
OBS-00845,2023-03-23,South_Region,Sandy,Wheat,14.9,86.1,14.9,Aphids,Medium,5,1
OBS-00846,2023-03-27,North_Region,Sandy,Wheat,27.5,81.9,8.2,Beetles,Low,3,0
OBS-00847,2023-06-08,East_Region,Silt,Cotton,21.8,80.2,32.8,Armyworms,Medium,4,1
OBS-00848,2022-11-04,Central_Valley,Loam,Barley,34.3,35.8,3.8,Armyworms,Medium,6,1
OBS-00849,2022-05-12,East_Region,Clay,Barley,18.1,41.8,34.1,Aphids,Low,0,0
OBS-00850,2022-01-15,West_Region,Clay,Corn,11.5,55.1,34.3,Armyworms,Low,0,0
OBS-00851,2023-04-12,West_Region,Loam,Cotton,29.6,40.8,27.2,Aphids,Low,2,0
OBS-00852,2023-06-08,West_Region,Loam,Cotton,28.1,49.1,44.2,Armyworms,Low,2,0
OBS-00853,2023-08-22,Central_Valley,Clay,Corn,39.3,61.6,29.6,Whiteflies,Medium,5,1
OBS-00854,2023-06-06,Central_Valley,Clay,Cotton,29.7,79.3,10.5,Beetles,Medium,5,1
OBS-00855,2023-06-26,Central_Valley,Loam,Barley,30.6,86.3,20.7,Beetles,High,7,1
OBS-00856,2023-10-18,West_Region,Loam,Barley,27.2,49.9,11.8,Beetles,Low,3,0
OBS-00857,2022-02-14,North_Region,Silt,Cotton,32.7,60.5,3.3,Armyworms,Medium,5,1
OBS-00858,2022-07-17,North_Region,Silt,Tomato,36.6,66.4,15.9,Beetles,Medium,4,1
OBS-00859,2022-03-22,North_Region,Silt,Cotton,30.7,38.1,22.1,Beetles,Low,2,0
OBS-00860,2022-09-30,South_Region,Sandy,Barley,26.3,57.7,26.6,Whiteflies,Low,0,0
OBS-00861,2022-06-23,West_Region,Clay,Corn,24.3,65.3,25.3,Blight_Spores,Low,3,0
OBS-00862,2023-06-20,East_Region,Silt,Corn,35.9,34.8,16.3,Beetles,Medium,6,1
OBS-00863,2023-04-24,West_Region,Clay,Rice,16.3,84.9,16.7,Armyworms,Medium,4,1
OBS-00864,2022-01-30,West_Region,Loam,Wheat,12.5,66.3,24.2,Whiteflies,Low,0,0
OBS-00865,2023-06-19,South_Region,Silt,Barley,21.4,80.6,25.4,Aphids,Low,1,0
OBS-00866,2022-12-21,East_Region,Sandy,Wheat,20.3,33.3,2.7,Beetles,Low,2,0
OBS-00867,2023-01-22,South_Region,Sandy,Soybean,14.0,70.7,34.9,Armyworms,Low,3,0
OBS-00868,2023-07-15,North_Region,Silt,Rice,23.8,60.0,17.8,Whiteflies,Low,0,0
OBS-00869,2023-08-29,Central_Valley,Sandy,Rice,30.3,47.9,8.3,Armyworms,Medium,4,1
OBS-00870,2022-05-04,East_Region,Sandy,Corn,27.8,46.1,21.7,Blight_Spores,Low,2,0
OBS-00871,2022-08-06,East_Region,Loam,Tomato,37.1,34.0,11.4,Whiteflies,Medium,4,1
OBS-00872,2023-08-26,North_Region,Silt,Corn,11.9,85.5,40.9,Aphids,Low,2,0
OBS-00873,2022-07-05,South_Region,Sandy,Wheat,30.6,40.8,8.9,Aphids,Low,2,0
OBS-00874,2022-02-22,Central_Valley,Loam,Corn,17.5,73.7,20.9,Aphids,Medium,6,1
OBS-00875,2022-08-13,West_Region,Loam,Cotton,10.0,32.3,46.3,Armyworms,Low,3,0
OBS-00876,2022-04-05,West_Region,Loam,Cotton,29.2,77.3,8.8,Armyworms,Medium,4,1
OBS-00877,2022-03-18,South_Region,Loam,Wheat,39.0,87.6,38.5,Beetles,Medium,4,1
OBS-00878,2022-08-06,North_Region,Sandy,Corn,36.0,87.8,14.0,Aphids,Medium,5,1
OBS-00879,2022-10-31,South_Region,Silt,Tomato,31.0,94.1,7.5,Armyworms,High,10,1
OBS-00880,2022-02-23,North_Region,Loam,Corn,28.8,70.3,0.0,Blight_Spores,Medium,4,1
OBS-00881,2022-12-14,East_Region,Loam,Rice,16.0,34.6,21.4,Beetles,Low,1,0
OBS-00882,2023-06-27,East_Region,Silt,Soybean,19.6,93.9,23.9,Aphids,Low,0,0
OBS-00883,2023-09-21,West_Region,Clay,Tomato,38.3,88.7,13.3,Aphids,Medium,5,1
OBS-00884,2023-08-26,North_Region,Loam,Soybean,37.4,43.7,0.8,Blight_Spores,Medium,4,1
OBS-00885,2022-02-24,Central_Valley,Sandy,Barley,24.6,66.3,24.8,Blight_Spores,Low,0,0
OBS-00886,2022-01-10,West_Region,Loam,Cotton,19.1,51.6,48.2,Beetles,Low,2,0
OBS-00887,2023-03-29,North_Region,Clay,Tomato,20.3,74.4,10.7,Beetles,Low,2,0
OBS-00888,2023-05-25,South_Region,Silt,Rice,36.3,86.4,5.4,Blight_Spores,Low,2,0
OBS-00889,2022-03-25,North_Region,Silt,Rice,32.1,56.8,44.0,Aphids,Low,1,0
OBS-00890,2022-02-09,East_Region,Silt,Corn,27.1,32.9,16.1,Beetles,Low,2,0
OBS-00891,2022-12-14,East_Region,Clay,Corn,25.0,91.4,30.5,Beetles,Low,2,0
OBS-00892,2022-09-26,Central_Valley,Sandy,Cotton,29.9,63.6,4.9,Beetles,Low,2,0
OBS-00893,2022-05-28,North_Region,Silt,Barley,36.0,77.6,40.1,Aphids,High,7,1
OBS-00894,2022-07-11,East_Region,Silt,Soybean,15.8,85.7,35.3,Beetles,Low,1,0
OBS-00895,2023-10-12,Central_Valley,Sandy,Barley,22.5,44.4,27.5,Armyworms,Low,1,0
OBS-00896,2023-01-23,West_Region,Loam,Barley,11.8,44.6,0.7,Whiteflies,Low,2,0
OBS-00897,2023-01-08,Central_Valley,Sandy,Rice,36.3,86.9,34.7,Aphids,Medium,6,1
OBS-00898,2022-01-27,West_Region,Clay,Barley,19.2,31.6,5.7,Blight_Spores,Low,1,0
OBS-00899,2022-12-10,East_Region,Loam,Barley,39.9,84.1,35.8,Beetles,Low,2,0
OBS-00900,2023-07-19,Central_Valley,Clay,Wheat,12.4,94.4,30.1,Whiteflies,Low,3,0
OBS-00901,2023-05-09,East_Region,Silt,Corn,35.5,39.5,40.6,Blight_Spores,Medium,6,1
OBS-00902,2022-06-17,East_Region,Silt,Barley,36.9,78.0,8.2,Beetles,Medium,5,1
OBS-00903,2022-02-07,Central_Valley,Sandy,Barley,33.9,91.2,38.3,Beetles,High,7,1
OBS-00904,2023-03-18,North_Region,Clay,Corn,23.7,56.6,45.6,Armyworms,Low,2,0
OBS-00905,2022-10-03,North_Region,Silt,Rice,37.9,48.7,18.0,Whiteflies,Low,2,0
OBS-00906,2023-04-02,North_Region,Loam,Wheat,15.6,66.8,46.7,Whiteflies,Low,0,0
OBS-00907,2023-11-13,Central_Valley,Silt,Soybean,27.8,73.1,3.9,Blight_Spores,High,7,1
OBS-00908,2023-03-06,North_Region,Loam,Wheat,35.0,80.5,4.4,Beetles,Medium,4,1
OBS-00909,2022-04-29,Central_Valley,Sandy,Corn,33.5,43.2,20.4,Blight_Spores,Medium,6,1
OBS-00910,2023-07-29,Central_Valley,Loam,Wheat,34.0,34.2,36.8,Beetles,Low,2,0
OBS-00911,2022-03-03,West_Region,Sandy,Rice,18.1,86.6,30.1,Beetles,Low,0,0
OBS-00912,2023-07-11,North_Region,Sandy,Tomato,33.7,74.0,16.0,Armyworms,High,7,1
OBS-00913,2022-12-06,South_Region,Sandy,Rice,37.3,81.0,25.7,Aphids,Medium,6,1
OBS-00914,2022-10-27,Central_Valley,Sandy,Soybean,19.9,47.9,20.4,Armyworms,Low,0,0
OBS-00915,2022-10-03,South_Region,Sandy,Corn,10.2,38.9,44.3,Beetles,Low,2,0
OBS-00916,2023-02-16,West_Region,Clay,Corn,30.1,67.9,4.4,Blight_Spores,Low,1,0
OBS-00917,2023-08-19,Central_Valley,Clay,Tomato,28.7,46.6,3.8,Whiteflies,Low,3,0
OBS-00918,2023-05-22,South_Region,Silt,Barley,33.6,53.0,36.7,Whiteflies,Low,2,0
OBS-00919,2022-08-27,South_Region,Clay,Corn,34.5,43.3,22.3,Aphids,Low,1,0
OBS-00920,2022-04-07,Central_Valley,Silt,Barley,24.2,59.4,1.6,Beetles,Low,1,0
OBS-00921,2022-12-05,South_Region,Loam,Barley,22.1,93.0,8.4,Armyworms,Low,1,0
OBS-00922,2022-07-08,North_Region,Silt,Cotton,17.6,84.2,40.8,Aphids,Low,3,0
OBS-00923,2022-01-29,Central_Valley,Silt,Soybean,26.4,39.6,28.9,Aphids,Medium,4,1
OBS-00924,2023-08-22,West_Region,Silt,Barley,17.3,85.8,5.3,Beetles,Low,0,0
OBS-00925,2023-09-10,South_Region,Clay,Rice,10.3,67.2,30.5,Aphids,Low,1,0
OBS-00926,2023-04-11,South_Region,Loam,Cotton,17.5,68.5,31.6,Whiteflies,Low,1,0
OBS-00927,2023-02-25,West_Region,Loam,Tomato,11.7,95.0,35.1,Whiteflies,Low,2,0
OBS-00928,2022-12-09,East_Region,Silt,Corn,38.6,45.5,18.6,Whiteflies,High,9,1
OBS-00929,2023-05-15,North_Region,Loam,Tomato,39.1,53.1,40.0,Armyworms,High,10,1
OBS-00930,2023-05-20,West_Region,Loam,Wheat,13.5,92.1,18.3,Beetles,Low,2,0
OBS-00931,2022-07-31,Central_Valley,Clay,Cotton,30.1,54.3,3.8,Blight_Spores,Low,3,0
OBS-00932,2022-03-09,South_Region,Sandy,Soybean,27.6,51.7,36.6,Beetles,Low,1,0
OBS-00933,2022-08-31,Central_Valley,Clay,Corn,11.7,67.5,10.5,Whiteflies,Low,1,0
OBS-00934,2023-06-18,East_Region,Clay,Rice,34.9,51.0,11.6,Whiteflies,Medium,5,1
OBS-00935,2022-02-23,South_Region,Clay,Tomato,13.6,41.6,28.2,Beetles,Low,0,0
OBS-00936,2022-04-26,South_Region,Clay,Wheat,32.0,82.3,21.2,Beetles,Medium,4,1
OBS-00937,2023-06-09,West_Region,Sandy,Barley,21.8,53.8,43.8,Whiteflies,Low,0,0
OBS-00938,2023-04-01,South_Region,Loam,Cotton,10.5,42.5,31.5,Whiteflies,Low,1,0
OBS-00939,2023-06-26,East_Region,Silt,Wheat,12.2,36.5,26.8,Beetles,Low,0,0
OBS-00940,2023-06-06,Central_Valley,Loam,Cotton,33.5,59.2,37.2,Aphids,Low,2,0
OBS-00941,2023-07-25,Central_Valley,Sandy,Soybean,26.5,68.4,24.4,Whiteflies,Low,0,0
OBS-00942,2023-08-03,South_Region,Clay,Barley,24.3,80.5,24.0,Blight_Spores,Low,0,0
OBS-00943,2022-11-28,South_Region,Clay,Barley,29.7,77.9,44.7,Whiteflies,Low,1,0
OBS-00944,2022-02-04,North_Region,Loam,Corn,20.4,60.4,42.9,Aphids,Low,0,0
OBS-00945,2022-06-09,East_Region,Clay,Barley,24.4,52.6,31.9,Blight_Spores,Low,0,0
OBS-00946,2022-10-11,West_Region,Clay,Corn,31.3,36.1,20.2,Aphids,Low,0,0
OBS-00947,2022-10-28,West_Region,Clay,Soybean,22.5,76.0,25.3,Blight_Spores,Low,1,0
OBS-00948,2023-06-24,North_Region,Loam,Corn,28.0,41.9,8.0,Blight_Spores,Low,1,0
OBS-00949,2022-03-24,East_Region,Loam,Soybean,38.1,80.0,27.5,Blight_Spores,Low,1,0
OBS-00950,2022-06-20,West_Region,Silt,Soybean,37.4,34.4,42.6,Beetles,Medium,6,1
OBS-00951,2023-06-16,West_Region,Clay,Barley,20.0,41.2,12.3,Blight_Spores,Low,1,0
OBS-00952,2023-10-09,West_Region,Loam,Barley,15.7,48.3,29.5,Armyworms,Low,1,0
OBS-00953,2023-01-13,North_Region,Clay,Cotton,31.5,91.4,28.7,Whiteflies,Medium,5,1
OBS-00954,2022-11-04,West_Region,Loam,Soybean,38.3,83.1,4.0,Beetles,Low,3,0
OBS-00955,2023-01-30,North_Region,Silt,Cotton,38.0,83.9,20.3,Blight_Spores,Medium,5,1
OBS-00956,2022-01-29,West_Region,Loam,Soybean,20.7,38.8,4.2,Beetles,Low,0,0
OBS-00957,2023-11-19,South_Region,Sandy,Rice,11.2,42.8,1.3,Whiteflies,Low,0,0
OBS-00958,2022-07-25,Central_Valley,Clay,Cotton,10.0,80.4,18.7,Beetles,Medium,5,1
OBS-00959,2023-03-12,West_Region,Sandy,Rice,13.4,35.1,40.7,Aphids,Low,0,0
OBS-00960,2022-12-29,Central_Valley,Silt,Wheat,34.2,60.0,3.8,Armyworms,Low,3,0
OBS-00961,2023-06-26,South_Region,Clay,Cotton,30.5,31.0,20.0,Armyworms,Medium,6,1
OBS-00962,2023-03-15,Central_Valley,Clay,Tomato,20.3,47.0,39.9,Aphids,Low,0,0
OBS-00963,2022-09-08,South_Region,Clay,Rice,21.7,82.6,39.3,Aphids,Medium,5,1
OBS-00964,2023-07-29,West_Region,Clay,Barley,20.0,48.2,9.0,Beetles,Low,1,0
OBS-00965,2022-07-01,Central_Valley,Clay,Cotton,38.0,88.4,16.8,Aphids,Medium,4,1
OBS-00966,2023-07-27,North_Region,Silt,Cotton,18.1,40.5,16.3,Whiteflies,Low,2,0
OBS-00967,2022-05-13,North_Region,Clay,Cotton,24.0,33.8,49.8,Armyworms,Low,0,0
OBS-00968,2023-04-26,Central_Valley,Sandy,Rice,34.0,52.7,9.1,Whiteflies,Low,3,0
OBS-00969,2022-01-10,South_Region,Silt,Wheat,21.6,31.0,14.8,Beetles,Low,0,0
OBS-00970,2022-01-22,North_Region,Sandy,Tomato,13.7,51.1,0.4,Armyworms,High,7,1
OBS-00971,2023-06-20,North_Region,Loam,Corn,35.9,84.0,0.9,Blight_Spores,Medium,6,1
OBS-00972,2023-10-23,West_Region,Silt,Rice,31.0,61.2,22.1,Aphids,Low,2,0
OBS-00973,2022-04-18,Central_Valley,Sandy,Rice,30.6,60.8,14.2,Aphids,Medium,5,1
OBS-00974,2023-06-01,Central_Valley,Loam,Cotton,16.9,84.8,5.6,Armyworms,High,8,1
OBS-00975,2022-10-29,East_Region,Clay,Corn,30.5,36.8,13.1,Beetles,Medium,4,1
OBS-00976,2023-05-21,Central_Valley,Clay,Corn,19.1,32.5,4.5,Blight_Spores,Low,1,0
OBS-00977,2023-03-08,Central_Valley,Clay,Corn,20.7,54.5,46.3,Blight_Spores,Low,0,0
OBS-00978,2023-08-08,West_Region,Loam,Rice,28.0,83.8,36.7,Beetles,Low,2,0
OBS-00979,2023-06-14,West_Region,Silt,Corn,12.5,38.8,7.8,Whiteflies,Low,3,0
OBS-00980,2022-05-16,Central_Valley,Sandy,Rice,19.2,34.6,47.0,Beetles,Low,0,0
OBS-00981,2022-08-15,North_Region,Loam,Tomato,33.7,80.1,44.4,Armyworms,High,8,1
OBS-00982,2023-04-02,South_Region,Loam,Rice,39.4,90.3,0.9,Whiteflies,Medium,4,1
OBS-00983,2023-08-11,South_Region,Silt,Barley,37.6,38.3,31.8,Blight_Spores,Low,2,0
OBS-00984,2023-02-28,South_Region,Loam,Corn,20.6,40.9,5.3,Whiteflies,Low,0,0
OBS-00985,2023-02-14,East_Region,Silt,Soybean,24.4,40.6,26.3,Beetles,Low,0,0
OBS-00986,2022-09-18,Central_Valley,Loam,Barley,21.9,50.9,25.7,Aphids,Low,0,0
OBS-00987,2023-02-07,North_Region,Silt,Corn,17.8,36.6,12.8,Blight_Spores,Low,0,0
OBS-00988,2022-06-11,West_Region,Loam,Rice,32.3,63.2,14.6,Whiteflies,Medium,4,1
OBS-00989,2022-11-14,South_Region,Clay,Cotton,23.3,30.8,5.5,Beetles,Low,1,0
OBS-00990,2023-07-01,East_Region,Silt,Barley,36.1,45.1,11.8,Aphids,Low,3,0
OBS-00991,2023-03-27,West_Region,Silt,Rice,38.6,48.2,14.0,Armyworms,Medium,4,1
OBS-00992,2022-09-13,West_Region,Sandy,Barley,21.1,41.3,10.5,Whiteflies,Low,0,0
OBS-00993,2023-07-18,North_Region,Silt,Tomato,24.3,67.3,29.5,Blight_Spores,Low,0,0
OBS-00994,2023-04-23,East_Region,Loam,Corn,27.3,59.9,35.0,Blight_Spores,Medium,5,1
OBS-00995,2022-03-02,South_Region,Clay,Tomato,25.9,64.8,4.5,Armyworms,Medium,6,1
OBS-00996,2022-02-04,West_Region,Clay,Corn,30.5,38.2,35.4,Aphids,Low,3,0
OBS-00997,2022-10-04,West_Region,Clay,Wheat,14.1,65.8,27.7,Beetles,Low,0,0
OBS-00998,2022-10-27,West_Region,Loam,Cotton,31.2,86.6,38.8,Blight_Spores,Low,3,0
OBS-00999,2023-02-13,Central_Valley,Sandy,Wheat,12.8,91.3,36.9,Armyworms,Low,2,0
OBS-01000,2023-01-05,Central_Valley,Silt,Soybean,25.4,94.3,25.9,Armyworms,Low,2,0
OBS-01001,2022-02-15,Central_Valley,Clay,Rice,32.6,50.5,27.1,Blight_Spores,Low,3,0
OBS-01002,2022-05-26,East_Region,Sandy,Wheat,33.5,93.9,39.2,Armyworms,Low,3,0
OBS-01003,2022-08-01,North_Region,Sandy,Wheat,10.6,36.2,33.4,Armyworms,Low,0,0
OBS-01004,2022-02-13,North_Region,Sandy,Barley,36.1,43.0,35.4,Beetles,Medium,4,1
OBS-01005,2023-07-05,East_Region,Loam,Corn,34.4,72.5,29.8,Whiteflies,Low,3,0
OBS-01006,2022-07-03,Central_Valley,Silt,Soybean,13.0,36.8,27.2,Armyworms,Low,1,0
OBS-01007,2023-07-18,West_Region,Clay,Barley,10.2,82.6,16.4,Armyworms,Low,1,0
OBS-01008,2023-08-19,Central_Valley,Sandy,Corn,24.9,79.2,44.4,Aphids,Low,2,0
OBS-01009,2022-01-27,North_Region,Loam,Wheat,33.1,50.1,39.1,Beetles,Low,3,0
OBS-01010,2023-01-22,Central_Valley,Clay,Tomato,31.1,38.8,17.3,Whiteflies,Low,1,0
OBS-01011,2022-01-30,East_Region,Silt,Cotton,35.0,44.6,36.6,Beetles,Low,2,0
OBS-01012,2022-08-07,East_Region,Clay,Barley,37.7,38.3,22.2,Beetles,Low,3,0
OBS-01013,2023-01-10,Central_Valley,Sandy,Cotton,16.5,65.4,19.9,Armyworms,Low,0,0
OBS-01014,2022-05-11,East_Region,Clay,Cotton,35.7,59.8,32.2,Whiteflies,Low,1,0
OBS-01015,2022-02-07,Central_Valley,Silt,Tomato,18.7,70.8,23.4,Beetles,Medium,5,1
OBS-01016,2022-10-29,East_Region,Silt,Barley,11.3,75.4,15.1,Whiteflies,Low,0,0
OBS-01017,2023-06-02,North_Region,Loam,Corn,31.5,52.8,10.0,Blight_Spores,Medium,5,1
OBS-01018,2023-08-27,South_Region,Loam,Rice,34.2,86.6,21.2,Blight_Spores,High,7,1
OBS-01019,2023-05-01,South_Region,Loam,Soybean,39.2,76.0,5.4,Whiteflies,Medium,4,1
OBS-01020,2022-11-20,Central_Valley,Loam,Corn,31.0,81.4,4.4,Aphids,Medium,5,1
OBS-01021,2022-05-19,North_Region,Clay,Soybean,37.2,78.5,4.3,Blight_Spores,Medium,6,1
OBS-01022,2023-10-16,West_Region,Sandy,Soybean,24.9,38.1,32.5,Blight_Spores,Low,1,0
OBS-01023,2022-09-01,North_Region,Loam,Wheat,35.0,38.0,4.1,Armyworms,Low,3,0
OBS-01024,2022-09-13,South_Region,Loam,Cotton,36.5,77.6,13.0,Blight_Spores,Medium,5,1
OBS-01025,2023-08-13,East_Region,Clay,Cotton,32.1,80.9,15.5,Aphids,High,7,1
OBS-01026,2022-11-15,Central_Valley,Clay,Cotton,13.0,78.4,39.5,Blight_Spores,Low,3,0
OBS-01027,2023-02-19,Central_Valley,Clay,Corn,32.1,36.4,25.9,Beetles,High,7,1
OBS-01028,2022-09-16,West_Region,Silt,Soybean,30.5,45.6,39.5,Aphids,Low,0,0
OBS-01029,2022-01-10,Central_Valley,Silt,Corn,29.7,82.3,45.8,Armyworms,High,8,1
OBS-01030,2023-05-10,North_Region,Clay,Wheat,17.9,63.9,23.1,Blight_Spores,Low,1,0
OBS-01031,2023-10-07,East_Region,Clay,Rice,25.6,59.9,27.7,Blight_Spores,Low,3,0
OBS-01032,2023-08-24,East_Region,Clay,Cotton,31.1,50.7,44.4,Beetles,Medium,4,1
OBS-01033,2023-09-07,East_Region,Loam,Tomato,13.0,48.8,13.1,Armyworms,Low,2,0
OBS-01034,2022-03-05,North_Region,Clay,Tomato,32.7,37.0,24.3,Blight_Spores,Medium,4,1
OBS-01035,2023-08-28,West_Region,Clay,Cotton,23.7,41.7,49.4,Beetles,Low,2,0
OBS-01036,2022-07-04,Central_Valley,Loam,Wheat,24.4,37.3,1.5,Blight_Spores,Low,0,0
OBS-01037,2022-02-08,East_Region,Loam,Soybean,15.5,48.7,44.0,Aphids,Low,0,0
OBS-01038,2022-08-13,North_Region,Silt,Corn,12.6,39.9,2.8,Whiteflies,Low,1,0
OBS-01039,2022-01-07,South_Region,Sandy,Corn,20.0,76.0,44.2,Armyworms,Low,2,0
OBS-01040,2022-12-29,West_Region,Clay,Tomato,35.2,69.8,8.0,Beetles,High,12,1
OBS-01041,2023-11-21,Central_Valley,Silt,Tomato,23.2,92.3,0.2,Whiteflies,Low,2,0
OBS-01042,2022-11-22,Central_Valley,Silt,Corn,30.4,67.7,40.6,Blight_Spores,Low,1,0
OBS-01043,2023-10-07,North_Region,Loam,Barley,36.4,56.3,35.2,Whiteflies,Medium,5,1
OBS-01044,2022-03-03,East_Region,Silt,Soybean,32.0,60.1,12.2,Whiteflies,Low,2,0
OBS-01045,2022-06-22,Central_Valley,Loam,Cotton,10.9,34.8,39.2,Armyworms,Low,1,0
OBS-01046,2022-09-23,North_Region,Silt,Barley,35.4,82.6,22.5,Armyworms,Low,3,0
OBS-01047,2022-06-13,East_Region,Loam,Rice,23.1,35.2,40.9,Blight_Spores,Low,0,0
OBS-01048,2023-09-08,East_Region,Sandy,Barley,12.5,34.0,6.4,Whiteflies,Medium,4,1
OBS-01049,2022-06-18,South_Region,Silt,Corn,27.0,81.5,4.4,Whiteflies,Low,3,0
OBS-01050,2023-02-25,North_Region,Silt,Rice,19.2,42.2,25.7,Blight_Spores,Low,0,0
OBS-01051,2023-11-05,East_Region,Loam,Soybean,25.8,76.8,26.8,Aphids,Low,2,0
OBS-01052,2023-02-24,South_Region,Sandy,Tomato,34.8,56.9,13.9,Armyworms,Medium,6,1
OBS-01053,2022-11-22,North_Region,Sandy,Rice,20.0,60.3,27.5,Blight_Spores,Low,0,0
OBS-01054,2022-12-03,East_Region,Silt,Rice,27.0,69.7,22.0,Blight_Spores,Medium,4,1
OBS-01055,2022-11-24,North_Region,Silt,Barley,32.1,82.3,27.0,Beetles,High,8,1
OBS-01056,2023-05-21,East_Region,Clay,Cotton,16.7,87.1,43.9,Whiteflies,Low,1,0
OBS-01057,2023-07-30,West_Region,Clay,Tomato,21.2,42.5,25.4,Whiteflies,Low,1,0
OBS-01058,2022-08-02,North_Region,Sandy,Wheat,26.4,44.7,7.1,Whiteflies,Low,0,0
OBS-01059,2022-01-05,East_Region,Loam,Barley,28.8,58.3,13.5,Armyworms,Low,3,0
OBS-01060,2022-09-11,North_Region,Sandy,Rice,13.7,59.9,22.8,Whiteflies,Low,0,0
OBS-01061,2022-10-10,North_Region,Sandy,Barley,22.6,65.8,47.9,Beetles,Low,2,0
OBS-01062,2023-08-14,North_Region,Loam,Tomato,10.5,30.9,13.2,Aphids,Low,2,0
OBS-01063,2023-07-12,North_Region,Clay,Rice,15.2,45.1,2.9,Beetles,Low,0,0
OBS-01064,2022-07-27,West_Region,Loam,Rice,15.4,81.1,32.5,Armyworms,Low,0,0
OBS-01065,2022-10-10,Central_Valley,Sandy,Soybean,32.6,92.8,46.7,Beetles,Low,1,0
OBS-01066,2023-02-08,West_Region,Clay,Rice,18.1,61.8,39.7,Beetles,Low,1,0
OBS-01067,2022-07-19,South_Region,Loam,Rice,35.1,52.6,33.8,Beetles,Medium,6,1
OBS-01068,2023-04-19,North_Region,Sandy,Wheat,33.8,79.1,4.3,Blight_Spores,Medium,4,1
OBS-01069,2022-03-31,East_Region,Silt,Cotton,26.9,56.0,28.5,Whiteflies,Medium,4,1
OBS-01070,2022-06-20,East_Region,Clay,Soybean,26.4,78.7,7.2,Aphids,Low,3,0
OBS-01071,2023-04-16,North_Region,Clay,Cotton,26.8,40.1,28.7,Aphids,Low,3,0
OBS-01072,2023-02-03,East_Region,Loam,Wheat,35.1,78.8,1.8,Blight_Spores,Low,3,0
OBS-01073,2022-04-03,South_Region,Sandy,Cotton,19.3,87.5,4.1,Beetles,Medium,4,1
OBS-01074,2023-03-06,Central_Valley,Loam,Corn,11.6,30.3,19.1,Whiteflies,Low,2,0
OBS-01075,2023-09-02,Central_Valley,Silt,Corn,17.6,66.0,30.4,Whiteflies,Low,3,0
OBS-01076,2022-09-17,South_Region,Loam,Corn,20.4,66.7,37.6,Beetles,Low,2,0
OBS-01077,2023-07-29,East_Region,Silt,Corn,37.1,66.3,48.5,Beetles,Medium,4,1
OBS-01078,2023-10-24,East_Region,Sandy,Cotton,11.2,79.3,32.7,Whiteflies,Low,1,0
OBS-01079,2022-05-24,North_Region,Loam,Rice,28.2,74.1,15.7,Armyworms,Low,0,0
OBS-01080,2023-04-19,South_Region,Sandy,Corn,21.2,62.1,49.2,Blight_Spores,Low,2,0
OBS-01081,2022-01-01,North_Region,Sandy,Corn,20.3,41.7,33.0,Beetles,Medium,4,1
OBS-01082,2023-08-22,West_Region,Silt,Corn,28.5,69.2,1.4,Beetles,Low,3,0
OBS-01083,2023-08-15,East_Region,Sandy,Wheat,39.3,69.4,41.1,Beetles,Low,3,0
OBS-01084,2023-10-18,South_Region,Sandy,Tomato,39.1,93.6,12.0,Aphids,Medium,5,1
OBS-01085,2022-11-22,South_Region,Loam,Barley,39.0,58.8,17.9,Whiteflies,Medium,4,1
OBS-01086,2022-02-17,South_Region,Silt,Cotton,32.2,71.9,10.0,Blight_Spores,Medium,5,1
OBS-01087,2022-02-05,South_Region,Loam,Cotton,32.9,34.6,48.4,Beetles,Medium,4,1
OBS-01088,2022-12-15,West_Region,Sandy,Cotton,31.1,84.9,20.6,Beetles,High,7,1
OBS-01089,2022-08-06,South_Region,Silt,Barley,21.8,86.9,18.6,Aphids,Low,1,0
OBS-01090,2022-04-01,North_Region,Sandy,Tomato,31.2,73.8,40.2,Blight_Spores,Low,3,0
OBS-01091,2023-09-05,Central_Valley,Loam,Rice,35.8,74.4,32.5,Beetles,Medium,6,1
OBS-01092,2022-10-05,South_Region,Clay,Rice,12.7,67.0,31.3,Whiteflies,Low,0,0
OBS-01093,2022-12-18,Central_Valley,Silt,Cotton,36.4,64.4,21.2,Beetles,Low,2,0
OBS-01094,2023-02-24,North_Region,Clay,Rice,12.7,75.0,6.5,Armyworms,Low,1,0
OBS-01095,2022-05-25,East_Region,Loam,Cotton,34.2,68.2,6.3,Whiteflies,Low,2,0
OBS-01096,2023-02-05,North_Region,Clay,Soybean,15.5,79.6,13.7,Blight_Spores,Low,1,0
OBS-01097,2023-07-17,North_Region,Sandy,Tomato,29.7,40.6,46.1,Armyworms,Low,3,0
OBS-01098,2022-10-06,West_Region,Clay,Wheat,38.0,31.8,22.3,Whiteflies,Low,3,0
OBS-01099,2023-09-19,East_Region,Silt,Soybean,35.9,83.6,14.7,Beetles,High,7,1
OBS-01100,2023-09-22,West_Region,Silt,Wheat,36.5,73.1,9.8,Beetles,High,7,1
OBS-01101,2022-03-08,North_Region,Sandy,Wheat,31.5,35.1,15.1,Blight_Spores,Medium,6,1
OBS-01102,2023-08-19,Central_Valley,Sandy,Barley,23.3,83.8,23.9,Blight_Spores,Medium,4,1
OBS-01103,2022-07-18,West_Region,Loam,Barley,10.2,53.3,13.1,Whiteflies,Low,3,0
OBS-01104,2022-01-09,South_Region,Sandy,Soybean,18.0,38.8,22.2,Whiteflies,Low,0,0
OBS-01105,2023-06-12,West_Region,Clay,Wheat,39.9,55.9,45.8,Beetles,High,9,1
OBS-01106,2023-08-29,Central_Valley,Loam,Rice,29.5,56.3,37.8,Beetles,Low,0,0
OBS-01107,2022-12-26,East_Region,Sandy,Soybean,38.0,52.5,30.3,Whiteflies,Medium,6,1
OBS-01108,2023-09-22,West_Region,Sandy,Soybean,24.5,44.5,4.6,Armyworms,Medium,4,1
OBS-01109,2023-04-23,North_Region,Loam,Barley,39.6,74.0,12.3,Aphids,Medium,5,1
OBS-01110,2022-11-06,West_Region,Clay,Rice,14.9,51.6,12.0,Whiteflies,Low,2,0
OBS-01111,2022-05-02,West_Region,Loam,Rice,29.9,61.5,33.9,Whiteflies,Low,2,0
OBS-01112,2023-10-14,South_Region,Loam,Wheat,14.5,93.7,18.0,Blight_Spores,Low,0,0
OBS-01113,2023-07-02,West_Region,Loam,Rice,28.4,53.1,20.4,Blight_Spores,Medium,4,1
OBS-01114,2023-09-29,East_Region,Loam,Tomato,17.6,33.2,4.0,Armyworms,Low,2,0
OBS-01115,2023-11-04,West_Region,Clay,Soybean,21.3,93.7,19.6,Beetles,Low,2,0
OBS-01116,2023-08-03,East_Region,Sandy,Barley,22.4,32.4,49.3,Whiteflies,Low,1,0
OBS-01117,2023-09-03,East_Region,Silt,Soybean,30.6,91.0,34.6,Whiteflies,Medium,4,1
OBS-01118,2022-01-19,Central_Valley,Sandy,Cotton,12.4,42.3,42.3,Beetles,Low,0,0
OBS-01119,2023-04-08,South_Region,Silt,Wheat,27.1,48.6,26.6,Beetles,Low,2,0
OBS-01120,2022-03-11,South_Region,Sandy,Rice,38.1,66.7,8.3,Blight_Spores,Low,0,0
OBS-01121,2022-11-06,East_Region,Sandy,Cotton,34.4,62.4,14.8,Beetles,Medium,5,1
OBS-01122,2022-01-03,North_Region,Silt,Tomato,11.0,34.1,19.0,Armyworms,Low,1,0
OBS-01123,2023-01-23,South_Region,Loam,Barley,23.0,54.2,43.7,Whiteflies,Low,0,0
OBS-01124,2023-09-18,North_Region,Loam,Rice,27.1,79.0,43.7,Aphids,Low,3,0
OBS-01125,2022-09-05,South_Region,Loam,Rice,18.6,51.6,4.9,Aphids,Low,2,0
OBS-01126,2023-11-26,East_Region,Sandy,Tomato,37.5,64.5,15.1,Armyworms,Low,3,0
OBS-01127,2023-06-11,South_Region,Loam,Wheat,26.4,67.3,32.1,Blight_Spores,Low,3,0
OBS-01128,2023-10-05,North_Region,Clay,Tomato,29.6,44.8,46.7,Beetles,Medium,5,1
OBS-01129,2023-10-09,South_Region,Clay,Cotton,14.1,81.9,5.1,Aphids,Low,2,0
OBS-01130,2023-04-23,West_Region,Sandy,Soybean,23.2,67.1,49.8,Beetles,Low,1,0
OBS-01131,2022-10-16,Central_Valley,Sandy,Soybean,14.9,69.8,9.2,Aphids,Low,1,0
OBS-01132,2022-12-20,West_Region,Loam,Corn,18.2,40.0,49.8,Armyworms,Low,2,0
OBS-01133,2023-10-19,East_Region,Loam,Tomato,19.9,86.3,26.0,Beetles,Medium,5,1
OBS-01134,2022-12-03,West_Region,Sandy,Rice,28.2,41.2,18.4,Aphids,Low,1,0
OBS-01135,2023-04-27,North_Region,Silt,Rice,20.5,88.9,27.6,Blight_Spores,Medium,4,1
OBS-01136,2023-10-17,East_Region,Loam,Corn,38.1,51.2,40.3,Armyworms,Medium,6,1
OBS-01137,2022-09-26,Central_Valley,Loam,Barley,18.1,38.6,42.4,Beetles,Low,0,0
OBS-01138,2022-04-17,South_Region,Sandy,Wheat,15.0,75.9,37.4,Aphids,Low,1,0
OBS-01139,2022-06-16,East_Region,Loam,Barley,14.1,50.6,0.5,Aphids,Low,2,0
OBS-01140,2023-06-07,North_Region,Loam,Wheat,21.0,58.6,43.5,Beetles,Low,0,0
OBS-01141,2022-01-05,West_Region,Loam,Corn,19.6,60.0,37.5,Armyworms,Low,2,0
OBS-01142,2023-06-26,Central_Valley,Clay,Tomato,17.3,80.4,10.4,Aphids,Medium,5,1
OBS-01143,2023-11-04,East_Region,Clay,Wheat,20.8,33.7,4.1,Blight_Spores,Low,2,0
OBS-01144,2022-01-14,North_Region,Sandy,Soybean,28.5,35.9,5.0,Armyworms,Low,1,0
OBS-01145,2023-05-01,North_Region,Loam,Cotton,15.4,32.7,13.3,Armyworms,Low,2,0
OBS-01146,2022-06-13,West_Region,Silt,Soybean,34.0,60.5,37.8,Aphids,Medium,4,1
OBS-01147,2022-10-27,South_Region,Silt,Soybean,33.4,65.5,31.6,Armyworms,Low,2,0
OBS-01148,2022-09-06,East_Region,Clay,Wheat,11.7,58.4,41.0,Armyworms,Low,0,0
OBS-01149,2023-05-08,East_Region,Loam,Barley,19.4,50.5,43.7,Aphids,Low,2,0
OBS-01150,2023-01-08,East_Region,Clay,Wheat,25.0,55.0,20.6,Aphids,Low,1,0
OBS-01151,2023-08-20,Central_Valley,Loam,Cotton,33.2,93.8,13.0,Aphids,High,7,1
OBS-01152,2022-02-23,North_Region,Sandy,Barley,39.9,84.1,17.9,Aphids,High,7,1
OBS-01153,2023-07-31,East_Region,Sandy,Barley,16.8,83.5,27.9,Blight_Spores,Low,0,0
OBS-01154,2022-05-29,East_Region,Sandy,Rice,14.1,92.8,36.2,Armyworms,Low,0,0
OBS-01155,2023-06-29,South_Region,Loam,Barley,37.3,45.7,1.9,Whiteflies,Medium,6,1
OBS-01156,2022-08-10,Central_Valley,Loam,Soybean,26.0,63.9,29.8,Aphids,Low,3,0
OBS-01157,2022-07-03,South_Region,Clay,Tomato,39.7,44.7,30.7,Whiteflies,Low,3,0
OBS-01158,2022-09-25,Central_Valley,Clay,Rice,29.5,53.5,36.7,Whiteflies,Low,1,0
OBS-01159,2023-01-13,East_Region,Silt,Rice,31.9,56.3,40.5,Whiteflies,Low,1,0
OBS-01160,2023-07-23,Central_Valley,Loam,Soybean,28.5,67.5,1.2,Blight_Spores,Medium,6,1
OBS-01161,2022-01-18,North_Region,Silt,Corn,26.3,83.4,32.4,Beetles,Medium,4,1
OBS-01162,2022-07-11,North_Region,Sandy,Corn,27.5,48.3,10.7,Beetles,Medium,5,1
OBS-01163,2023-03-07,East_Region,Loam,Barley,21.6,61.8,30.5,Beetles,Low,0,0
OBS-01164,2022-05-25,Central_Valley,Loam,Cotton,10.7,55.1,2.9,Aphids,Low,0,0
OBS-01165,2023-09-22,East_Region,Silt,Tomato,38.7,62.6,6.1,Aphids,High,9,1
OBS-01166,2022-05-02,South_Region,Loam,Corn,35.9,39.9,38.2,Beetles,Medium,4,1
OBS-01167,2022-09-12,North_Region,Clay,Rice,34.5,65.4,0.7,Aphids,Medium,5,1
OBS-01168,2023-08-07,West_Region,Clay,Rice,21.0,34.1,41.1,Blight_Spores,Low,1,0
OBS-01169,2023-11-04,East_Region,Loam,Rice,14.0,76.3,17.0,Armyworms,Medium,4,1
OBS-01170,2023-08-23,West_Region,Sandy,Soybean,26.5,82.8,28.0,Blight_Spores,Low,2,0
OBS-01171,2023-02-12,West_Region,Silt,Soybean,15.7,41.8,41.2,Beetles,Low,0,0
OBS-01172,2023-07-20,South_Region,Clay,Barley,36.8,31.5,25.6,Armyworms,Medium,5,1
OBS-01173,2023-09-16,South_Region,Loam,Tomato,26.5,67.4,1.7,Armyworms,Medium,6,1
OBS-01174,2023-04-20,East_Region,Loam,Wheat,28.6,82.8,24.2,Aphids,Low,3,0
OBS-01175,2022-05-19,East_Region,Clay,Cotton,34.9,38.4,45.1,Armyworms,Medium,4,1
OBS-01176,2023-03-19,North_Region,Silt,Rice,27.0,55.8,29.4,Beetles,Low,1,0
OBS-01177,2022-09-23,East_Region,Clay,Soybean,19.4,37.4,3.6,Beetles,Low,2,0
OBS-01178,2022-10-15,North_Region,Clay,Rice,23.4,80.1,45.0,Whiteflies,Low,0,0
OBS-01179,2022-06-19,South_Region,Loam,Wheat,39.5,42.1,15.0,Blight_Spores,Medium,4,1
OBS-01180,2022-04-17,South_Region,Loam,Rice,19.0,88.4,27.9,Whiteflies,Low,1,0
OBS-01181,2023-11-25,East_Region,Sandy,Cotton,24.3,30.1,20.7,Blight_Spores,Medium,4,1
OBS-01182,2023-05-10,Central_Valley,Sandy,Corn,28.7,43.2,7.9,Armyworms,Low,2,0
OBS-01183,2023-02-05,East_Region,Clay,Rice,25.1,74.3,45.4,Beetles,Low,3,0
OBS-01184,2022-08-08,South_Region,Loam,Tomato,36.1,71.5,19.7,Whiteflies,High,10,1
OBS-01185,2023-06-13,West_Region,Loam,Soybean,16.5,62.3,37.8,Whiteflies,Low,2,0
OBS-01186,2023-01-24,North_Region,Loam,Tomato,10.6,41.9,17.3,Blight_Spores,Low,3,0
OBS-01187,2022-01-22,West_Region,Loam,Tomato,16.2,78.5,21.6,Whiteflies,Medium,4,1
OBS-01188,2023-08-01,West_Region,Clay,Rice,20.6,94.0,4.6,Beetles,Medium,5,1
OBS-01189,2023-02-19,North_Region,Clay,Wheat,11.3,91.7,41.6,Blight_Spores,Low,2,0
OBS-01190,2023-04-09,South_Region,Silt,Rice,38.6,42.3,31.4,Armyworms,High,8,1
OBS-01191,2023-03-21,North_Region,Clay,Rice,17.0,58.1,31.2,Whiteflies,Low,1,0
OBS-01192,2023-04-16,South_Region,Loam,Soybean,27.7,86.1,8.8,Whiteflies,Medium,6,1
OBS-01193,2022-09-20,South_Region,Loam,Barley,34.2,33.3,14.1,Armyworms,Medium,4,1
OBS-01194,2023-01-22,East_Region,Sandy,Barley,37.4,82.0,27.5,Beetles,High,8,1
OBS-01195,2023-03-30,West_Region,Loam,Rice,13.9,44.5,32.1,Blight_Spores,Low,0,0
OBS-01196,2022-08-30,South_Region,Loam,Corn,26.6,38.4,24.8,Blight_Spores,Medium,5,1
OBS-01197,2022-08-30,West_Region,Sandy,Soybean,35.2,57.5,10.3,Whiteflies,Medium,4,1
OBS-01198,2023-10-08,Central_Valley,Clay,Rice,14.7,34.0,31.8,Whiteflies,Low,1,0
OBS-01199,2022-11-06,West_Region,Silt,Tomato,28.0,50.9,4.5,Aphids,Low,3,0
OBS-01200,2022-07-29,North_Region,Sandy,Cotton,37.3,80.6,2.6,Blight_Spores,Medium,4,1
OBS-01201,2023-10-22,East_Region,Silt,Soybean,22.8,73.2,43.7,Whiteflies,Low,3,0
OBS-01202,2022-07-20,East_Region,Loam,Rice,31.3,51.4,8.0,Whiteflies,Low,3,0
OBS-01203,2023-11-25,North_Region,Silt,Barley,26.7,54.3,49.6,Whiteflies,Low,1,0
OBS-01204,2023-04-09,East_Region,Loam,Rice,28.2,33.0,18.3,Aphids,Low,2,0
OBS-01205,2023-05-25,East_Region,Loam,Wheat,19.8,55.7,38.0,Blight_Spores,Low,0,0
OBS-01206,2022-10-25,Central_Valley,Loam,Cotton,36.7,84.6,6.3,Whiteflies,Medium,4,1
OBS-01207,2023-03-12,North_Region,Silt,Barley,37.6,75.0,42.5,Blight_Spores,High,7,1
OBS-01208,2023-04-09,East_Region,Loam,Cotton,38.1,71.7,37.5,Beetles,Low,3,0
OBS-01209,2023-01-03,Central_Valley,Loam,Wheat,33.1,43.9,41.9,Beetles,Medium,4,1
OBS-01210,2023-10-27,Central_Valley,Clay,Rice,15.5,69.9,0.5,Beetles,Low,0,0
OBS-01211,2023-10-21,North_Region,Silt,Cotton,26.9,92.3,33.6,Blight_Spores,Low,1,0
OBS-01212,2023-05-30,East_Region,Silt,Corn,21.9,89.7,30.7,Blight_Spores,Low,2,0
OBS-01213,2022-03-21,South_Region,Sandy,Wheat,16.6,72.8,36.3,Aphids,Low,1,0
OBS-01214,2023-01-07,North_Region,Clay,Rice,24.2,88.4,49.6,Aphids,Low,0,0
OBS-01215,2023-06-27,North_Region,Clay,Corn,29.9,77.8,38.1,Aphids,High,7,1
OBS-01216,2022-03-07,West_Region,Loam,Soybean,19.7,48.3,33.9,Blight_Spores,Low,1,0
OBS-01217,2022-01-08,Central_Valley,Silt,Soybean,13.3,46.6,29.9,Aphids,Low,0,0
OBS-01218,2022-12-22,North_Region,Loam,Barley,15.6,33.4,45.7,Aphids,Low,0,0
OBS-01219,2022-06-22,Central_Valley,Clay,Tomato,32.3,71.5,43.8,Whiteflies,Medium,5,1
OBS-01220,2022-07-08,Central_Valley,Silt,Rice,36.9,39.8,39.4,Beetles,Medium,4,1
OBS-01221,2023-10-18,West_Region,Sandy,Rice,12.3,81.3,9.8,Whiteflies,Low,2,0
OBS-01222,2023-07-20,Central_Valley,Clay,Tomato,16.4,56.5,1.5,Armyworms,Low,3,0
OBS-01223,2023-04-29,Central_Valley,Sandy,Rice,39.0,37.9,18.1,Beetles,Medium,6,1
OBS-01224,2022-01-03,West_Region,Silt,Corn,27.6,78.3,34.9,Beetles,Low,3,0
OBS-01225,2022-11-05,Central_Valley,Sandy,Soybean,13.4,63.0,16.5,Aphids,Low,0,0
OBS-01226,2023-06-17,South_Region,Silt,Soybean,26.5,43.0,25.7,Aphids,Low,1,0
OBS-01227,2022-11-16,West_Region,Silt,Barley,33.3,93.9,26.9,Armyworms,Medium,4,1
OBS-01228,2023-06-22,Central_Valley,Clay,Cotton,15.7,31.1,18.2,Armyworms,Low,3,0
OBS-01229,2023-05-13,West_Region,Sandy,Cotton,10.5,90.2,23.7,Aphids,Low,3,0
OBS-01230,2022-11-10,West_Region,Loam,Tomato,30.2,91.6,31.1,Blight_Spores,Medium,5,1
OBS-01231,2022-08-03,West_Region,Sandy,Tomato,24.5,71.2,47.6,Aphids,Medium,5,1
OBS-01232,2022-05-30,North_Region,Clay,Tomato,19.4,37.7,49.0,Armyworms,Medium,4,1
OBS-01233,2022-10-20,Central_Valley,Silt,Tomato,21.1,67.0,22.4,Aphids,Low,2,0
OBS-01234,2023-02-25,North_Region,Clay,Cotton,23.9,45.9,4.4,Whiteflies,Low,2,0
OBS-01235,2023-03-25,Central_Valley,Silt,Soybean,23.1,50.1,14.1,Armyworms,Low,3,0
OBS-01236,2022-08-02,North_Region,Silt,Tomato,22.3,32.3,25.6,Blight_Spores,Low,0,0
OBS-01237,2023-03-08,South_Region,Sandy,Corn,23.1,85.4,41.1,Armyworms,Medium,4,1
OBS-01238,2022-11-08,North_Region,Clay,Corn,39.3,51.6,34.4,Armyworms,Medium,6,1
OBS-01239,2022-10-12,Central_Valley,Clay,Soybean,18.1,40.4,18.3,Blight_Spores,Low,2,0
OBS-01240,2022-01-18,North_Region,Clay,Rice,13.6,56.1,45.7,Aphids,Low,0,0
OBS-01241,2022-01-08,South_Region,Sandy,Tomato,19.8,49.9,14.1,Armyworms,Medium,4,1
OBS-01242,2022-10-15,East_Region,Loam,Corn,38.4,35.2,44.5,Whiteflies,Low,1,0
OBS-01243,2022-01-03,West_Region,Clay,Tomato,23.4,53.3,10.3,Blight_Spores,Medium,4,1
OBS-01244,2022-07-11,Central_Valley,Sandy,Rice,18.6,44.3,3.0,Aphids,Low,2,0
OBS-01245,2022-07-05,North_Region,Loam,Barley,23.4,36.4,16.7,Aphids,Low,1,0
OBS-01246,2023-04-18,South_Region,Clay,Barley,20.3,94.6,19.9,Blight_Spores,Low,0,0
OBS-01247,2022-04-17,East_Region,Silt,Rice,27.5,36.0,37.7,Armyworms,Medium,5,1
OBS-01248,2022-03-03,North_Region,Loam,Cotton,28.6,79.2,48.0,Whiteflies,Low,3,0
OBS-01249,2023-11-01,North_Region,Silt,Wheat,25.4,50.9,35.0,Beetles,Medium,4,1
OBS-01250,2022-10-22,West_Region,Sandy,Rice,23.3,37.1,48.9,Armyworms,Low,0,0
OBS-01251,2023-01-14,North_Region,Sandy,Soybean,27.2,52.0,33.2,Whiteflies,Low,3,0
OBS-01252,2023-10-05,East_Region,Clay,Tomato,33.1,93.7,45.1,Aphids,High,7,1
OBS-01253,2022-03-15,South_Region,Loam,Cotton,26.5,75.5,29.2,Beetles,High,9,1
OBS-01254,2022-09-14,East_Region,Silt,Soybean,37.9,84.5,39.9,Armyworms,Low,1,0
OBS-01255,2022-06-29,South_Region,Loam,Soybean,15.4,94.4,28.0,Aphids,Low,1,0
OBS-01256,2022-06-02,South_Region,Sandy,Barley,18.0,57.0,3.6,Beetles,Low,0,0
OBS-01257,2022-01-27,Central_Valley,Silt,Tomato,18.4,39.3,11.2,Whiteflies,Low,3,0
OBS-01258,2023-08-05,North_Region,Sandy,Corn,27.2,71.7,30.9,Armyworms,Medium,5,1
OBS-01259,2023-04-06,Central_Valley,Sandy,Corn,39.2,94.5,48.5,Whiteflies,Medium,4,1
OBS-01260,2023-08-12,Central_Valley,Sandy,Corn,34.3,37.0,33.8,Blight_Spores,Low,3,0
OBS-01261,2023-09-14,West_Region,Loam,Soybean,14.0,84.5,33.2,Blight_Spores,Low,2,0
OBS-01262,2023-12-02,West_Region,Clay,Soybean,32.5,82.9,29.9,Armyworms,Medium,4,1
OBS-01263,2022-04-07,South_Region,Sandy,Soybean,34.3,64.9,19.2,Whiteflies,Low,3,0
OBS-01264,2023-01-19,South_Region,Sandy,Tomato,37.8,62.5,7.0,Armyworms,Medium,6,1
OBS-01265,2022-06-17,West_Region,Sandy,Barley,34.8,47.5,39.9,Beetles,Medium,4,1
OBS-01266,2023-09-21,Central_Valley,Clay,Corn,14.2,80.0,0.1,Armyworms,Low,0,0
OBS-01267,2023-02-23,Central_Valley,Silt,Barley,10.2,59.8,11.9,Armyworms,Low,1,0
OBS-01268,2023-05-12,North_Region,Loam,Tomato,20.7,66.2,14.2,Blight_Spores,Low,2,0
OBS-01269,2023-09-01,West_Region,Loam,Soybean,26.7,76.7,20.4,Armyworms,Medium,4,1
OBS-01270,2023-03-19,East_Region,Sandy,Soybean,38.5,46.3,31.5,Beetles,Low,3,0
OBS-01271,2022-03-14,South_Region,Loam,Wheat,34.0,78.9,13.8,Armyworms,High,8,1
OBS-01272,2023-11-30,South_Region,Loam,Wheat,35.6,79.1,17.4,Beetles,Low,2,0
OBS-01273,2023-01-27,East_Region,Sandy,Corn,10.9,52.9,35.2,Armyworms,Low,0,0
OBS-01274,2022-11-19,Central_Valley,Silt,Cotton,35.0,43.8,17.1,Beetles,Medium,6,1
OBS-01275,2022-10-21,East_Region,Loam,Wheat,27.5,78.0,40.0,Beetles,Low,0,0
OBS-01276,2022-02-27,West_Region,Sandy,Rice,34.1,40.9,32.7,Armyworms,Low,2,0
OBS-01277,2022-09-30,East_Region,Sandy,Corn,37.9,79.1,36.6,Blight_Spores,Low,3,0
OBS-01278,2022-04-02,North_Region,Clay,Cotton,21.8,39.4,35.5,Blight_Spores,Low,2,0
OBS-01279,2023-02-25,West_Region,Clay,Corn,28.4,90.5,27.6,Whiteflies,Medium,4,1
OBS-01280,2022-01-26,East_Region,Silt,Cotton,26.9,81.4,8.4,Whiteflies,Medium,4,1
OBS-01281,2023-01-23,South_Region,Silt,Wheat,14.4,34.2,49.9,Armyworms,Low,1,0
OBS-01282,2023-04-23,Central_Valley,Sandy,Tomato,23.1,73.8,23.4,Armyworms,Low,2,0
OBS-01283,2022-04-01,North_Region,Loam,Tomato,13.1,70.5,14.1,Blight_Spores,Low,0,0
OBS-01284,2022-04-18,East_Region,Sandy,Cotton,18.2,34.6,46.8,Armyworms,Low,3,0
OBS-01285,2023-09-25,South_Region,Sandy,Soybean,18.9,84.2,33.8,Aphids,Low,1,0
OBS-01286,2022-05-13,East_Region,Silt,Wheat,21.1,53.6,31.0,Armyworms,Low,2,0
OBS-01287,2023-09-10,East_Region,Clay,Cotton,11.6,62.7,21.2,Aphids,Low,1,0
OBS-01288,2023-04-04,East_Region,Sandy,Tomato,26.0,87.4,6.0,Beetles,Medium,4,1
OBS-01289,2023-03-07,North_Region,Loam,Wheat,28.4,65.5,37.6,Blight_Spores,Low,1,0
OBS-01290,2023-03-13,South_Region,Loam,Cotton,28.7,56.1,33.3,Beetles,Low,1,0
OBS-01291,2023-10-02,East_Region,Silt,Wheat,39.0,69.8,3.0,Beetles,Low,3,0
OBS-01292,2022-12-31,Central_Valley,Sandy,Barley,13.8,91.3,16.6,Armyworms,Low,2,0
OBS-01293,2022-11-29,Central_Valley,Clay,Corn,19.1,44.8,17.0,Aphids,Low,1,0
OBS-01294,2022-02-15,North_Region,Loam,Wheat,40.0,75.7,24.4,Aphids,Medium,6,1
OBS-01295,2023-01-12,West_Region,Silt,Cotton,16.1,36.5,13.9,Aphids,Low,0,0
OBS-01296,2023-06-18,South_Region,Clay,Rice,17.6,58.7,35.7,Blight_Spores,Low,0,0
OBS-01297,2023-10-23,Central_Valley,Loam,Cotton,20.0,75.4,42.6,Beetles,Low,0,0
OBS-01298,2022-05-09,Central_Valley,Loam,Tomato,35.6,87.2,0.1,Blight_Spores,High,10,1
OBS-01299,2022-12-27,North_Region,Loam,Corn,32.4,88.6,2.0,Armyworms,Medium,4,1
OBS-01300,2022-03-10,North_Region,Sandy,Tomato,25.0,62.3,10.7,Aphids,Low,2,0
OBS-01301,2022-08-20,Central_Valley,Sandy,Tomato,22.7,38.9,8.4,Blight_Spores,Low,0,0
OBS-01302,2022-12-29,East_Region,Sandy,Corn,11.0,58.9,27.7,Whiteflies,Low,2,0
OBS-01303,2023-01-21,Central_Valley,Sandy,Rice,16.5,38.9,13.9,Whiteflies,Low,0,0
OBS-01304,2023-04-30,West_Region,Sandy,Soybean,30.0,93.8,12.6,Whiteflies,Low,3,0
OBS-01305,2022-07-28,North_Region,Clay,Tomato,23.8,41.4,38.1,Armyworms,Low,3,0
OBS-01306,2022-08-22,West_Region,Clay,Barley,35.6,76.1,42.5,Blight_Spores,Low,2,0
OBS-01307,2023-01-24,South_Region,Sandy,Soybean,13.7,93.3,5.0,Blight_Spores,Low,1,0
OBS-01308,2022-07-11,South_Region,Loam,Tomato,12.0,41.5,1.9,Whiteflies,Low,1,0
OBS-01309,2023-01-23,South_Region,Silt,Cotton,24.9,62.3,15.2,Aphids,Low,2,0
OBS-01310,2022-10-21,North_Region,Loam,Soybean,32.9,49.7,49.8,Whiteflies,Medium,5,1
OBS-01311,2022-03-21,South_Region,Clay,Cotton,11.5,45.9,5.0,Beetles,Low,3,0
OBS-01312,2023-07-25,East_Region,Clay,Wheat,10.5,50.2,26.0,Beetles,Low,0,0
OBS-01313,2023-11-17,East_Region,Loam,Cotton,10.4,75.9,34.3,Blight_Spores,Low,0,0
OBS-01314,2022-09-18,Central_Valley,Sandy,Rice,25.4,43.2,12.9,Armyworms,Low,2,0
OBS-01315,2023-03-16,West_Region,Clay,Cotton,17.1,58.3,41.6,Whiteflies,Low,1,0
OBS-01316,2023-11-01,West_Region,Sandy,Cotton,14.8,61.1,25.3,Blight_Spores,Low,1,0
OBS-01317,2022-09-24,Central_Valley,Clay,Rice,27.9,66.5,22.9,Blight_Spores,Low,1,0
OBS-01318,2022-06-30,North_Region,Sandy,Soybean,39.6,87.5,7.5,Beetles,Medium,4,1
OBS-01319,2023-07-23,North_Region,Loam,Wheat,26.3,55.0,12.0,Armyworms,Low,2,0
OBS-01320,2022-05-21,Central_Valley,Clay,Wheat,15.5,74.8,39.2,Whiteflies,Low,2,0
OBS-01321,2022-11-01,East_Region,Silt,Rice,18.8,35.7,38.0,Aphids,Low,0,0
OBS-01322,2023-11-30,South_Region,Loam,Cotton,24.2,65.0,10.2,Beetles,Low,1,0
OBS-01323,2023-03-08,North_Region,Clay,Barley,16.3,52.5,8.6,Blight_Spores,Low,2,0
OBS-01324,2022-12-23,East_Region,Loam,Tomato,22.1,86.3,49.7,Armyworms,Low,2,0
OBS-01325,2023-06-01,North_Region,Clay,Wheat,15.0,65.6,16.9,Blight_Spores,Low,0,0
OBS-01326,2022-05-29,South_Region,Silt,Corn,25.7,92.4,3.0,Aphids,Medium,4,1
OBS-01327,2022-02-14,South_Region,Clay,Rice,34.1,79.7,48.8,Beetles,Medium,5,1
OBS-01328,2023-11-06,West_Region,Loam,Cotton,26.4,72.0,16.4,Whiteflies,Medium,4,1
OBS-01329,2023-01-25,South_Region,Silt,Cotton,18.9,44.4,15.9,Armyworms,Low,1,0
OBS-01330,2023-03-04,South_Region,Loam,Rice,24.5,54.1,10.0,Aphids,Low,1,0
OBS-01331,2022-04-25,North_Region,Clay,Corn,20.0,94.5,39.0,Whiteflies,Low,2,0
OBS-01332,2022-08-25,North_Region,Sandy,Tomato,33.5,62.4,39.7,Beetles,Low,2,0
OBS-01333,2023-07-27,Central_Valley,Loam,Soybean,31.4,57.8,8.4,Aphids,Low,3,0
OBS-01334,2023-04-18,Central_Valley,Loam,Cotton,22.0,31.3,6.0,Beetles,Low,2,0
OBS-01335,2023-05-20,South_Region,Loam,Corn,38.7,85.9,43.4,Blight_Spores,Low,3,0
OBS-01336,2022-05-04,South_Region,Loam,Soybean,18.7,51.9,49.6,Beetles,Low,1,0
OBS-01337,2022-06-11,South_Region,Sandy,Barley,33.0,88.5,11.5,Blight_Spores,Low,2,0
OBS-01338,2023-07-02,West_Region,Loam,Wheat,18.6,43.3,27.1,Whiteflies,Low,2,0
OBS-01339,2022-11-09,South_Region,Silt,Wheat,33.6,63.8,31.2,Whiteflies,Low,2,0
OBS-01340,2022-05-19,North_Region,Sandy,Rice,10.8,41.7,27.7,Beetles,Low,1,0
OBS-01341,2022-04-08,South_Region,Clay,Barley,39.6,68.5,19.8,Whiteflies,Medium,4,1
OBS-01342,2022-07-01,East_Region,Silt,Soybean,29.0,37.6,38.8,Blight_Spores,Low,2,0
OBS-01343,2022-10-09,South_Region,Silt,Cotton,29.7,66.9,1.3,Blight_Spores,Low,3,0
OBS-01344,2022-12-05,Central_Valley,Loam,Wheat,24.4,70.6,2.1,Whiteflies,Low,2,0
OBS-01345,2022-11-22,East_Region,Silt,Corn,18.2,67.5,1.4,Beetles,Low,2,0
OBS-01346,2023-09-30,South_Region,Loam,Corn,33.3,51.1,18.6,Whiteflies,Low,3,0
OBS-01347,2022-07-03,West_Region,Clay,Cotton,11.2,79.6,1.2,Armyworms,Medium,4,1
OBS-01348,2022-06-23,South_Region,Sandy,Wheat,33.2,39.3,37.9,Armyworms,Low,3,0
OBS-01349,2022-07-06,West_Region,Silt,Tomato,23.3,67.3,37.6,Armyworms,Low,2,0
OBS-01350,2023-02-25,West_Region,Sandy,Cotton,28.4,33.9,4.7,Beetles,High,7,1
OBS-01351,2022-03-31,East_Region,Clay,Rice,30.4,87.4,20.3,Armyworms,Low,3,0
OBS-01352,2023-09-13,East_Region,Clay,Tomato,36.3,69.6,46.0,Whiteflies,Low,2,0
OBS-01353,2022-05-12,Central_Valley,Silt,Tomato,34.2,49.4,15.4,Aphids,Medium,6,1
OBS-01354,2023-10-30,Central_Valley,Loam,Wheat,29.7,37.8,38.4,Armyworms,Low,0,0
OBS-01355,2023-02-21,East_Region,Clay,Corn,25.8,54.6,27.5,Armyworms,Medium,4,1
OBS-01356,2022-05-15,Central_Valley,Silt,Cotton,39.2,68.1,21.9,Armyworms,Low,3,0
OBS-01357,2023-10-08,West_Region,Loam,Rice,35.8,48.9,10.3,Aphids,Low,3,0
OBS-01358,2022-02-02,Central_Valley,Silt,Tomato,10.1,84.0,34.2,Blight_Spores,Low,3,0
OBS-01359,2022-08-20,Central_Valley,Silt,Barley,15.8,65.6,30.8,Blight_Spores,Low,0,0
OBS-01360,2022-02-08,East_Region,Sandy,Wheat,32.1,49.3,30.3,Blight_Spores,Low,3,0
OBS-01361,2023-03-23,South_Region,Silt,Wheat,26.9,92.9,38.9,Whiteflies,Low,2,0
OBS-01362,2023-05-03,East_Region,Loam,Corn,25.1,34.9,2.8,Beetles,Medium,6,1
OBS-01363,2023-08-30,North_Region,Clay,Cotton,17.0,69.1,38.4,Blight_Spores,Low,1,0
OBS-01364,2023-05-08,South_Region,Clay,Cotton,15.5,73.1,31.6,Blight_Spores,Low,2,0
OBS-01365,2023-05-04,Central_Valley,Clay,Tomato,12.2,81.7,11.2,Beetles,Low,3,0
OBS-01366,2023-02-23,North_Region,Sandy,Tomato,20.8,45.1,35.4,Blight_Spores,Low,3,0
OBS-01367,2022-10-14,South_Region,Silt,Barley,38.7,36.1,12.2,Aphids,Medium,5,1
OBS-01368,2023-09-21,East_Region,Loam,Barley,34.2,76.1,32.9,Whiteflies,Medium,4,1
OBS-01369,2022-08-07,South_Region,Clay,Corn,22.4,59.3,41.5,Armyworms,Low,1,0
OBS-01370,2023-02-05,North_Region,Silt,Tomato,39.7,64.1,27.5,Armyworms,Low,3,0
OBS-01371,2023-11-07,West_Region,Loam,Corn,30.2,52.1,35.8,Whiteflies,Low,3,0
OBS-01372,2023-11-11,North_Region,Silt,Wheat,39.5,91.9,10.1,Aphids,High,8,1
OBS-01373,2023-10-28,East_Region,Clay,Cotton,38.6,48.7,0.6,Whiteflies,Low,2,0
OBS-01374,2023-08-13,Central_Valley,Sandy,Barley,33.2,93.3,30.1,Aphids,Medium,5,1
OBS-01375,2022-01-23,East_Region,Sandy,Wheat,25.8,87.2,11.7,Armyworms,Low,3,0
OBS-01376,2023-08-03,East_Region,Loam,Barley,37.5,72.8,3.2,Beetles,Low,2,0
OBS-01377,2023-02-04,East_Region,Clay,Rice,22.6,53.6,48.4,Blight_Spores,Low,0,0
OBS-01378,2022-12-25,North_Region,Loam,Tomato,30.3,89.0,44.6,Blight_Spores,Low,3,0
OBS-01379,2022-09-02,South_Region,Clay,Barley,12.9,73.4,45.8,Aphids,Medium,6,1
OBS-01380,2023-06-20,Central_Valley,Silt,Cotton,12.2,40.7,47.3,Beetles,Medium,4,1
OBS-01381,2022-08-14,West_Region,Clay,Corn,13.6,91.1,9.6,Armyworms,Medium,5,1
OBS-01382,2022-12-23,North_Region,Clay,Barley,14.2,84.2,0.3,Armyworms,Low,2,0
OBS-01383,2022-06-18,West_Region,Loam,Barley,10.9,44.0,10.2,Blight_Spores,Low,1,0
OBS-01384,2022-09-23,West_Region,Clay,Tomato,26.7,86.0,2.9,Aphids,Medium,6,1
OBS-01385,2023-09-18,West_Region,Silt,Cotton,36.8,61.4,42.9,Armyworms,Medium,5,1
OBS-01386,2023-08-04,South_Region,Loam,Corn,25.5,80.9,22.2,Blight_Spores,Low,1,0
OBS-01387,2023-10-20,East_Region,Clay,Wheat,34.6,53.3,44.3,Blight_Spores,Low,0,0
OBS-01388,2022-07-05,North_Region,Loam,Cotton,36.8,42.9,10.9,Blight_Spores,Medium,5,1
OBS-01389,2022-09-14,North_Region,Silt,Barley,13.2,37.3,27.1,Blight_Spores,Low,0,0
OBS-01390,2022-10-21,West_Region,Sandy,Wheat,17.9,80.3,30.6,Armyworms,Low,2,0
OBS-01391,2022-08-07,Central_Valley,Loam,Barley,23.6,86.3,29.4,Blight_Spores,Low,2,0
OBS-01392,2022-10-20,Central_Valley,Sandy,Corn,38.0,85.9,28.3,Beetles,Low,2,0
OBS-01393,2023-07-01,West_Region,Clay,Tomato,15.7,40.6,29.6,Armyworms,Low,1,0
OBS-01394,2022-10-15,Central_Valley,Clay,Tomato,27.6,30.6,42.3,Blight_Spores,Medium,6,1
OBS-01395,2022-08-21,North_Region,Silt,Wheat,38.7,90.6,49.8,Armyworms,Medium,5,1
OBS-01396,2023-08-03,East_Region,Loam,Tomato,14.7,69.0,45.6,Aphids,Low,3,0
OBS-01397,2022-09-20,South_Region,Sandy,Corn,28.7,69.4,0.7,Aphids,Low,3,0
OBS-01398,2023-11-25,South_Region,Loam,Wheat,21.5,44.0,37.3,Beetles,Low,1,0
OBS-01399,2023-07-31,North_Region,Clay,Rice,18.8,80.2,43.4,Beetles,Low,3,0
OBS-01400,2022-03-03,Central_Valley,Loam,Wheat,39.3,71.7,21.1,Beetles,Low,2,0
OBS-01401,2022-04-22,East_Region,Clay,Wheat,20.9,37.3,31.7,Armyworms,Low,0,0
OBS-01402,2023-07-29,West_Region,Loam,Wheat,31.0,34.4,30.1,Whiteflies,Low,3,0
OBS-01403,2023-05-03,South_Region,Loam,Barley,24.2,36.6,43.6,Aphids,Low,0,0
OBS-01404,2022-04-04,Central_Valley,Loam,Wheat,33.6,53.2,5.4,Aphids,Medium,5,1
OBS-01405,2023-04-27,North_Region,Loam,Soybean,29.8,34.7,28.2,Aphids,Low,3,0
OBS-01406,2022-01-05,North_Region,Clay,Barley,13.3,61.5,6.6,Armyworms,Low,1,0
OBS-01407,2022-05-21,South_Region,Silt,Corn,24.1,78.1,31.0,Armyworms,Medium,4,1
OBS-01408,2022-12-06,South_Region,Loam,Corn,25.1,91.3,23.9,Armyworms,Low,2,0
OBS-01409,2022-11-19,West_Region,Clay,Barley,15.7,92.7,26.7,Armyworms,Low,1,0
OBS-01410,2022-07-16,West_Region,Clay,Cotton,31.2,70.5,26.6,Whiteflies,Medium,4,1
OBS-01411,2022-06-13,South_Region,Loam,Barley,22.0,82.8,39.2,Beetles,Low,2,0
OBS-01412,2022-08-24,South_Region,Loam,Cotton,35.8,40.5,18.4,Armyworms,Low,1,0
OBS-01413,2022-02-26,North_Region,Silt,Corn,11.9,60.7,49.7,Blight_Spores,Low,3,0
OBS-01414,2022-02-07,North_Region,Loam,Cotton,35.1,90.5,7.4,Aphids,High,9,1
OBS-01415,2022-12-31,East_Region,Loam,Barley,26.2,32.8,4.5,Blight_Spores,Low,1,0
OBS-01416,2022-02-26,North_Region,Sandy,Barley,25.4,82.7,37.2,Whiteflies,Medium,5,1
OBS-01417,2022-06-13,East_Region,Sandy,Barley,15.0,89.4,27.0,Whiteflies,Low,1,0
OBS-01418,2022-06-29,West_Region,Sandy,Soybean,10.9,91.8,44.5,Aphids,Low,0,0
OBS-01419,2022-03-03,North_Region,Loam,Soybean,18.7,36.4,21.1,Armyworms,Low,0,0
OBS-01420,2022-09-02,North_Region,Loam,Rice,13.2,50.2,27.6,Beetles,Low,0,0
OBS-01421,2022-07-03,South_Region,Clay,Wheat,28.2,56.7,48.4,Whiteflies,Low,1,0
OBS-01422,2022-12-19,Central_Valley,Loam,Rice,25.1,54.5,22.0,Armyworms,Low,0,0
OBS-01423,2023-05-14,West_Region,Loam,Cotton,20.6,50.0,31.3,Beetles,Low,0,0
OBS-01424,2023-10-30,North_Region,Sandy,Corn,34.1,39.2,32.8,Whiteflies,Low,2,0
OBS-01425,2023-04-12,West_Region,Clay,Soybean,19.1,46.7,13.4,Aphids,Low,1,0
OBS-01426,2022-05-16,North_Region,Sandy,Wheat,28.1,61.8,28.6,Aphids,Low,0,0
OBS-01427,2023-07-17,West_Region,Loam,Corn,17.4,55.2,3.8,Whiteflies,Low,2,0
OBS-01428,2022-11-27,East_Region,Clay,Tomato,12.5,32.4,13.1,Armyworms,Low,2,0
OBS-01429,2022-01-29,Central_Valley,Silt,Rice,11.5,93.9,14.9,Armyworms,Low,1,0
OBS-01430,2023-07-20,North_Region,Silt,Corn,28.7,46.0,28.2,Aphids,Medium,6,1
OBS-01431,2022-01-09,East_Region,Clay,Rice,33.5,58.6,1.1,Armyworms,Low,3,0
OBS-01432,2022-03-14,West_Region,Loam,Soybean,38.1,88.7,11.1,Aphids,Low,1,0
OBS-01433,2022-08-08,West_Region,Loam,Tomato,28.4,45.8,34.8,Armyworms,Low,3,0
OBS-01434,2022-01-11,Central_Valley,Silt,Tomato,32.1,64.9,42.4,Armyworms,High,7,1
OBS-01435,2023-10-10,North_Region,Silt,Corn,19.9,67.9,33.6,Whiteflies,Low,3,0
OBS-01436,2023-07-25,East_Region,Clay,Rice,10.0,32.3,43.7,Armyworms,Low,1,0
OBS-01437,2022-10-29,South_Region,Clay,Corn,31.1,84.0,7.4,Whiteflies,Medium,5,1
OBS-01438,2022-03-31,South_Region,Clay,Tomato,14.0,73.5,26.8,Whiteflies,Medium,4,1
OBS-01439,2022-12-29,East_Region,Sandy,Cotton,38.6,93.0,27.6,Blight_Spores,Medium,5,1
OBS-01440,2023-08-16,West_Region,Loam,Cotton,10.8,40.9,19.8,Whiteflies,Low,0,0
OBS-01441,2022-06-14,North_Region,Silt,Tomato,39.9,36.7,17.1,Aphids,High,10,1
OBS-01442,2022-11-27,East_Region,Sandy,Tomato,19.5,61.7,16.4,Beetles,Low,2,0
OBS-01443,2023-05-11,Central_Valley,Clay,Rice,22.1,52.7,38.9,Blight_Spores,Low,0,0
OBS-01444,2022-09-29,West_Region,Loam,Wheat,18.3,52.4,48.7,Blight_Spores,Low,0,0
OBS-01445,2022-11-28,North_Region,Clay,Soybean,21.1,74.9,2.3,Armyworms,Low,1,0
OBS-01446,2023-07-11,South_Region,Silt,Barley,36.1,65.9,34.1,Blight_Spores,Low,2,0
OBS-01447,2023-01-31,Central_Valley,Clay,Tomato,18.6,68.6,5.5,Aphids,Medium,4,1
OBS-01448,2022-04-20,East_Region,Clay,Cotton,30.1,94.6,10.2,Beetles,Medium,5,1
OBS-01449,2022-12-12,East_Region,Sandy,Corn,26.1,42.1,32.7,Beetles,Medium,5,1
OBS-01450,2022-01-10,North_Region,Silt,Soybean,37.9,31.9,45.7,Blight_Spores,Low,1,0
OBS-01451,2022-07-24,East_Region,Loam,Wheat,22.2,54.0,2.0,Beetles,Low,0,0
OBS-01452,2023-08-14,South_Region,Silt,Barley,14.6,73.8,16.1,Blight_Spores,High,7,1
OBS-01453,2022-11-19,West_Region,Silt,Wheat,12.8,36.7,7.6,Blight_Spores,Low,2,0
OBS-01454,2023-09-28,West_Region,Silt,Soybean,27.4,40.6,35.3,Armyworms,Low,1,0
OBS-01455,2023-02-02,South_Region,Sandy,Tomato,19.7,90.5,5.3,Whiteflies,Medium,5,1
OBS-01456,2022-08-27,Central_Valley,Loam,Cotton,30.0,68.4,14.2,Blight_Spores,Medium,4,1
OBS-01457,2023-09-18,South_Region,Sandy,Rice,16.0,75.9,8.8,Aphids,Low,3,0
OBS-01458,2023-09-12,East_Region,Clay,Tomato,10.2,58.8,44.2,Whiteflies,Low,2,0
OBS-01459,2022-05-31,West_Region,Loam,Wheat,18.0,34.3,41.2,Aphids,Low,0,0
OBS-01460,2022-10-26,South_Region,Clay,Wheat,25.0,57.6,4.9,Beetles,Low,1,0
OBS-01461,2023-05-17,East_Region,Silt,Wheat,34.2,41.5,8.0,Armyworms,Low,1,0
OBS-01462,2023-03-22,Central_Valley,Loam,Tomato,14.6,80.4,30.2,Beetles,Medium,4,1
OBS-01463,2023-07-09,South_Region,Sandy,Corn,24.8,53.4,14.2,Armyworms,Low,3,0
OBS-01464,2023-03-29,South_Region,Silt,Soybean,14.5,48.7,3.3,Aphids,Low,2,0
OBS-01465,2022-08-20,East_Region,Sandy,Rice,23.5,35.1,6.6,Beetles,Low,2,0
OBS-01466,2022-02-07,North_Region,Loam,Wheat,29.0,46.8,3.8,Whiteflies,Medium,4,1
OBS-01467,2023-05-27,South_Region,Sandy,Barley,39.7,46.4,7.3,Aphids,Medium,4,1
OBS-01468,2023-10-14,South_Region,Loam,Soybean,32.8,90.7,45.9,Blight_Spores,Medium,4,1
OBS-01469,2022-08-10,North_Region,Silt,Barley,33.3,63.9,35.6,Whiteflies,Low,3,0
OBS-01470,2023-07-21,Central_Valley,Clay,Corn,21.9,67.8,20.6,Whiteflies,Low,0,0
OBS-01471,2023-04-22,Central_Valley,Sandy,Tomato,35.9,31.6,4.1,Armyworms,Medium,4,1
OBS-01472,2023-11-30,East_Region,Clay,Barley,36.1,38.9,37.0,Blight_Spores,Medium,5,1
OBS-01473,2022-05-16,East_Region,Clay,Corn,18.0,81.8,38.2,Beetles,Low,2,0
OBS-01474,2022-05-06,South_Region,Loam,Corn,13.8,81.0,40.9,Blight_Spores,Low,1,0
OBS-01475,2022-02-26,South_Region,Silt,Cotton,35.4,90.6,37.4,Beetles,Medium,4,1
OBS-01476,2023-09-02,East_Region,Clay,Rice,27.4,70.4,9.8,Aphids,High,7,1
OBS-01477,2023-01-29,North_Region,Silt,Cotton,26.5,48.9,9.2,Aphids,Low,2,0
OBS-01478,2022-04-16,Central_Valley,Sandy,Corn,32.7,49.7,18.4,Blight_Spores,High,7,1
OBS-01479,2023-07-25,North_Region,Sandy,Cotton,21.3,48.7,29.2,Whiteflies,Low,1,0
OBS-01480,2022-01-14,North_Region,Silt,Soybean,12.1,48.5,9.7,Aphids,Low,2,0
OBS-01481,2022-08-25,North_Region,Loam,Rice,20.4,79.6,24.9,Whiteflies,Low,0,0
OBS-01482,2022-06-02,North_Region,Loam,Rice,17.7,70.5,7.0,Beetles,Low,2,0
OBS-01483,2023-07-20,Central_Valley,Clay,Barley,16.0,79.2,1.6,Armyworms,Low,3,0
OBS-01484,2023-07-01,Central_Valley,Silt,Corn,19.9,74.5,6.0,Armyworms,Medium,4,1
OBS-01485,2023-05-11,East_Region,Clay,Barley,29.2,49.9,8.9,Blight_Spores,Low,1,0
OBS-01486,2023-11-01,South_Region,Clay,Tomato,14.1,68.1,2.3,Blight_Spores,Medium,4,1
OBS-01487,2022-06-20,Central_Valley,Loam,Rice,27.9,45.5,47.8,Aphids,Low,3,0
OBS-01488,2022-05-16,East_Region,Sandy,Corn,26.1,47.0,9.0,Armyworms,Medium,5,1
OBS-01489,2023-11-29,North_Region,Silt,Rice,11.4,92.1,9.2,Blight_Spores,Low,2,0
OBS-01490,2023-05-21,North_Region,Loam,Corn,19.2,35.0,35.7,Whiteflies,Low,0,0
OBS-01491,2023-03-19,West_Region,Loam,Rice,20.4,47.4,17.9,Armyworms,Low,0,0
OBS-01492,2022-04-10,East_Region,Silt,Rice,28.7,61.9,29.0,Whiteflies,Low,2,0
OBS-01493,2023-07-08,Central_Valley,Loam,Soybean,35.0,49.2,18.7,Whiteflies,Medium,4,1
OBS-01494,2022-09-10,North_Region,Sandy,Soybean,17.8,51.5,20.8,Beetles,Low,0,0
OBS-01495,2022-04-06,West_Region,Sandy,Corn,37.3,76.2,36.7,Whiteflies,Medium,5,1
OBS-01496,2022-10-06,Central_Valley,Loam,Tomato,34.9,73.0,9.8,Beetles,Medium,6,1
OBS-01497,2022-09-02,West_Region,Clay,Corn,22.8,42.6,49.6,Whiteflies,Low,2,0
OBS-01498,2022-09-08,West_Region,Silt,Wheat,11.3,38.3,35.5,Aphids,Low,1,0
OBS-01499,2022-03-03,Central_Valley,Sandy,Rice,11.2,89.8,1.2,Whiteflies,Low,0,0
OBS-01500,2022-02-07,West_Region,Loam,Cotton,11.4,84.6,3.0,Armyworms,Medium,4,1
OBS-01501,2023-02-17,West_Region,Clay,Rice,17.7,32.9,39.4,Whiteflies,Low,1,0
OBS-01502,2022-06-26,North_Region,Sandy,Rice,31.9,77.4,9.8,Armyworms,Low,1,0
OBS-01503,2022-04-07,East_Region,Silt,Rice,30.0,71.0,12.0,Whiteflies,Medium,6,1
OBS-01504,2022-01-11,North_Region,Clay,Tomato,19.0,72.3,7.1,Aphids,Low,3,0
OBS-01505,2023-04-03,North_Region,Loam,Corn,21.4,71.4,1.7,Armyworms,Medium,5,1
OBS-01506,2023-08-15,Central_Valley,Loam,Soybean,27.3,65.0,3.9,Aphids,Medium,5,1
OBS-01507,2022-08-29,Central_Valley,Silt,Barley,10.9,58.5,21.0,Beetles,Low,2,0
OBS-01508,2022-06-05,Central_Valley,Silt,Soybean,21.1,49.5,50.0,Whiteflies,Low,0,0
OBS-01509,2023-05-23,West_Region,Clay,Rice,34.4,42.6,38.0,Beetles,Low,2,0
OBS-01510,2022-02-06,North_Region,Silt,Tomato,16.7,43.5,47.1,Blight_Spores,Low,1,0
OBS-01511,2023-08-26,East_Region,Sandy,Wheat,27.0,46.1,28.0,Blight_Spores,Low,2,0
OBS-01512,2022-05-01,South_Region,Sandy,Cotton,11.1,77.5,16.9,Beetles,Low,3,0
OBS-01513,2022-04-16,Central_Valley,Silt,Rice,18.1,41.3,20.2,Beetles,Low,1,0
OBS-01514,2023-05-13,South_Region,Clay,Wheat,27.6,79.4,41.7,Blight_Spores,Medium,5,1
OBS-01515,2022-06-02,Central_Valley,Silt,Barley,36.5,83.0,5.9,Whiteflies,High,10,1
OBS-01516,2023-02-07,North_Region,Silt,Wheat,39.8,67.6,42.2,Beetles,Low,3,0
OBS-01517,2022-04-23,West_Region,Clay,Tomato,30.2,82.1,48.0,Armyworms,Low,3,0
OBS-01518,2022-04-28,East_Region,Loam,Barley,39.4,59.4,4.6,Beetles,Low,2,0
OBS-01519,2022-09-03,West_Region,Clay,Rice,29.6,90.2,12.4,Blight_Spores,Low,2,0
OBS-01520,2022-05-07,South_Region,Loam,Soybean,29.7,78.9,7.9,Whiteflies,Low,3,0
OBS-01521,2023-05-30,East_Region,Silt,Wheat,18.1,51.3,44.6,Armyworms,Low,0,0
OBS-01522,2022-08-30,North_Region,Silt,Corn,38.9,78.6,3.3,Beetles,High,8,1
OBS-01523,2022-05-25,North_Region,Clay,Cotton,33.1,92.0,17.6,Armyworms,Low,3,0
OBS-01524,2023-09-30,South_Region,Sandy,Wheat,38.7,46.8,13.4,Whiteflies,Low,3,0
OBS-01525,2022-04-09,South_Region,Silt,Corn,24.4,53.2,32.5,Whiteflies,Low,0,0
OBS-01526,2023-01-31,North_Region,Sandy,Corn,11.2,48.4,6.1,Blight_Spores,Low,3,0
OBS-01527,2023-04-25,East_Region,Clay,Cotton,13.8,30.9,26.8,Aphids,Low,0,0
OBS-01528,2022-11-25,West_Region,Loam,Tomato,31.8,50.9,43.3,Blight_Spores,Low,3,0
OBS-01529,2022-03-10,North_Region,Sandy,Wheat,33.6,52.1,3.5,Aphids,Low,2,0
OBS-01530,2022-10-08,Central_Valley,Loam,Cotton,35.4,94.5,9.4,Aphids,High,7,1
OBS-01531,2023-03-08,West_Region,Loam,Wheat,35.7,63.2,49.9,Armyworms,Low,2,0
OBS-01532,2022-05-06,Central_Valley,Sandy,Corn,32.2,93.4,33.3,Beetles,Low,3,0
OBS-01533,2023-11-30,Central_Valley,Loam,Wheat,12.1,36.8,47.9,Armyworms,Low,0,0
OBS-01534,2023-04-05,Central_Valley,Sandy,Rice,27.8,57.8,15.8,Blight_Spores,Medium,4,1
OBS-01535,2022-11-22,South_Region,Silt,Rice,35.3,45.1,4.4,Beetles,Low,2,0
OBS-01536,2022-05-23,North_Region,Sandy,Corn,29.6,90.9,17.1,Blight_Spores,High,8,1
OBS-01537,2022-06-12,East_Region,Loam,Barley,36.7,81.6,26.6,Whiteflies,Low,1,0
OBS-01538,2022-10-22,South_Region,Silt,Tomato,17.3,34.7,6.5,Blight_Spores,Low,2,0
OBS-01539,2023-02-20,Central_Valley,Loam,Rice,27.3,67.0,47.1,Whiteflies,Medium,4,1
OBS-01540,2022-10-09,Central_Valley,Clay,Soybean,16.7,90.6,29.0,Armyworms,Low,3,0
OBS-01541,2022-06-19,Central_Valley,Loam,Rice,11.6,88.4,48.7,Whiteflies,Low,1,0
OBS-01542,2022-01-23,West_Region,Clay,Tomato,16.6,54.2,19.1,Whiteflies,Medium,4,1
OBS-01543,2022-05-30,Central_Valley,Silt,Corn,12.6,56.8,13.4,Blight_Spores,Low,1,0
OBS-01544,2023-11-02,East_Region,Loam,Cotton,17.0,83.1,5.2,Whiteflies,Low,2,0
OBS-01545,2023-05-16,Central_Valley,Loam,Soybean,36.5,90.9,22.7,Beetles,Medium,4,1
OBS-01546,2023-04-30,West_Region,Clay,Soybean,33.9,43.7,27.4,Blight_Spores,Medium,4,1
OBS-01547,2022-07-24,North_Region,Loam,Cotton,20.3,33.3,6.5,Whiteflies,Low,1,0
OBS-01548,2022-08-26,South_Region,Loam,Soybean,13.8,62.8,13.7,Beetles,Low,1,0
OBS-01549,2023-09-09,South_Region,Loam,Soybean,28.8,39.5,44.3,Armyworms,Low,3,0
OBS-01550,2022-10-06,North_Region,Loam,Wheat,26.7,62.2,22.8,Blight_Spores,Low,1,0
OBS-01551,2023-12-01,East_Region,Loam,Corn,36.3,63.7,46.1,Beetles,Low,2,0
OBS-01552,2022-12-08,West_Region,Clay,Soybean,19.2,35.9,16.2,Blight_Spores,Low,1,0
OBS-01553,2022-11-18,West_Region,Clay,Corn,13.7,75.7,21.3,Blight_Spores,Low,2,0
OBS-01554,2023-09-01,West_Region,Silt,Barley,35.6,60.6,15.2,Aphids,Low,0,0
OBS-01555,2023-04-19,North_Region,Silt,Corn,36.6,86.0,31.7,Whiteflies,Medium,5,1
OBS-01556,2022-06-28,North_Region,Loam,Corn,28.0,91.6,45.6,Beetles,Medium,4,1
OBS-01557,2023-10-11,East_Region,Clay,Wheat,34.3,39.7,25.8,Armyworms,Low,2,0
OBS-01558,2022-11-24,West_Region,Loam,Wheat,10.3,88.3,9.6,Blight_Spores,Low,1,0
OBS-01559,2022-08-23,South_Region,Clay,Rice,25.0,54.2,41.4,Beetles,Low,0,0
OBS-01560,2022-10-13,North_Region,Sandy,Wheat,30.9,32.1,43.2,Beetles,High,7,1
OBS-01561,2023-09-13,North_Region,Clay,Corn,10.3,46.5,7.2,Blight_Spores,Low,1,0
OBS-01562,2022-03-04,East_Region,Silt,Tomato,14.0,87.4,35.1,Beetles,Low,3,0
OBS-01563,2022-08-06,West_Region,Clay,Barley,12.8,65.0,13.0,Armyworms,Low,0,0
OBS-01564,2022-02-20,Central_Valley,Silt,Cotton,11.8,86.7,33.3,Blight_Spores,Low,2,0
OBS-01565,2022-04-16,East_Region,Sandy,Soybean,31.7,88.3,41.7,Blight_Spores,Low,2,0
OBS-01566,2023-11-18,West_Region,Sandy,Rice,26.0,57.3,14.6,Blight_Spores,Low,2,0
OBS-01567,2022-12-24,Central_Valley,Loam,Rice,32.3,54.9,11.8,Blight_Spores,Medium,4,1
OBS-01568,2022-12-13,Central_Valley,Loam,Wheat,26.0,59.3,17.1,Armyworms,Low,3,0
OBS-01569,2023-06-26,East_Region,Sandy,Tomato,30.5,86.8,43.2,Armyworms,Low,0,0
OBS-01570,2023-09-25,Central_Valley,Silt,Wheat,29.4,32.8,22.4,Blight_Spores,Medium,5,1
OBS-01571,2023-05-20,East_Region,Silt,Soybean,30.3,93.1,48.7,Blight_Spores,Low,1,0
OBS-01572,2023-10-04,East_Region,Sandy,Wheat,31.1,68.0,47.6,Blight_Spores,Low,0,0
OBS-01573,2023-09-25,North_Region,Clay,Tomato,22.5,70.9,10.2,Blight_Spores,Medium,4,1
OBS-01574,2023-03-17,West_Region,Loam,Wheat,18.4,47.2,49.5,Armyworms,Low,0,0
OBS-01575,2022-01-04,North_Region,Sandy,Soybean,31.0,61.5,42.7,Blight_Spores,Low,2,0
OBS-01576,2023-02-23,North_Region,Loam,Soybean,28.2,78.7,18.2,Armyworms,Medium,4,1
OBS-01577,2023-10-15,South_Region,Sandy,Wheat,28.8,69.6,18.4,Armyworms,Low,2,0
OBS-01578,2023-06-04,East_Region,Sandy,Tomato,12.8,82.2,14.5,Blight_Spores,Low,3,0
OBS-01579,2023-07-02,Central_Valley,Loam,Corn,28.1,33.4,17.3,Whiteflies,Medium,5,1
OBS-01580,2022-02-14,North_Region,Sandy,Cotton,31.2,80.4,27.1,Blight_Spores,Low,2,0
OBS-01581,2023-07-27,East_Region,Sandy,Soybean,10.5,51.7,8.2,Armyworms,Low,2,0
OBS-01582,2022-02-06,East_Region,Clay,Rice,18.6,64.5,13.6,Blight_Spores,Low,0,0
OBS-01583,2022-12-08,South_Region,Silt,Tomato,17.9,72.1,42.0,Whiteflies,High,7,1
OBS-01584,2022-03-13,North_Region,Clay,Cotton,31.9,51.1,47.5,Blight_Spores,Medium,5,1
OBS-01585,2023-03-30,Central_Valley,Sandy,Cotton,29.1,57.8,27.5,Armyworms,Low,2,0
OBS-01586,2023-09-20,West_Region,Silt,Cotton,24.0,63.4,15.8,Beetles,Low,2,0
OBS-01587,2022-11-23,Central_Valley,Silt,Tomato,39.0,43.8,16.7,Beetles,Low,2,0
OBS-01588,2023-02-04,Central_Valley,Clay,Tomato,16.8,89.2,8.1,Whiteflies,Low,1,0
OBS-01589,2022-08-22,North_Region,Sandy,Cotton,17.2,69.9,24.5,Beetles,Low,2,0
OBS-01590,2022-06-10,South_Region,Loam,Rice,39.9,77.6,25.8,Whiteflies,Medium,5,1
OBS-01591,2023-03-04,South_Region,Clay,Corn,18.4,81.7,46.9,Whiteflies,Low,0,0
OBS-01592,2023-07-06,South_Region,Clay,Corn,16.8,69.4,38.1,Aphids,Low,2,0
OBS-01593,2023-11-20,Central_Valley,Silt,Soybean,35.7,34.2,1.5,Aphids,Medium,5,1
OBS-01594,2022-01-10,Central_Valley,Loam,Corn,38.8,40.3,29.9,Armyworms,Medium,6,1
OBS-01595,2023-04-03,West_Region,Silt,Soybean,38.5,61.5,33.3,Beetles,Medium,5,1
OBS-01596,2023-10-24,East_Region,Silt,Corn,31.5,60.3,16.2,Aphids,Low,2,0
OBS-01597,2023-01-19,West_Region,Clay,Wheat,26.7,40.5,11.1,Aphids,Low,2,0
OBS-01598,2022-09-05,East_Region,Clay,Rice,36.0,39.9,15.8,Whiteflies,Low,2,0
OBS-01599,2022-03-19,South_Region,Sandy,Rice,20.7,72.4,29.1,Beetles,Low,0,0
OBS-01600,2023-05-17,South_Region,Sandy,Soybean,14.6,34.8,41.7,Beetles,Low,0,0
OBS-01601,2022-11-06,West_Region,Loam,Soybean,20.9,49.1,29.9,Whiteflies,Low,2,0
OBS-01602,2023-11-03,East_Region,Sandy,Tomato,20.1,78.2,25.5,Beetles,Low,3,0
OBS-01603,2023-05-29,North_Region,Loam,Corn,34.7,94.2,45.9,Aphids,High,7,1
OBS-01604,2022-09-04,West_Region,Clay,Rice,10.5,36.3,10.1,Armyworms,Low,0,0
OBS-01605,2022-07-10,West_Region,Clay,Tomato,30.3,79.3,38.4,Whiteflies,Medium,5,1
OBS-01606,2022-03-30,West_Region,Sandy,Wheat,30.5,81.5,31.9,Blight_Spores,Medium,6,1
OBS-01607,2023-11-21,East_Region,Clay,Corn,32.0,87.8,32.8,Blight_Spores,Medium,5,1
OBS-01608,2022-10-17,West_Region,Silt,Wheat,20.6,94.1,39.3,Blight_Spores,Medium,5,1
OBS-01609,2023-10-14,North_Region,Silt,Wheat,27.1,80.7,5.5,Armyworms,Low,3,0
OBS-01610,2022-10-27,West_Region,Sandy,Corn,30.6,51.2,7.5,Whiteflies,Low,3,0
OBS-01611,2023-02-25,North_Region,Loam,Barley,34.6,66.7,49.3,Blight_Spores,Low,3,0
OBS-01612,2022-02-23,West_Region,Loam,Soybean,16.6,67.6,1.1,Beetles,Low,0,0
OBS-01613,2022-03-25,West_Region,Silt,Corn,34.5,58.2,11.5,Aphids,High,7,1
OBS-01614,2023-06-22,South_Region,Silt,Wheat,29.3,80.3,17.9,Armyworms,Low,2,0
OBS-01615,2023-07-04,West_Region,Clay,Wheat,11.5,71.3,15.5,Whiteflies,Low,2,0
OBS-01616,2023-04-19,South_Region,Clay,Corn,14.8,34.2,10.4,Beetles,Low,1,0
OBS-01617,2023-08-23,Central_Valley,Clay,Barley,37.7,54.4,15.5,Beetles,Medium,4,1
OBS-01618,2022-09-22,Central_Valley,Loam,Tomato,35.0,37.2,47.4,Blight_Spores,Medium,4,1
OBS-01619,2023-06-18,West_Region,Silt,Tomato,12.6,51.7,47.8,Beetles,Low,3,0
OBS-01620,2023-05-24,North_Region,Sandy,Corn,20.0,32.7,10.3,Whiteflies,Low,2,0
OBS-01621,2022-08-01,East_Region,Clay,Tomato,34.0,86.6,4.5,Whiteflies,High,10,1
OBS-01622,2022-03-22,South_Region,Loam,Barley,14.7,65.8,35.5,Beetles,Low,0,0
OBS-01623,2022-06-14,East_Region,Sandy,Cotton,38.1,44.4,25.4,Aphids,Low,2,0
OBS-01624,2023-03-11,East_Region,Loam,Barley,26.0,87.6,18.6,Beetles,Low,3,0
OBS-01625,2022-02-20,South_Region,Sandy,Soybean,36.1,61.0,20.8,Blight_Spores,Low,1,0
OBS-01626,2023-10-10,West_Region,Loam,Wheat,33.8,31.7,45.5,Blight_Spores,Medium,5,1
OBS-01627,2023-05-17,East_Region,Clay,Wheat,18.7,39.7,45.6,Beetles,Low,1,0
OBS-01628,2022-01-31,East_Region,Loam,Corn,21.5,59.3,30.4,Armyworms,Low,1,0
OBS-01629,2023-01-04,East_Region,Sandy,Wheat,27.0,48.2,16.2,Blight_Spores,Low,3,0
OBS-01630,2023-01-07,Central_Valley,Silt,Tomato,29.4,47.3,48.4,Beetles,Medium,4,1
OBS-01631,2022-01-31,North_Region,Loam,Tomato,31.2,60.2,7.4,Beetles,High,8,1
OBS-01632,2023-10-08,West_Region,Loam,Wheat,21.3,74.3,48.4,Blight_Spores,Low,0,0
OBS-01633,2023-09-17,South_Region,Clay,Soybean,21.2,72.8,1.6,Whiteflies,Low,2,0
OBS-01634,2022-06-11,South_Region,Sandy,Corn,25.7,59.5,50.0,Armyworms,Low,3,0
OBS-01635,2023-11-12,North_Region,Loam,Cotton,23.1,31.1,12.1,Beetles,Low,2,0
OBS-01636,2022-09-27,North_Region,Loam,Tomato,10.1,35.4,44.5,Aphids,Medium,4,1
OBS-01637,2023-04-27,Central_Valley,Clay,Wheat,25.4,77.4,37.1,Aphids,Low,2,0
OBS-01638,2022-06-07,East_Region,Loam,Corn,36.0,43.4,11.9,Blight_Spores,Medium,5,1
OBS-01639,2023-01-04,Central_Valley,Silt,Tomato,24.2,66.7,48.9,Beetles,Low,2,0
OBS-01640,2022-07-09,Central_Valley,Loam,Tomato,15.9,89.5,36.9,Armyworms,Low,3,0
OBS-01641,2023-10-18,Central_Valley,Sandy,Soybean,11.5,93.5,21.9,Armyworms,Medium,5,1
OBS-01642,2022-11-28,North_Region,Loam,Rice,13.2,80.4,45.6,Armyworms,Low,2,0
OBS-01643,2022-06-06,West_Region,Clay,Corn,19.9,39.9,4.6,Aphids,Medium,4,1
OBS-01644,2022-08-24,North_Region,Loam,Cotton,29.0,78.9,39.3,Whiteflies,Low,3,0
OBS-01645,2022-06-14,East_Region,Loam,Wheat,32.3,37.4,15.6,Blight_Spores,Medium,5,1
OBS-01646,2023-06-25,Central_Valley,Silt,Barley,12.3,45.2,44.3,Beetles,Low,1,0
OBS-01647,2022-03-16,West_Region,Silt,Rice,25.4,85.8,6.7,Beetles,Low,3,0
OBS-01648,2023-11-28,North_Region,Silt,Tomato,32.6,77.4,34.9,Blight_Spores,Medium,6,1
OBS-01649,2022-01-07,East_Region,Sandy,Barley,32.4,54.8,15.0,Armyworms,Low,2,0
OBS-01650,2023-02-16,East_Region,Silt,Cotton,25.4,90.6,7.1,Armyworms,Medium,5,1
OBS-01651,2023-11-06,South_Region,Clay,Rice,11.6,37.1,41.5,Aphids,Low,0,0
OBS-01652,2022-09-12,Central_Valley,Loam,Barley,10.5,74.3,6.1,Beetles,Low,3,0
OBS-01653,2023-06-20,East_Region,Silt,Corn,11.0,72.7,8.2,Armyworms,Low,2,0
OBS-01654,2023-11-14,Central_Valley,Silt,Soybean,16.8,51.0,24.6,Whiteflies,Low,2,0
OBS-01655,2023-11-02,West_Region,Clay,Wheat,12.5,32.8,41.7,Beetles,Low,0,0
OBS-01656,2023-01-06,South_Region,Sandy,Barley,35.2,82.7,27.1,Blight_Spores,Low,3,0
OBS-01657,2023-04-18,South_Region,Loam,Wheat,39.4,42.7,41.9,Blight_Spores,Medium,4,1
OBS-01658,2023-03-05,South_Region,Silt,Rice,10.5,46.5,5.1,Whiteflies,Low,0,0
OBS-01659,2022-10-21,East_Region,Sandy,Wheat,20.0,43.5,45.9,Beetles,Low,0,0
OBS-01660,2023-07-26,North_Region,Clay,Barley,13.1,89.6,18.2,Whiteflies,Medium,5,1
OBS-01661,2022-08-19,South_Region,Sandy,Corn,13.2,68.0,31.2,Whiteflies,Low,1,0
OBS-01662,2023-04-16,East_Region,Sandy,Wheat,16.6,82.6,26.0,Beetles,Low,0,0
OBS-01663,2023-10-25,North_Region,Loam,Wheat,36.6,86.5,0.2,Blight_Spores,Medium,4,1
OBS-01664,2022-06-12,Central_Valley,Loam,Wheat,38.5,89.2,21.8,Beetles,Medium,6,1
OBS-01665,2022-11-08,East_Region,Sandy,Corn,18.9,87.3,42.9,Beetles,Low,2,0
OBS-01666,2023-02-25,East_Region,Loam,Soybean,13.7,63.7,23.2,Beetles,Low,1,0
OBS-01667,2022-08-19,West_Region,Loam,Wheat,15.9,51.3,37.0,Armyworms,Low,0,0
OBS-01668,2022-07-08,North_Region,Sandy,Corn,20.9,64.3,35.0,Beetles,Low,0,0
OBS-01669,2022-02-26,East_Region,Sandy,Barley,16.7,57.1,17.2,Blight_Spores,Low,1,0
OBS-01670,2022-10-10,South_Region,Clay,Corn,39.9,91.9,18.8,Whiteflies,Medium,4,1
OBS-01671,2023-12-01,North_Region,Clay,Rice,23.4,50.1,24.0,Aphids,Low,0,0
OBS-01672,2023-06-22,Central_Valley,Silt,Soybean,12.1,42.6,41.1,Blight_Spores,Low,0,0
OBS-01673,2023-06-04,Central_Valley,Loam,Tomato,19.5,77.9,19.2,Beetles,Medium,5,1
OBS-01674,2023-02-13,North_Region,Loam,Rice,19.9,69.1,27.1,Blight_Spores,Low,1,0
OBS-01675,2022-05-03,South_Region,Sandy,Corn,14.7,73.6,22.7,Beetles,Low,3,0
OBS-01676,2023-11-10,Central_Valley,Silt,Cotton,14.7,78.8,48.4,Armyworms,Low,2,0
OBS-01677,2023-09-24,Central_Valley,Clay,Soybean,31.3,64.0,15.5,Aphids,Low,3,0
OBS-01678,2022-07-20,West_Region,Loam,Rice,39.4,70.4,10.6,Armyworms,High,9,1
OBS-01679,2023-07-03,Central_Valley,Sandy,Tomato,13.7,59.9,42.5,Beetles,Low,0,0
OBS-01680,2023-06-09,South_Region,Loam,Tomato,26.4,42.0,13.8,Armyworms,Medium,4,1
OBS-01681,2023-08-25,South_Region,Loam,Tomato,34.5,66.3,6.4,Blight_Spores,High,8,1
OBS-01682,2023-10-26,Central_Valley,Silt,Tomato,12.5,75.2,35.8,Aphids,Medium,4,1
OBS-01683,2022-08-29,North_Region,Clay,Cotton,21.1,40.4,32.5,Aphids,Low,1,0
OBS-01684,2022-03-09,Central_Valley,Silt,Wheat,23.2,50.0,28.1,Whiteflies,Low,0,0
OBS-01685,2022-04-05,North_Region,Clay,Barley,28.3,73.8,20.2,Aphids,Low,1,0
OBS-01686,2023-08-02,Central_Valley,Loam,Cotton,26.1,80.1,39.6,Whiteflies,Medium,6,1
OBS-01687,2022-08-12,South_Region,Silt,Tomato,30.6,55.0,32.9,Blight_Spores,Low,3,0
OBS-01688,2022-02-13,West_Region,Loam,Tomato,29.0,32.8,29.3,Armyworms,Medium,5,1
OBS-01689,2023-06-29,North_Region,Loam,Tomato,17.2,43.7,32.9,Whiteflies,Low,1,0
OBS-01690,2023-11-16,Central_Valley,Clay,Barley,24.1,31.5,43.3,Blight_Spores,Low,1,0
OBS-01691,2023-09-10,East_Region,Clay,Barley,29.8,59.0,23.2,Blight_Spores,Low,2,0
OBS-01692,2022-04-11,East_Region,Silt,Tomato,22.0,59.2,42.4,Armyworms,Low,3,0
OBS-01693,2022-06-23,South_Region,Sandy,Barley,14.2,30.4,48.9,Aphids,Low,0,0
OBS-01694,2023-02-09,North_Region,Sandy,Cotton,24.5,43.6,4.1,Beetles,Low,1,0
OBS-01695,2022-11-10,South_Region,Silt,Rice,26.2,67.1,35.0,Whiteflies,Medium,4,1
OBS-01696,2022-01-27,West_Region,Sandy,Tomato,28.8,94.9,21.7,Beetles,Medium,6,1
OBS-01697,2023-02-06,West_Region,Clay,Soybean,33.7,74.1,36.9,Armyworms,Low,3,0
OBS-01698,2023-03-19,Central_Valley,Loam,Rice,10.9,65.6,35.8,Whiteflies,Low,2,0
OBS-01699,2022-12-13,South_Region,Clay,Rice,11.7,64.2,18.6,Whiteflies,Low,2,0
OBS-01700,2022-04-07,North_Region,Loam,Corn,13.6,68.9,48.8,Armyworms,Low,1,0
OBS-01701,2022-07-05,North_Region,Clay,Barley,12.5,70.6,14.0,Beetles,Low,0,0
OBS-01702,2023-10-02,East_Region,Clay,Soybean,14.7,40.0,9.1,Armyworms,Low,0,0
OBS-01703,2022-02-07,West_Region,Silt,Wheat,20.5,89.7,36.5,Blight_Spores,Low,3,0
OBS-01704,2023-09-09,North_Region,Loam,Barley,23.0,35.9,3.8,Blight_Spores,Low,2,0
OBS-01705,2023-06-23,West_Region,Loam,Rice,29.6,45.2,9.5,Armyworms,Low,2,0
OBS-01706,2022-11-07,East_Region,Loam,Wheat,10.4,80.5,37.9,Armyworms,Low,1,0
OBS-01707,2023-05-06,East_Region,Loam,Barley,39.7,69.6,41.4,Whiteflies,Low,1,0
OBS-01708,2023-06-07,North_Region,Clay,Cotton,24.2,30.4,5.2,Aphids,Low,0,0
OBS-01709,2022-04-01,West_Region,Clay,Tomato,27.2,82.1,24.4,Aphids,Low,1,0
OBS-01710,2022-05-07,South_Region,Sandy,Tomato,17.3,45.4,31.3,Aphids,Low,1,0
OBS-01711,2023-11-01,South_Region,Loam,Barley,34.6,93.6,30.0,Aphids,Low,3,0
OBS-01712,2022-09-30,South_Region,Loam,Cotton,27.6,68.2,46.9,Blight_Spores,Low,2,0
OBS-01713,2022-11-24,Central_Valley,Sandy,Soybean,37.6,35.0,6.0,Aphids,Medium,6,1
OBS-01714,2023-01-13,North_Region,Silt,Barley,39.3,70.1,24.9,Armyworms,High,8,1
OBS-01715,2022-06-29,South_Region,Loam,Wheat,28.2,54.5,14.1,Aphids,Medium,6,1
OBS-01716,2022-02-23,East_Region,Silt,Corn,39.5,44.1,29.2,Whiteflies,Low,1,0
OBS-01717,2023-02-16,East_Region,Sandy,Wheat,37.9,77.6,21.6,Whiteflies,Medium,4,1
OBS-01718,2023-04-18,East_Region,Sandy,Barley,33.3,34.0,30.7,Aphids,Low,2,0
OBS-01719,2022-05-04,South_Region,Silt,Rice,10.3,62.5,6.9,Whiteflies,Low,1,0
OBS-01720,2022-02-28,South_Region,Silt,Cotton,17.0,92.4,39.8,Blight_Spores,Medium,4,1
OBS-01721,2023-01-23,Central_Valley,Sandy,Corn,16.9,76.8,5.7,Aphids,Low,2,0
OBS-01722,2023-01-23,North_Region,Clay,Corn,26.0,34.5,36.0,Aphids,Low,2,0
OBS-01723,2022-03-08,East_Region,Silt,Barley,13.9,72.3,19.8,Armyworms,Low,3,0
OBS-01724,2023-10-22,West_Region,Silt,Barley,35.4,85.7,47.9,Aphids,Medium,4,1
OBS-01725,2022-06-11,East_Region,Silt,Soybean,17.8,66.9,10.5,Aphids,Low,0,0
OBS-01726,2023-03-24,North_Region,Silt,Soybean,15.3,90.2,36.4,Aphids,Low,1,0
OBS-01727,2022-01-29,West_Region,Silt,Barley,13.6,55.7,37.7,Aphids,Low,1,0
OBS-01728,2022-12-27,East_Region,Sandy,Soybean,15.2,62.8,8.8,Beetles,Low,0,0
OBS-01729,2023-06-20,East_Region,Clay,Tomato,18.3,77.3,30.1,Aphids,Low,1,0
OBS-01730,2022-03-25,East_Region,Sandy,Corn,38.8,68.1,19.1,Whiteflies,Medium,5,1
OBS-01731,2022-11-02,West_Region,Sandy,Tomato,35.0,42.7,36.2,Armyworms,High,7,1
OBS-01732,2022-02-26,East_Region,Sandy,Barley,24.9,75.2,20.1,Whiteflies,High,7,1
OBS-01733,2023-06-06,East_Region,Sandy,Tomato,26.9,54.7,13.8,Armyworms,Medium,4,1
OBS-01734,2023-06-24,North_Region,Loam,Barley,33.6,54.9,31.2,Beetles,Low,2,0
OBS-01735,2023-01-17,South_Region,Silt,Cotton,27.3,54.2,36.7,Beetles,Low,2,0
OBS-01736,2023-08-29,South_Region,Loam,Barley,33.4,93.7,48.1,Beetles,Medium,6,1
OBS-01737,2022-07-24,North_Region,Loam,Rice,37.6,92.8,18.7,Blight_Spores,Medium,6,1
OBS-01738,2022-06-19,North_Region,Clay,Rice,31.4,80.2,22.2,Beetles,Low,1,0
OBS-01739,2023-04-15,North_Region,Clay,Barley,17.4,55.5,31.1,Armyworms,Low,0,0
OBS-01740,2022-02-20,East_Region,Sandy,Soybean,11.9,31.8,24.1,Aphids,Low,0,0
OBS-01741,2022-09-08,West_Region,Silt,Cotton,36.2,85.2,4.4,Armyworms,Low,2,0
OBS-01742,2022-10-18,South_Region,Sandy,Barley,15.2,32.3,10.8,Whiteflies,Low,1,0
OBS-01743,2023-09-24,North_Region,Clay,Soybean,36.6,31.8,32.5,Blight_Spores,Medium,5,1
OBS-01744,2022-06-15,Central_Valley,Loam,Wheat,24.3,75.5,4.3,Whiteflies,Medium,4,1
OBS-01745,2023-04-20,South_Region,Loam,Tomato,13.1,31.1,11.3,Armyworms,Low,3,0
OBS-01746,2022-12-17,East_Region,Clay,Cotton,29.8,41.2,35.6,Beetles,Low,1,0
OBS-01747,2023-06-08,West_Region,Silt,Tomato,21.1,74.8,5.8,Armyworms,High,7,1
OBS-01748,2022-06-22,North_Region,Silt,Corn,26.4,43.8,22.4,Armyworms,Low,3,0
OBS-01749,2022-01-28,North_Region,Silt,Corn,36.3,83.2,0.0,Whiteflies,Low,3,0
OBS-01750,2022-06-14,North_Region,Sandy,Barley,34.2,42.2,48.8,Whiteflies,Low,1,0
OBS-01751,2023-10-28,West_Region,Loam,Tomato,38.7,89.0,7.1,Aphids,Medium,4,1
OBS-01752,2023-07-28,South_Region,Silt,Corn,16.9,51.4,20.9,Aphids,Low,3,0
OBS-01753,2023-11-17,West_Region,Silt,Cotton,30.5,53.4,17.8,Armyworms,Medium,4,1
OBS-01754,2023-10-18,South_Region,Loam,Tomato,27.6,70.3,48.6,Whiteflies,Medium,6,1
OBS-01755,2022-05-14,South_Region,Sandy,Cotton,13.4,67.9,20.4,Aphids,Low,1,0
OBS-01756,2022-05-26,South_Region,Sandy,Soybean,13.4,35.7,5.9,Armyworms,Low,0,0
OBS-01757,2023-03-25,East_Region,Clay,Rice,25.6,40.6,11.2,Whiteflies,Low,2,0
OBS-01758,2022-09-03,East_Region,Clay,Cotton,18.2,86.7,34.2,Armyworms,Low,1,0
OBS-01759,2023-10-12,East_Region,Silt,Soybean,19.4,62.0,5.9,Armyworms,Low,1,0
OBS-01760,2022-12-20,South_Region,Sandy,Rice,19.9,71.2,11.8,Whiteflies,Low,3,0
OBS-01761,2023-08-21,East_Region,Loam,Cotton,29.1,88.4,28.7,Beetles,Medium,5,1
OBS-01762,2023-05-02,Central_Valley,Loam,Wheat,13.7,49.2,32.6,Armyworms,Low,1,0
OBS-01763,2022-03-16,East_Region,Clay,Tomato,38.1,67.8,4.6,Armyworms,Medium,6,1
OBS-01764,2023-11-06,West_Region,Loam,Barley,37.7,83.2,24.5,Aphids,High,7,1
OBS-01765,2022-06-02,South_Region,Clay,Tomato,25.6,32.5,13.0,Whiteflies,Low,1,0
OBS-01766,2022-06-20,West_Region,Loam,Cotton,35.9,50.3,20.6,Whiteflies,Low,3,0
OBS-01767,2023-03-14,South_Region,Sandy,Corn,19.3,38.9,16.0,Blight_Spores,Low,3,0
OBS-01768,2022-07-07,West_Region,Sandy,Soybean,35.8,74.3,16.6,Blight_Spores,High,8,1
OBS-01769,2023-07-16,Central_Valley,Clay,Rice,21.0,83.7,22.6,Beetles,Low,3,0
OBS-01770,2023-08-08,South_Region,Loam,Wheat,10.7,70.3,35.7,Beetles,Low,1,0
OBS-01771,2022-10-07,North_Region,Silt,Corn,33.5,66.5,39.5,Aphids,Low,2,0
OBS-01772,2023-06-02,North_Region,Loam,Corn,26.4,50.8,47.9,Blight_Spores,Medium,6,1
OBS-01773,2023-11-10,Central_Valley,Clay,Barley,38.2,38.2,10.7,Armyworms,Low,3,0
OBS-01774,2023-11-21,Central_Valley,Clay,Wheat,39.8,30.3,37.2,Blight_Spores,Low,0,0
OBS-01775,2022-12-13,West_Region,Clay,Wheat,39.9,42.2,22.0,Beetles,Low,3,0
OBS-01776,2022-09-22,East_Region,Silt,Rice,35.0,45.1,15.0,Armyworms,Medium,4,1
OBS-01777,2023-06-24,South_Region,Clay,Cotton,14.0,58.5,9.0,Aphids,Low,2,0
OBS-01778,2023-11-30,West_Region,Sandy,Tomato,27.4,49.2,11.3,Armyworms,Low,3,0
OBS-01779,2022-10-14,South_Region,Clay,Corn,39.6,43.7,42.0,Armyworms,Low,3,0
OBS-01780,2023-08-04,Central_Valley,Silt,Rice,24.1,40.4,22.7,Beetles,Low,0,0
OBS-01781,2022-02-10,Central_Valley,Sandy,Tomato,15.6,89.8,5.8,Armyworms,Medium,5,1
OBS-01782,2022-01-30,South_Region,Clay,Barley,21.0,64.9,25.4,Blight_Spores,Low,0,0
OBS-01783,2022-06-05,Central_Valley,Loam,Cotton,15.1,33.1,48.5,Whiteflies,Low,1,0
OBS-01784,2022-08-19,Central_Valley,Loam,Rice,18.8,51.2,8.5,Beetles,Low,0,0
OBS-01785,2022-04-17,North_Region,Silt,Corn,35.9,34.7,48.8,Beetles,Medium,6,1
OBS-01786,2022-10-02,South_Region,Silt,Tomato,36.6,66.8,0.1,Armyworms,Low,3,0
OBS-01787,2023-03-24,North_Region,Loam,Cotton,34.8,58.9,13.8,Aphids,Low,2,0
OBS-01788,2023-07-10,South_Region,Sandy,Wheat,25.7,68.5,44.0,Armyworms,Medium,5,1
OBS-01789,2023-04-12,South_Region,Silt,Barley,16.1,73.6,29.8,Armyworms,Low,0,0
OBS-01790,2022-02-12,North_Region,Clay,Soybean,17.7,77.2,14.6,Aphids,Low,1,0
OBS-01791,2022-08-18,North_Region,Clay,Wheat,21.5,92.9,41.2,Whiteflies,Low,1,0
OBS-01792,2023-06-08,West_Region,Loam,Barley,36.6,88.3,42.7,Beetles,Medium,5,1
OBS-01793,2022-02-14,South_Region,Sandy,Barley,10.1,70.8,32.2,Armyworms,Low,2,0
OBS-01794,2023-06-01,West_Region,Clay,Cotton,10.6,65.7,30.7,Whiteflies,Low,3,0
OBS-01795,2023-01-31,West_Region,Sandy,Barley,35.5,87.5,23.6,Whiteflies,Low,3,0
OBS-01796,2022-11-24,West_Region,Clay,Cotton,38.9,33.5,25.3,Armyworms,Medium,6,1
OBS-01797,2022-09-16,East_Region,Silt,Wheat,36.4,81.9,14.1,Armyworms,Medium,5,1
OBS-01798,2023-06-18,Central_Valley,Clay,Wheat,21.7,70.4,9.9,Beetles,Medium,5,1
OBS-01799,2023-01-07,South_Region,Silt,Tomato,38.6,37.1,6.3,Whiteflies,Medium,5,1
OBS-01800,2022-03-24,North_Region,Clay,Corn,36.5,89.4,17.4,Beetles,High,9,1
OBS-01801,2022-05-02,East_Region,Loam,Tomato,36.2,51.1,48.6,Blight_Spores,Low,3,0
OBS-01802,2022-11-05,Central_Valley,Loam,Rice,13.6,46.1,41.6,Beetles,Low,0,0
OBS-01803,2022-10-04,Central_Valley,Loam,Wheat,27.2,86.9,39.6,Aphids,Low,2,0
OBS-01804,2022-04-12,East_Region,Sandy,Tomato,14.6,40.0,4.3,Beetles,Low,2,0
OBS-01805,2023-09-22,West_Region,Clay,Rice,35.0,56.4,22.2,Whiteflies,Medium,5,1
OBS-01806,2023-04-25,East_Region,Loam,Corn,32.7,81.1,17.0,Aphids,High,7,1
OBS-01807,2022-05-22,North_Region,Loam,Rice,36.7,42.7,9.5,Whiteflies,Low,3,0
OBS-01808,2023-11-06,Central_Valley,Silt,Rice,34.0,87.7,43.4,Aphids,Low,3,0
OBS-01809,2022-07-26,Central_Valley,Silt,Corn,31.2,52.3,39.9,Whiteflies,Low,2,0
OBS-01810,2023-05-05,Central_Valley,Sandy,Soybean,25.5,44.3,7.6,Beetles,Low,3,0
OBS-01811,2022-11-28,Central_Valley,Sandy,Wheat,23.3,73.6,39.3,Aphids,Medium,4,1
OBS-01812,2022-07-29,South_Region,Loam,Tomato,29.1,48.8,5.7,Whiteflies,Low,1,0
OBS-01813,2023-09-10,East_Region,Silt,Cotton,37.4,65.3,38.9,Aphids,High,7,1
OBS-01814,2023-03-29,South_Region,Loam,Tomato,18.3,52.4,16.5,Beetles,Low,2,0
OBS-01815,2022-06-28,East_Region,Silt,Wheat,19.6,46.0,36.4,Blight_Spores,Low,0,0
OBS-01816,2022-04-12,North_Region,Silt,Wheat,11.2,50.3,36.3,Armyworms,Low,0,0
OBS-01817,2023-10-11,East_Region,Loam,Rice,16.7,55.5,38.5,Whiteflies,Low,1,0
OBS-01818,2023-10-20,Central_Valley,Sandy,Tomato,37.5,49.1,31.1,Armyworms,Medium,4,1
OBS-01819,2022-01-03,West_Region,Clay,Cotton,12.8,70.4,44.2,Blight_Spores,Low,2,0
OBS-01820,2023-10-11,East_Region,Sandy,Rice,31.3,34.3,47.7,Armyworms,Low,2,0
OBS-01821,2022-11-06,South_Region,Clay,Soybean,30.6,56.1,15.8,Armyworms,Low,2,0
OBS-01822,2023-11-05,South_Region,Sandy,Tomato,31.3,74.9,4.3,Whiteflies,High,9,1
OBS-01823,2022-07-29,South_Region,Sandy,Corn,28.5,33.5,37.5,Aphids,Low,2,0
OBS-01824,2023-08-19,North_Region,Silt,Cotton,15.5,82.7,11.1,Aphids,Low,2,0
OBS-01825,2023-07-28,Central_Valley,Silt,Tomato,16.3,32.8,34.0,Aphids,Low,2,0
OBS-01826,2022-07-03,Central_Valley,Silt,Wheat,28.1,56.6,48.5,Whiteflies,Low,2,0
OBS-01827,2022-12-11,East_Region,Clay,Cotton,26.1,61.0,49.5,Blight_Spores,Low,2,0
OBS-01828,2023-01-06,West_Region,Clay,Corn,24.4,74.8,13.8,Armyworms,High,7,1
OBS-01829,2023-03-19,Central_Valley,Silt,Cotton,20.8,64.0,31.7,Beetles,Low,1,0
OBS-01830,2022-11-10,West_Region,Silt,Cotton,32.7,52.8,34.9,Blight_Spores,Low,1,0
OBS-01831,2023-09-05,North_Region,Loam,Rice,15.8,58.5,2.8,Aphids,Low,0,0
OBS-01832,2023-08-08,South_Region,Silt,Barley,35.5,56.6,6.4,Armyworms,Low,2,0
OBS-01833,2022-01-06,South_Region,Loam,Tomato,36.4,48.2,48.9,Beetles,Medium,4,1
OBS-01834,2022-04-13,South_Region,Sandy,Corn,30.3,36.5,21.7,Blight_Spores,Low,2,0
OBS-01835,2022-04-01,Central_Valley,Silt,Tomato,33.3,76.8,14.4,Aphids,High,10,1
OBS-01836,2022-10-30,East_Region,Sandy,Wheat,18.3,91.2,23.1,Armyworms,Low,0,0
OBS-01837,2023-05-23,South_Region,Silt,Rice,38.5,32.5,34.6,Armyworms,Low,3,0
OBS-01838,2022-01-04,South_Region,Silt,Soybean,34.8,46.5,22.0,Armyworms,Low,1,0
OBS-01839,2023-03-08,South_Region,Sandy,Soybean,33.2,72.2,47.5,Beetles,Low,3,0
OBS-01840,2022-10-03,Central_Valley,Clay,Corn,39.0,77.6,26.2,Blight_Spores,High,7,1
OBS-01841,2022-02-24,South_Region,Loam,Barley,33.9,73.7,20.0,Whiteflies,Low,2,0
OBS-01842,2022-09-07,North_Region,Clay,Wheat,20.3,85.5,34.6,Aphids,Low,1,0
OBS-01843,2022-10-14,North_Region,Sandy,Corn,11.5,79.6,7.7,Beetles,Medium,6,1
OBS-01844,2022-03-30,South_Region,Clay,Corn,28.6,59.6,38.1,Armyworms,Low,1,0
OBS-01845,2023-06-13,North_Region,Sandy,Rice,23.1,70.5,38.8,Whiteflies,Low,1,0
OBS-01846,2023-07-12,Central_Valley,Loam,Corn,28.2,30.7,45.5,Beetles,Low,2,0
OBS-01847,2022-09-09,South_Region,Silt,Soybean,19.0,46.4,19.2,Aphids,Low,1,0
OBS-01848,2023-07-28,East_Region,Sandy,Tomato,25.8,92.6,21.5,Whiteflies,Medium,6,1
OBS-01849,2023-04-08,West_Region,Clay,Corn,20.6,45.7,49.3,Aphids,Low,2,0
OBS-01850,2022-05-28,East_Region,Loam,Barley,35.9,51.3,34.1,Beetles,Low,3,0
OBS-01851,2023-09-30,North_Region,Sandy,Barley,12.4,38.6,2.0,Whiteflies,Low,2,0
OBS-01852,2023-05-20,Central_Valley,Loam,Barley,33.7,66.5,18.2,Beetles,Medium,5,1
OBS-01853,2023-05-25,West_Region,Silt,Corn,18.7,37.0,4.4,Blight_Spores,Low,3,0
OBS-01854,2023-07-06,Central_Valley,Sandy,Tomato,37.7,84.1,0.3,Whiteflies,High,7,1
OBS-01855,2022-01-25,South_Region,Clay,Barley,19.3,71.3,0.0,Whiteflies,Low,3,0
OBS-01856,2022-04-13,Central_Valley,Clay,Wheat,28.4,68.0,4.9,Aphids,Low,3,0
OBS-01857,2023-02-26,West_Region,Loam,Tomato,22.5,93.2,18.6,Blight_Spores,Low,3,0
OBS-01858,2023-03-08,Central_Valley,Loam,Corn,27.9,32.2,28.9,Whiteflies,Low,1,0
OBS-01859,2022-08-20,East_Region,Silt,Rice,34.7,74.6,0.4,Armyworms,Medium,5,1
OBS-01860,2023-03-20,East_Region,Clay,Soybean,31.2,40.8,49.0,Aphids,Low,0,0
OBS-01861,2023-03-17,Central_Valley,Silt,Soybean,39.4,64.2,28.2,Aphids,Low,2,0
OBS-01862,2023-01-04,South_Region,Loam,Barley,12.7,30.9,28.7,Beetles,Low,0,0
OBS-01863,2023-07-08,West_Region,Sandy,Wheat,32.5,49.1,30.5,Aphids,Low,2,0
OBS-01864,2022-02-13,South_Region,Sandy,Rice,36.7,56.0,43.5,Aphids,Low,2,0
OBS-01865,2023-09-19,Central_Valley,Silt,Cotton,27.3,50.3,35.0,Whiteflies,Low,3,0
OBS-01866,2022-06-22,South_Region,Clay,Cotton,31.4,69.2,37.1,Whiteflies,Low,0,0
OBS-01867,2022-09-22,South_Region,Silt,Soybean,28.7,87.1,41.3,Blight_Spores,High,7,1
OBS-01868,2022-03-29,Central_Valley,Silt,Wheat,27.3,52.6,45.9,Aphids,Medium,4,1
OBS-01869,2022-11-16,South_Region,Silt,Cotton,16.2,91.5,30.5,Armyworms,Low,3,0
OBS-01870,2023-09-16,West_Region,Loam,Wheat,36.3,67.7,46.3,Blight_Spores,Medium,6,1
OBS-01871,2022-06-10,Central_Valley,Silt,Rice,17.1,59.0,46.1,Armyworms,Low,0,0
OBS-01872,2022-01-27,East_Region,Silt,Rice,10.7,63.8,0.3,Aphids,Medium,4,1
OBS-01873,2022-03-26,South_Region,Silt,Tomato,39.8,91.5,4.6,Armyworms,High,7,1
OBS-01874,2023-04-14,East_Region,Sandy,Rice,24.3,51.2,29.8,Aphids,Low,0,0
OBS-01875,2023-08-07,East_Region,Clay,Corn,21.6,65.0,3.1,Beetles,Low,1,0
OBS-01876,2023-11-08,East_Region,Clay,Barley,36.2,83.1,32.7,Blight_Spores,Low,2,0
OBS-01877,2023-10-13,Central_Valley,Loam,Tomato,38.1,61.3,11.7,Whiteflies,Medium,4,1
OBS-01878,2022-03-23,North_Region,Loam,Cotton,37.3,89.3,48.0,Whiteflies,Low,2,0
OBS-01879,2023-02-04,East_Region,Sandy,Soybean,39.0,44.8,24.7,Blight_Spores,Low,0,0
OBS-01880,2023-03-18,East_Region,Clay,Tomato,22.9,39.1,37.7,Blight_Spores,Low,0,0
OBS-01881,2022-02-12,West_Region,Sandy,Rice,12.3,89.4,28.6,Beetles,Low,1,0
OBS-01882,2022-11-30,North_Region,Loam,Tomato,13.8,61.3,13.4,Whiteflies,Low,3,0
OBS-01883,2022-07-16,North_Region,Sandy,Rice,27.7,61.2,21.1,Whiteflies,Low,3,0
OBS-01884,2023-02-13,West_Region,Clay,Corn,17.5,58.9,25.9,Armyworms,Low,1,0
OBS-01885,2023-05-29,North_Region,Sandy,Tomato,37.3,65.7,10.4,Whiteflies,Medium,5,1
OBS-01886,2022-11-06,West_Region,Loam,Soybean,36.9,50.5,42.8,Armyworms,Low,3,0
OBS-01887,2022-01-09,Central_Valley,Clay,Cotton,28.2,75.3,23.3,Aphids,Medium,5,1
OBS-01888,2023-07-23,East_Region,Silt,Rice,34.6,34.5,49.7,Beetles,Medium,6,1
OBS-01889,2022-11-02,South_Region,Clay,Barley,26.4,81.3,28.4,Beetles,Medium,5,1
OBS-01890,2023-10-15,West_Region,Clay,Wheat,20.3,82.5,28.7,Blight_Spores,Medium,4,1
OBS-01891,2022-06-06,West_Region,Sandy,Soybean,22.3,49.6,19.0,Beetles,Low,1,0
OBS-01892,2023-01-20,Central_Valley,Silt,Barley,22.8,94.2,40.9,Beetles,Low,0,0
OBS-01893,2022-03-14,North_Region,Loam,Barley,20.5,82.5,31.3,Blight_Spores,Low,0,0
OBS-01894,2022-11-30,North_Region,Clay,Wheat,16.6,64.0,3.7,Beetles,Low,0,0
OBS-01895,2023-08-18,North_Region,Sandy,Corn,35.2,79.8,47.5,Beetles,High,11,1
OBS-01896,2023-11-06,North_Region,Silt,Cotton,13.4,56.1,23.7,Aphids,Low,0,0
OBS-01897,2022-02-25,East_Region,Loam,Tomato,33.3,61.9,8.2,Blight_Spores,Medium,5,1
OBS-01898,2023-02-23,North_Region,Sandy,Soybean,28.8,84.7,2.1,Armyworms,Medium,5,1
OBS-01899,2022-08-15,Central_Valley,Sandy,Corn,33.5,58.1,9.6,Blight_Spores,Medium,4,1
OBS-01900,2022-10-30,Central_Valley,Loam,Rice,39.7,56.8,39.9,Beetles,Medium,5,1
OBS-01901,2023-08-28,Central_Valley,Loam,Rice,31.9,55.5,5.3,Beetles,Low,2,0
OBS-01902,2023-04-25,Central_Valley,Loam,Cotton,17.5,35.5,29.6,Blight_Spores,Low,3,0
OBS-01903,2023-10-24,North_Region,Clay,Barley,14.6,59.5,44.1,Beetles,Low,0,0
OBS-01904,2022-08-19,North_Region,Loam,Rice,39.3,62.1,18.6,Beetles,Medium,4,1
OBS-01905,2022-09-07,North_Region,Silt,Rice,36.5,43.7,43.9,Aphids,Low,3,0
OBS-01906,2022-02-13,South_Region,Clay,Wheat,32.2,94.1,43.8,Beetles,Low,2,0
OBS-01907,2022-10-15,South_Region,Loam,Cotton,24.1,55.8,17.6,Armyworms,Low,1,0
OBS-01908,2023-03-05,South_Region,Loam,Wheat,39.8,92.6,27.1,Aphids,Medium,4,1
OBS-01909,2022-05-23,West_Region,Silt,Wheat,25.1,89.9,47.2,Beetles,Low,3,0
OBS-01910,2023-07-03,South_Region,Loam,Wheat,38.8,78.5,34.2,Armyworms,Low,2,0
OBS-01911,2023-03-30,West_Region,Sandy,Barley,19.3,72.2,48.4,Whiteflies,Low,0,0
OBS-01912,2023-03-05,North_Region,Silt,Tomato,32.2,89.7,13.8,Blight_Spores,Medium,6,1
OBS-01913,2022-11-05,Central_Valley,Clay,Tomato,24.6,32.6,7.2,Armyworms,Medium,4,1
OBS-01914,2022-03-12,North_Region,Clay,Tomato,15.0,87.5,36.5,Beetles,Low,3,0
OBS-01915,2022-05-24,South_Region,Loam,Wheat,29.0,59.5,37.2,Beetles,Low,3,0
OBS-01916,2023-02-01,East_Region,Loam,Cotton,30.1,36.7,31.0,Aphids,Low,3,0
OBS-01917,2022-11-19,West_Region,Sandy,Wheat,29.7,66.7,20.9,Blight_Spores,Low,3,0
OBS-01918,2022-10-12,South_Region,Silt,Tomato,21.5,41.0,13.0,Armyworms,Low,3,0
OBS-01919,2022-05-06,Central_Valley,Silt,Barley,39.8,76.6,33.4,Beetles,High,7,1
OBS-01920,2022-05-08,Central_Valley,Clay,Soybean,28.1,59.9,31.3,Aphids,Low,1,0
OBS-01921,2022-08-10,East_Region,Loam,Soybean,24.1,87.2,26.0,Beetles,Low,0,0
OBS-01922,2022-03-05,South_Region,Loam,Tomato,14.3,79.3,31.4,Whiteflies,Low,3,0
OBS-01923,2022-09-22,Central_Valley,Sandy,Rice,32.3,43.5,9.4,Armyworms,Medium,4,1
OBS-01924,2022-01-03,East_Region,Silt,Tomato,37.2,41.5,20.8,Aphids,Low,3,0
OBS-01925,2023-06-25,West_Region,Loam,Cotton,21.6,81.7,27.1,Blight_Spores,Low,1,0
OBS-01926,2022-05-20,Central_Valley,Silt,Wheat,36.2,89.5,2.0,Blight_Spores,Low,3,0
OBS-01927,2022-07-06,East_Region,Silt,Soybean,36.4,94.1,15.6,Blight_Spores,Medium,4,1
OBS-01928,2022-09-28,South_Region,Clay,Corn,36.4,57.5,26.0,Beetles,Medium,5,1
OBS-01929,2023-09-23,East_Region,Clay,Wheat,35.1,30.5,24.2,Whiteflies,Low,2,0
OBS-01930,2023-03-09,East_Region,Loam,Soybean,37.2,62.6,24.1,Whiteflies,Low,1,0
OBS-01931,2023-04-30,South_Region,Silt,Wheat,31.1,67.0,16.9,Aphids,Low,3,0
OBS-01932,2022-05-26,North_Region,Loam,Cotton,39.8,51.4,8.4,Aphids,High,8,1
OBS-01933,2023-06-17,North_Region,Clay,Tomato,30.1,70.9,4.2,Armyworms,Low,3,0
OBS-01934,2022-10-14,South_Region,Sandy,Soybean,18.6,60.0,29.2,Beetles,Low,2,0
OBS-01935,2023-11-19,North_Region,Silt,Soybean,32.3,55.1,29.7,Blight_Spores,High,8,1
OBS-01936,2022-12-30,South_Region,Clay,Soybean,39.6,86.1,34.3,Blight_Spores,High,9,1
OBS-01937,2023-08-28,East_Region,Sandy,Rice,33.0,59.1,19.2,Aphids,Low,2,0
OBS-01938,2023-04-11,West_Region,Sandy,Cotton,30.3,42.6,11.1,Armyworms,Medium,4,1
OBS-01939,2022-03-29,North_Region,Sandy,Wheat,23.2,69.0,6.1,Blight_Spores,Low,1,0
OBS-01940,2022-07-13,South_Region,Loam,Wheat,35.8,40.1,39.6,Beetles,Medium,4,1
OBS-01941,2022-10-24,North_Region,Loam,Cotton,13.7,39.4,39.4,Aphids,Low,1,0
OBS-01942,2022-07-28,West_Region,Silt,Barley,22.6,82.1,38.6,Beetles,Medium,4,1
OBS-01943,2023-01-20,East_Region,Loam,Wheat,10.3,32.3,11.6,Whiteflies,Low,0,0
OBS-01944,2022-06-02,West_Region,Sandy,Barley,26.6,62.5,44.5,Whiteflies,Low,3,0
OBS-01945,2022-10-13,North_Region,Clay,Corn,37.1,63.1,21.7,Armyworms,Low,2,0
OBS-01946,2022-05-14,Central_Valley,Loam,Soybean,26.1,37.1,11.4,Whiteflies,Low,3,0
OBS-01947,2022-06-24,South_Region,Clay,Soybean,32.9,81.0,34.5,Beetles,Medium,6,1
OBS-01948,2022-01-22,West_Region,Silt,Barley,21.8,46.5,4.2,Armyworms,Low,0,0
OBS-01949,2022-09-29,North_Region,Loam,Wheat,21.6,66.4,40.7,Whiteflies,Low,0,0
OBS-01950,2022-06-06,South_Region,Clay,Rice,11.5,46.0,35.2,Armyworms,Low,0,0
OBS-01951,2023-08-12,East_Region,Sandy,Corn,29.5,87.0,49.0,Armyworms,Medium,4,1
OBS-01952,2022-06-07,East_Region,Loam,Soybean,36.1,66.2,0.3,Beetles,Low,2,0
OBS-01953,2022-11-29,North_Region,Sandy,Rice,19.4,34.2,4.3,Blight_Spores,Low,1,0
OBS-01954,2022-10-03,South_Region,Loam,Corn,37.9,59.8,11.8,Aphids,Medium,5,1
OBS-01955,2022-09-06,East_Region,Clay,Wheat,31.2,43.0,15.6,Aphids,Low,0,0
OBS-01956,2023-07-05,West_Region,Clay,Tomato,24.0,45.6,36.2,Aphids,Low,1,0
OBS-01957,2022-07-17,Central_Valley,Sandy,Rice,10.8,62.3,23.1,Whiteflies,Low,0,0
OBS-01958,2023-06-29,South_Region,Silt,Corn,17.7,70.3,6.9,Whiteflies,Low,2,0
OBS-01959,2022-05-21,South_Region,Sandy,Rice,24.6,93.6,38.8,Beetles,Low,2,0
OBS-01960,2022-03-10,South_Region,Loam,Barley,11.3,36.8,30.1,Blight_Spores,Low,0,0
OBS-01961,2023-02-05,West_Region,Silt,Wheat,20.9,35.4,24.2,Whiteflies,Low,0,0
OBS-01962,2023-05-01,South_Region,Clay,Corn,10.2,76.1,37.0,Beetles,Low,1,0
OBS-01963,2023-03-02,East_Region,Clay,Tomato,30.9,49.0,32.4,Aphids,Low,2,0
OBS-01964,2022-12-05,East_Region,Sandy,Wheat,23.0,83.7,12.2,Whiteflies,Low,2,0
OBS-01965,2022-07-28,West_Region,Clay,Rice,36.9,55.0,47.9,Whiteflies,Low,3,0
OBS-01966,2023-06-07,East_Region,Loam,Rice,25.3,75.8,24.5,Armyworms,Low,1,0
OBS-01967,2023-05-20,Central_Valley,Silt,Barley,18.9,32.8,8.2,Beetles,Low,1,0
OBS-01968,2022-03-31,Central_Valley,Clay,Soybean,17.2,75.9,17.2,Armyworms,Medium,4,1
OBS-01969,2023-07-13,West_Region,Clay,Corn,10.9,54.8,39.9,Aphids,Low,2,0
OBS-01970,2023-03-10,East_Region,Sandy,Corn,11.1,81.9,16.4,Beetles,Medium,4,1
OBS-01971,2023-02-20,Central_Valley,Sandy,Barley,29.6,81.0,0.9,Armyworms,Low,1,0
OBS-01972,2023-02-16,East_Region,Clay,Rice,15.1,53.3,38.7,Blight_Spores,Low,1,0
OBS-01973,2023-03-21,North_Region,Silt,Corn,39.0,53.2,46.2,Aphids,Low,3,0
OBS-01974,2022-11-23,South_Region,Silt,Barley,19.1,86.1,16.8,Whiteflies,Low,2,0
OBS-01975,2023-08-01,East_Region,Clay,Cotton,23.1,37.5,37.8,Blight_Spores,Low,1,0
OBS-01976,2023-06-30,North_Region,Clay,Corn,31.5,53.6,7.1,Aphids,Medium,4,1
OBS-01977,2023-02-01,East_Region,Clay,Soybean,33.2,69.8,29.8,Armyworms,Low,3,0
OBS-01978,2023-11-26,Central_Valley,Sandy,Tomato,11.5,51.8,36.2,Beetles,Medium,4,1
OBS-01979,2023-03-15,East_Region,Clay,Barley,32.2,53.9,47.8,Blight_Spores,Low,3,0
OBS-01980,2023-11-19,South_Region,Clay,Soybean,31.4,73.7,8.6,Blight_Spores,Low,3,0
OBS-01981,2023-04-04,East_Region,Clay,Barley,19.3,90.9,25.6,Armyworms,Medium,4,1
OBS-01982,2022-07-15,Central_Valley,Sandy,Corn,16.9,42.5,48.7,Beetles,Low,2,0
OBS-01983,2023-01-10,Central_Valley,Sandy,Cotton,10.2,84.9,49.0,Aphids,Medium,4,1
OBS-01984,2022-11-20,North_Region,Loam,Barley,39.7,59.6,36.9,Whiteflies,Low,2,0
OBS-01985,2023-03-14,South_Region,Sandy,Rice,27.4,68.6,44.6,Aphids,Low,0,0
OBS-01986,2023-06-17,Central_Valley,Silt,Wheat,24.3,63.7,31.3,Whiteflies,Low,0,0
OBS-01987,2022-10-11,East_Region,Sandy,Cotton,33.1,72.6,15.5,Blight_Spores,High,7,1
OBS-01988,2022-07-14,West_Region,Clay,Wheat,26.2,33.7,34.1,Armyworms,Low,3,0
OBS-01989,2022-08-18,South_Region,Clay,Soybean,10.1,69.0,15.0,Whiteflies,Low,0,0
OBS-01990,2022-11-05,West_Region,Clay,Cotton,18.3,61.2,4.8,Blight_Spores,Low,2,0
OBS-01991,2023-02-16,South_Region,Sandy,Barley,22.4,90.1,6.4,Beetles,Low,0,0
OBS-01992,2022-03-18,South_Region,Sandy,Cotton,11.9,57.5,48.0,Beetles,Low,1,0
OBS-01993,2022-09-22,East_Region,Sandy,Cotton,38.7,67.7,19.4,Armyworms,High,7,1
OBS-01994,2023-11-20,North_Region,Silt,Wheat,14.2,40.0,36.6,Blight_Spores,Low,1,0
OBS-01995,2023-07-31,North_Region,Clay,Corn,20.6,38.4,0.0,Whiteflies,Low,2,0
OBS-01996,2022-10-26,North_Region,Loam,Corn,31.4,46.3,18.8,Beetles,Low,1,0
OBS-01997,2022-11-15,South_Region,Silt,Corn,20.1,72.6,45.2,Beetles,Low,1,0
OBS-01998,2022-05-19,West_Region,Clay,Barley,30.0,83.3,23.9,Beetles,Medium,5,1
OBS-01999,2023-03-16,South_Region,Sandy,Cotton,11.8,45.6,13.1,Aphids,Low,1,0
OBS-02000,2022-08-23,East_Region,Sandy,Barley,28.4,82.1,47.7,Whiteflies,Low,1,0
OBS-02001,2023-11-04,North_Region,Loam,Soybean,29.7,74.5,9.3,Armyworms,Low,3,0
OBS-02002,2023-04-27,South_Region,Silt,Rice,31.9,60.7,47.3,Beetles,Low,2,0
OBS-02003,2023-09-02,South_Region,Loam,Rice,18.9,57.0,47.1,Whiteflies,Low,0,0
OBS-02004,2023-03-03,Central_Valley,Loam,Tomato,16.8,65.2,48.6,Whiteflies,Low,1,0
OBS-02005,2022-04-07,West_Region,Clay,Soybean,36.0,69.1,17.5,Beetles,High,7,1
OBS-02006,2022-08-19,West_Region,Clay,Rice,20.2,58.7,49.6,Whiteflies,Low,2,0
OBS-02007,2023-03-13,South_Region,Loam,Barley,20.0,72.2,18.0,Aphids,Low,1,0
OBS-02008,2022-06-01,Central_Valley,Sandy,Cotton,12.0,86.8,36.2,Whiteflies,Medium,4,1
OBS-02009,2022-04-16,East_Region,Silt,Barley,20.1,38.0,10.2,Armyworms,Low,2,0
OBS-02010,2022-08-10,East_Region,Sandy,Barley,27.0,83.0,12.5,Whiteflies,Low,3,0
OBS-02011,2022-08-10,North_Region,Sandy,Corn,16.3,77.9,22.9,Blight_Spores,Low,3,0
OBS-02012,2023-06-19,West_Region,Loam,Barley,15.7,67.8,27.6,Whiteflies,Low,0,0
OBS-02013,2023-06-10,North_Region,Silt,Corn,36.2,63.9,16.0,Whiteflies,Low,2,0
OBS-02014,2022-09-22,East_Region,Loam,Barley,17.0,32.5,3.7,Armyworms,Low,1,0
OBS-02015,2022-10-05,East_Region,Sandy,Cotton,11.6,60.3,22.6,Aphids,Low,0,0
OBS-02016,2023-04-26,Central_Valley,Clay,Barley,16.2,55.6,20.7,Whiteflies,Low,1,0
OBS-02017,2023-08-15,North_Region,Loam,Wheat,13.0,60.4,43.6,Aphids,Low,0,0
OBS-02018,2022-09-28,Central_Valley,Silt,Wheat,34.4,86.0,8.5,Blight_Spores,Medium,5,1
OBS-02019,2022-12-18,North_Region,Clay,Barley,30.8,60.2,44.4,Armyworms,Low,1,0
OBS-02020,2022-04-06,West_Region,Sandy,Wheat,13.5,46.2,45.3,Blight_Spores,Low,0,0
OBS-02021,2022-07-27,West_Region,Silt,Wheat,38.0,51.1,7.7,Aphids,Medium,4,1
OBS-02022,2022-01-09,West_Region,Silt,Cotton,13.6,84.7,49.5,Armyworms,Low,0,0
OBS-02023,2022-04-30,East_Region,Clay,Wheat,21.7,68.8,4.7,Whiteflies,Low,1,0
OBS-02024,2022-12-17,South_Region,Sandy,Barley,19.6,44.3,27.8,Beetles,Low,1,0
OBS-02025,2023-08-11,West_Region,Silt,Tomato,24.3,51.6,35.9,Beetles,Low,0,0
OBS-02026,2023-07-17,East_Region,Loam,Cotton,34.5,43.7,38.1,Blight_Spores,Medium,6,1
OBS-02027,2022-03-26,Central_Valley,Loam,Wheat,21.3,38.1,27.8,Blight_Spores,Low,0,0
OBS-02028,2022-11-26,South_Region,Silt,Tomato,17.1,48.0,43.1,Aphids,Low,2,0
OBS-02029,2022-06-23,South_Region,Loam,Wheat,22.0,60.9,16.8,Beetles,Low,0,0
OBS-02030,2022-01-24,North_Region,Clay,Rice,23.8,79.0,22.1,Whiteflies,Low,1,0
OBS-02031,2023-04-15,South_Region,Silt,Soybean,28.2,70.1,1.3,Aphids,Low,2,0
OBS-02032,2022-11-21,East_Region,Silt,Corn,15.9,61.0,40.5,Blight_Spores,Low,0,0
OBS-02033,2023-09-14,South_Region,Clay,Corn,28.0,36.1,49.3,Blight_Spores,Low,1,0
OBS-02034,2023-08-12,South_Region,Sandy,Corn,35.1,49.1,37.3,Armyworms,Medium,4,1
OBS-02035,2022-10-26,East_Region,Sandy,Soybean,37.9,45.2,4.2,Armyworms,Medium,5,1
OBS-02036,2022-09-26,West_Region,Sandy,Soybean,14.8,43.8,17.1,Whiteflies,Low,1,0
OBS-02037,2022-12-02,North_Region,Silt,Tomato,35.7,93.5,17.5,Beetles,Low,3,0
OBS-02038,2022-12-18,East_Region,Silt,Rice,24.9,50.8,20.3,Beetles,Low,1,0
OBS-02039,2022-02-08,South_Region,Clay,Rice,23.6,33.1,35.4,Blight_Spores,Low,1,0
OBS-02040,2023-01-26,South_Region,Sandy,Wheat,15.5,68.4,4.6,Blight_Spores,Low,3,0
OBS-02041,2023-11-17,Central_Valley,Loam,Soybean,31.8,84.6,15.7,Blight_Spores,Low,3,0
OBS-02042,2022-08-07,North_Region,Clay,Tomato,11.6,67.5,45.4,Blight_Spores,Medium,5,1
OBS-02043,2022-10-18,North_Region,Clay,Cotton,28.3,45.3,45.5,Whiteflies,Low,1,0
OBS-02044,2022-06-15,East_Region,Clay,Cotton,16.3,55.7,14.8,Blight_Spores,Low,1,0
OBS-02045,2023-03-04,North_Region,Silt,Soybean,19.4,49.5,11.3,Beetles,Low,0,0
OBS-02046,2023-04-15,North_Region,Clay,Tomato,26.2,40.7,19.6,Beetles,Low,2,0
OBS-02047,2023-04-08,East_Region,Sandy,Corn,12.3,67.4,5.9,Blight_Spores,Low,2,0
OBS-02048,2023-07-05,North_Region,Silt,Soybean,22.7,31.2,24.5,Armyworms,Low,2,0
OBS-02049,2023-05-17,South_Region,Clay,Tomato,27.7,54.0,37.1,Armyworms,Low,3,0
OBS-02050,2022-07-18,South_Region,Silt,Soybean,36.4,77.1,18.1,Armyworms,Medium,6,1
OBS-02051,2022-06-15,North_Region,Loam,Corn,38.9,31.7,14.4,Armyworms,Medium,6,1
OBS-02052,2022-09-30,North_Region,Silt,Cotton,19.3,32.5,23.3,Blight_Spores,Low,0,0
OBS-02053,2023-08-31,West_Region,Silt,Corn,32.8,91.8,21.9,Whiteflies,Medium,5,1
OBS-02054,2023-05-12,North_Region,Sandy,Corn,31.8,80.6,13.0,Armyworms,Low,2,0
OBS-02055,2022-10-05,Central_Valley,Loam,Soybean,29.6,89.7,17.3,Armyworms,Low,3,0
OBS-02056,2022-08-13,West_Region,Sandy,Corn,39.9,94.3,30.6,Aphids,Low,3,0
OBS-02057,2022-05-01,Central_Valley,Loam,Wheat,19.5,40.5,3.8,Armyworms,Low,2,0
OBS-02058,2022-07-01,South_Region,Silt,Soybean,34.4,59.7,11.1,Blight_Spores,Medium,5,1
OBS-02059,2022-11-11,East_Region,Sandy,Barley,35.8,57.9,8.6,Whiteflies,Low,3,0
OBS-02060,2023-05-13,Central_Valley,Silt,Wheat,30.7,35.5,48.7,Blight_Spores,Low,2,0
OBS-02061,2022-06-02,West_Region,Sandy,Soybean,38.0,77.2,12.2,Aphids,Low,3,0
OBS-02062,2022-04-24,West_Region,Silt,Soybean,22.7,50.3,23.2,Blight_Spores,Low,0,0
OBS-02063,2022-09-01,North_Region,Loam,Corn,11.4,41.1,17.8,Aphids,Low,2,0
OBS-02064,2023-04-21,North_Region,Silt,Cotton,31.4,78.0,34.6,Whiteflies,Medium,4,1
OBS-02065,2022-12-16,Central_Valley,Sandy,Tomato,37.2,39.2,19.9,Beetles,High,7,1
OBS-02066,2023-09-17,East_Region,Silt,Soybean,20.7,90.3,36.4,Armyworms,Low,1,0
OBS-02067,2023-11-04,West_Region,Sandy,Barley,36.5,43.5,3.3,Blight_Spores,Low,2,0
OBS-02068,2023-08-28,South_Region,Silt,Corn,22.9,90.8,45.8,Armyworms,Low,2,0
OBS-02069,2022-09-26,West_Region,Sandy,Cotton,16.1,37.5,44.9,Beetles,Low,1,0
OBS-02070,2022-08-13,East_Region,Loam,Rice,24.6,31.5,15.0,Whiteflies,Low,1,0
OBS-02071,2022-10-26,Central_Valley,Sandy,Rice,19.8,36.5,21.9,Beetles,Low,0,0
OBS-02072,2023-02-19,South_Region,Sandy,Soybean,21.5,67.0,12.2,Beetles,Low,3,0
OBS-02073,2023-07-25,North_Region,Loam,Wheat,34.1,38.0,26.4,Whiteflies,Low,3,0
OBS-02074,2022-02-18,South_Region,Clay,Cotton,24.8,62.5,46.1,Armyworms,Low,1,0
OBS-02075,2022-02-13,North_Region,Silt,Corn,13.4,67.2,39.1,Beetles,Low,0,0
OBS-02076,2023-01-07,East_Region,Sandy,Corn,28.7,68.0,16.6,Blight_Spores,Low,1,0
OBS-02077,2022-06-05,Central_Valley,Sandy,Corn,20.9,40.9,39.0,Whiteflies,Low,2,0
OBS-02078,2023-04-26,North_Region,Loam,Wheat,27.9,82.4,15.9,Whiteflies,Medium,4,1
OBS-02079,2022-01-06,North_Region,Silt,Tomato,37.6,73.1,7.2,Armyworms,High,8,1
OBS-02080,2022-05-26,East_Region,Clay,Barley,38.3,53.1,3.8,Whiteflies,Low,2,0
OBS-02081,2022-01-14,West_Region,Loam,Corn,11.8,91.1,41.8,Beetles,Low,2,0
OBS-02082,2022-09-01,Central_Valley,Silt,Barley,35.1,53.9,30.0,Blight_Spores,Low,1,0
OBS-02083,2023-03-10,West_Region,Sandy,Soybean,14.1,81.7,3.9,Beetles,Low,1,0
OBS-02084,2022-04-29,South_Region,Clay,Tomato,32.7,35.6,23.5,Whiteflies,High,7,1
OBS-02085,2022-11-15,East_Region,Clay,Corn,21.2,84.7,6.8,Armyworms,Low,2,0
OBS-02086,2022-04-20,West_Region,Loam,Tomato,29.0,83.1,30.9,Whiteflies,Medium,5,1
OBS-02087,2022-12-25,South_Region,Clay,Barley,16.1,92.7,18.8,Armyworms,Low,2,0
OBS-02088,2023-09-02,North_Region,Loam,Wheat,14.7,78.4,7.4,Aphids,Low,2,0
OBS-02089,2023-10-12,Central_Valley,Silt,Soybean,12.8,84.6,40.8,Beetles,Medium,4,1
OBS-02090,2022-09-17,South_Region,Silt,Rice,26.1,45.3,19.1,Aphids,Low,3,0
OBS-02091,2023-08-24,South_Region,Sandy,Wheat,28.9,47.2,36.9,Whiteflies,Low,2,0
OBS-02092,2022-05-23,Central_Valley,Loam,Barley,35.7,85.8,38.3,Beetles,Low,3,0
OBS-02093,2022-04-09,South_Region,Clay,Tomato,24.3,79.8,18.8,Aphids,Low,1,0
OBS-02094,2022-11-17,East_Region,Loam,Rice,29.4,73.7,0.1,Aphids,Medium,4,1
OBS-02095,2022-12-21,South_Region,Loam,Soybean,25.3,45.9,13.2,Armyworms,Low,0,0
OBS-02096,2023-05-01,East_Region,Loam,Tomato,12.4,63.0,43.6,Whiteflies,Low,2,0
OBS-02097,2023-09-06,Central_Valley,Sandy,Barley,15.6,53.0,38.7,Aphids,Low,1,0
OBS-02098,2022-02-09,East_Region,Silt,Tomato,25.7,76.6,18.4,Aphids,High,7,1
OBS-02099,2023-05-20,East_Region,Silt,Corn,18.1,54.7,12.2,Whiteflies,Low,1,0
OBS-02100,2023-03-05,East_Region,Silt,Rice,20.1,71.6,11.0,Aphids,Low,1,0
OBS-02101,2022-01-11,West_Region,Loam,Rice,15.0,48.9,30.0,Aphids,Low,0,0
OBS-02102,2023-08-07,Central_Valley,Loam,Tomato,25.3,50.0,3.7,Armyworms,Low,3,0
OBS-02103,2023-03-15,West_Region,Silt,Wheat,12.1,42.0,45.8,Whiteflies,Low,0,0
OBS-02104,2023-07-29,South_Region,Sandy,Barley,32.6,40.4,50.0,Aphids,Medium,4,1
OBS-02105,2022-09-13,South_Region,Clay,Wheat,33.1,63.2,35.0,Whiteflies,Medium,5,1
OBS-02106,2023-05-02,Central_Valley,Sandy,Tomato,11.3,61.6,40.8,Beetles,Low,1,0
OBS-02107,2023-03-03,West_Region,Sandy,Tomato,36.5,47.4,14.4,Aphids,High,10,1
OBS-02108,2022-03-14,West_Region,Silt,Wheat,30.6,83.0,35.0,Blight_Spores,Low,1,0
OBS-02109,2023-07-15,North_Region,Clay,Barley,25.5,63.2,21.1,Armyworms,Low,0,0
OBS-02110,2023-10-29,East_Region,Sandy,Rice,11.7,64.4,34.2,Beetles,Low,0,0
OBS-02111,2023-01-01,Central_Valley,Loam,Corn,24.9,64.7,42.6,Aphids,Low,3,0
OBS-02112,2023-03-17,West_Region,Clay,Barley,17.3,61.7,41.4,Armyworms,Low,0,0
OBS-02113,2023-01-09,North_Region,Sandy,Cotton,21.8,77.1,32.3,Whiteflies,Medium,6,1
OBS-02114,2023-07-16,West_Region,Loam,Cotton,29.9,91.0,34.2,Armyworms,Medium,5,1
OBS-02115,2022-10-29,North_Region,Sandy,Soybean,11.9,72.2,8.7,Armyworms,Low,1,0
OBS-02116,2023-01-27,South_Region,Loam,Corn,20.8,44.1,6.2,Whiteflies,Low,1,0
OBS-02117,2023-01-12,North_Region,Loam,Corn,22.5,34.0,10.1,Armyworms,Low,1,0
OBS-02118,2022-03-22,East_Region,Clay,Tomato,24.4,82.1,18.7,Beetles,Medium,5,1
OBS-02119,2022-06-04,North_Region,Sandy,Rice,26.1,61.9,33.4,Aphids,Low,3,0
OBS-02120,2023-05-12,East_Region,Clay,Rice,20.1,62.8,12.6,Beetles,Low,1,0
OBS-02121,2023-04-12,West_Region,Sandy,Tomato,17.1,45.7,9.1,Armyworms,Low,0,0
OBS-02122,2023-05-31,South_Region,Clay,Tomato,38.9,57.6,50.0,Blight_Spores,Low,2,0
OBS-02123,2023-11-26,West_Region,Sandy,Wheat,14.7,71.3,26.9,Beetles,Low,1,0
OBS-02124,2022-02-18,East_Region,Sandy,Corn,39.0,44.9,27.7,Beetles,Medium,4,1
OBS-02125,2022-12-04,East_Region,Loam,Soybean,36.2,52.6,25.8,Aphids,Low,1,0
OBS-02126,2023-03-02,South_Region,Clay,Corn,18.2,36.1,48.5,Armyworms,Low,1,0
OBS-02127,2023-04-11,South_Region,Loam,Corn,37.6,56.0,7.1,Armyworms,Low,3,0
OBS-02128,2023-07-24,South_Region,Loam,Corn,36.4,87.4,22.0,Blight_Spores,Medium,5,1
OBS-02129,2023-05-25,South_Region,Loam,Soybean,16.6,83.1,21.9,Whiteflies,Low,1,0
OBS-02130,2023-03-09,East_Region,Sandy,Rice,11.6,40.5,18.6,Beetles,Low,1,0
OBS-02131,2022-05-07,West_Region,Loam,Rice,26.4,30.0,32.5,Whiteflies,Low,0,0
OBS-02132,2023-11-28,East_Region,Silt,Barley,36.5,80.9,4.1,Armyworms,High,7,1
OBS-02133,2022-10-11,West_Region,Silt,Rice,23.1,46.8,11.2,Whiteflies,Low,0,0
OBS-02134,2023-05-09,East_Region,Clay,Corn,13.6,64.4,5.6,Aphids,Low,1,0
OBS-02135,2022-01-01,Central_Valley,Sandy,Cotton,38.6,82.9,6.2,Armyworms,High,10,1
OBS-02136,2022-10-02,East_Region,Silt,Corn,17.2,42.1,2.3,Blight_Spores,Low,1,0
OBS-02137,2022-07-03,West_Region,Loam,Barley,15.1,58.9,48.1,Blight_Spores,Low,0,0
OBS-02138,2022-08-23,East_Region,Clay,Corn,28.5,40.5,23.9,Aphids,Low,3,0
OBS-02139,2023-09-25,South_Region,Silt,Wheat,27.2,79.2,21.8,Blight_Spores,Low,2,0
OBS-02140,2023-08-09,North_Region,Clay,Tomato,34.3,52.5,11.2,Armyworms,Medium,5,1
OBS-02141,2022-02-06,East_Region,Clay,Barley,34.7,45.2,7.5,Blight_Spores,Low,1,0
OBS-02142,2023-07-26,West_Region,Sandy,Barley,38.4,30.0,7.4,Beetles,Low,3,0
OBS-02143,2022-04-05,South_Region,Silt,Tomato,18.0,80.6,29.1,Armyworms,Medium,5,1
OBS-02144,2023-08-31,Central_Valley,Loam,Wheat,16.0,42.2,32.2,Whiteflies,Low,0,0
OBS-02145,2022-12-30,East_Region,Sandy,Tomato,19.2,49.5,45.2,Whiteflies,Low,2,0
OBS-02146,2023-02-14,East_Region,Loam,Corn,21.4,61.7,39.2,Beetles,Low,3,0
OBS-02147,2022-11-06,West_Region,Silt,Barley,12.5,34.1,44.9,Aphids,Low,1,0
OBS-02148,2023-04-13,West_Region,Clay,Soybean,18.7,42.3,38.1,Armyworms,Low,0,0
OBS-02149,2023-05-28,South_Region,Clay,Tomato,25.2,40.9,7.0,Aphids,Medium,5,1
OBS-02150,2023-01-29,North_Region,Sandy,Barley,33.4,92.7,49.6,Blight_Spores,Low,2,0
OBS-02151,2023-06-26,South_Region,Silt,Rice,34.5,69.3,40.6,Beetles,Low,3,0
OBS-02152,2023-08-01,West_Region,Sandy,Rice,30.2,74.2,41.8,Blight_Spores,Low,3,0
OBS-02153,2023-08-06,South_Region,Loam,Barley,33.6,93.6,47.6,Armyworms,Medium,4,1
OBS-02154,2022-07-01,North_Region,Silt,Rice,32.5,68.6,10.2,Armyworms,Medium,4,1
OBS-02155,2023-04-06,East_Region,Loam,Soybean,36.8,72.9,38.7,Armyworms,Medium,5,1
OBS-02156,2023-07-26,South_Region,Silt,Cotton,35.9,63.4,45.6,Beetles,Low,1,0
OBS-02157,2023-01-10,Central_Valley,Silt,Tomato,26.3,91.8,3.0,Armyworms,High,14,1
OBS-02158,2022-07-26,South_Region,Sandy,Wheat,31.6,86.0,37.8,Beetles,Low,1,0
OBS-02159,2022-12-03,West_Region,Silt,Corn,17.1,84.1,14.3,Whiteflies,Low,2,0
OBS-02160,2022-09-15,Central_Valley,Clay,Cotton,16.7,69.1,4.7,Whiteflies,Low,2,0
OBS-02161,2023-04-05,West_Region,Clay,Barley,15.4,69.0,17.2,Aphids,Low,2,0
OBS-02162,2022-11-07,West_Region,Silt,Corn,21.4,33.8,12.0,Beetles,Low,3,0
OBS-02163,2022-03-26,North_Region,Sandy,Cotton,19.0,84.5,35.3,Beetles,Low,1,0
OBS-02164,2022-03-08,Central_Valley,Sandy,Rice,18.9,88.0,7.6,Whiteflies,Low,3,0
OBS-02165,2023-04-20,East_Region,Sandy,Wheat,32.9,45.7,20.3,Aphids,Medium,4,1
OBS-02166,2022-10-31,South_Region,Clay,Cotton,34.1,53.1,16.2,Beetles,Medium,4,1
OBS-02167,2023-05-20,East_Region,Sandy,Rice,26.3,51.3,7.5,Aphids,Low,1,0
OBS-02168,2023-08-13,North_Region,Silt,Barley,36.1,74.0,8.2,Beetles,Low,3,0
OBS-02169,2023-05-25,South_Region,Loam,Corn,30.3,63.2,30.5,Beetles,Low,3,0
OBS-02170,2022-01-18,East_Region,Sandy,Soybean,14.1,72.7,32.9,Armyworms,Low,1,0
OBS-02171,2023-08-25,West_Region,Clay,Soybean,22.3,65.7,18.0,Whiteflies,Low,0,0
OBS-02172,2023-02-26,North_Region,Loam,Cotton,21.2,49.6,39.9,Blight_Spores,Low,0,0
OBS-02173,2022-11-21,South_Region,Silt,Corn,33.0,33.9,27.0,Beetles,High,8,1
OBS-02174,2022-03-03,North_Region,Silt,Soybean,37.1,39.3,13.7,Beetles,Low,1,0
OBS-02175,2023-04-20,South_Region,Silt,Rice,27.0,88.7,39.9,Blight_Spores,Medium,5,1
OBS-02176,2023-05-08,East_Region,Loam,Wheat,20.8,68.4,18.0,Whiteflies,Low,1,0
OBS-02177,2023-04-20,West_Region,Silt,Wheat,24.1,83.1,18.5,Armyworms,Low,2,0
OBS-02178,2022-01-27,West_Region,Silt,Corn,33.8,84.6,20.7,Whiteflies,Medium,6,1
OBS-02179,2023-09-22,Central_Valley,Loam,Barley,14.1,67.4,46.9,Armyworms,Low,1,0
OBS-02180,2023-03-18,South_Region,Loam,Soybean,32.9,71.8,44.0,Aphids,Low,2,0
OBS-02181,2022-11-06,West_Region,Loam,Cotton,37.9,79.7,21.0,Beetles,Medium,4,1
OBS-02182,2022-04-22,Central_Valley,Silt,Tomato,37.2,70.6,48.5,Blight_Spores,Low,3,0
OBS-02183,2022-04-06,Central_Valley,Loam,Tomato,13.2,90.9,43.0,Armyworms,Medium,4,1
OBS-02184,2023-03-25,Central_Valley,Clay,Barley,31.3,86.8,38.9,Beetles,Low,3,0
OBS-02185,2023-10-31,East_Region,Clay,Corn,34.2,72.4,19.1,Whiteflies,High,8,1
OBS-02186,2023-03-16,Central_Valley,Loam,Wheat,36.8,60.4,27.1,Blight_Spores,Low,3,0
OBS-02187,2022-03-22,West_Region,Loam,Cotton,28.6,88.5,1.2,Whiteflies,Low,2,0
OBS-02188,2023-11-01,East_Region,Silt,Tomato,26.3,58.1,4.2,Armyworms,Low,3,0
OBS-02189,2022-07-24,North_Region,Loam,Tomato,36.9,81.6,20.2,Armyworms,Medium,5,1
OBS-02190,2022-01-30,East_Region,Silt,Corn,11.3,63.8,43.4,Armyworms,Low,0,0
OBS-02191,2022-10-28,Central_Valley,Sandy,Cotton,35.3,52.8,7.0,Aphids,Medium,6,1
OBS-02192,2023-07-14,South_Region,Clay,Rice,10.3,73.8,13.9,Blight_Spores,Medium,5,1
OBS-02193,2023-03-12,Central_Valley,Clay,Corn,12.4,46.6,18.6,Aphids,Low,2,0
OBS-02194,2023-08-30,South_Region,Clay,Barley,21.3,93.3,46.8,Blight_Spores,Low,1,0
OBS-02195,2022-08-01,South_Region,Silt,Wheat,14.1,32.2,8.9,Beetles,Low,2,0
OBS-02196,2023-03-11,Central_Valley,Clay,Rice,30.7,35.2,25.0,Armyworms,Low,2,0
OBS-02197,2023-09-24,South_Region,Silt,Wheat,29.0,73.4,5.3,Armyworms,Low,2,0
OBS-02198,2023-04-05,South_Region,Silt,Rice,28.8,50.9,30.3,Whiteflies,Low,2,0
OBS-02199,2022-05-08,East_Region,Loam,Barley,15.3,62.4,32.4,Aphids,Low,0,0
OBS-02200,2022-04-21,South_Region,Clay,Soybean,37.1,36.4,13.8,Whiteflies,Low,3,0
OBS-02201,2022-05-11,North_Region,Loam,Tomato,24.6,93.4,28.1,Armyworms,High,7,1
OBS-02202,2023-07-24,West_Region,Loam,Wheat,38.4,41.4,40.2,Aphids,Low,2,0
OBS-02203,2023-10-08,East_Region,Clay,Rice,18.6,62.0,27.6,Whiteflies,Low,0,0
OBS-02204,2022-08-28,South_Region,Loam,Tomato,33.2,66.4,35.3,Beetles,Medium,4,1
OBS-02205,2022-12-05,East_Region,Silt,Cotton,15.0,77.4,22.7,Beetles,Low,1,0
OBS-02206,2023-07-07,East_Region,Silt,Soybean,34.0,64.8,12.3,Beetles,Medium,4,1
OBS-02207,2022-08-20,East_Region,Silt,Rice,16.1,55.6,15.3,Blight_Spores,Low,0,0
OBS-02208,2023-08-13,North_Region,Silt,Tomato,39.3,51.5,32.4,Beetles,Medium,4,1
OBS-02209,2022-07-28,North_Region,Clay,Rice,14.8,48.7,37.9,Aphids,Low,0,0
OBS-02210,2023-09-21,South_Region,Clay,Soybean,24.6,80.2,0.2,Aphids,Low,3,0
OBS-02211,2022-10-14,West_Region,Sandy,Rice,29.6,50.6,27.6,Blight_Spores,Low,3,0
OBS-02212,2022-05-08,East_Region,Silt,Soybean,28.1,76.0,49.4,Beetles,Low,3,0
OBS-02213,2022-02-19,Central_Valley,Loam,Cotton,22.0,58.5,7.4,Beetles,Low,0,0
OBS-02214,2023-08-31,South_Region,Clay,Tomato,24.6,61.9,25.8,Beetles,Low,1,0
OBS-02215,2023-01-29,North_Region,Clay,Soybean,33.3,54.6,33.3,Armyworms,Low,3,0
OBS-02216,2023-03-09,Central_Valley,Clay,Tomato,11.2,86.0,48.9,Aphids,Low,2,0
OBS-02217,2023-03-21,West_Region,Silt,Barley,12.8,55.7,42.2,Whiteflies,Low,0,0
OBS-02218,2022-12-13,South_Region,Loam,Tomato,13.0,60.7,2.6,Beetles,Low,1,0
OBS-02219,2023-03-06,East_Region,Clay,Barley,36.0,48.1,16.8,Blight_Spores,Low,2,0
OBS-02220,2022-09-24,North_Region,Sandy,Barley,26.6,82.3,28.0,Armyworms,Low,1,0
OBS-02221,2023-03-07,South_Region,Sandy,Soybean,39.5,49.9,33.6,Armyworms,Low,1,0
OBS-02222,2022-11-18,West_Region,Silt,Barley,36.2,56.8,36.8,Beetles,Low,3,0
OBS-02223,2022-10-22,North_Region,Sandy,Corn,21.0,42.0,12.9,Whiteflies,Low,2,0
OBS-02224,2022-06-22,West_Region,Loam,Corn,32.9,89.7,29.7,Aphids,Low,2,0
OBS-02225,2023-06-27,West_Region,Clay,Wheat,36.7,57.9,17.3,Blight_Spores,Low,2,0
OBS-02226,2023-09-01,East_Region,Silt,Wheat,31.7,39.1,19.4,Aphids,Low,1,0
OBS-02227,2023-08-07,North_Region,Clay,Cotton,15.6,64.7,17.3,Beetles,Low,2,0
OBS-02228,2022-12-16,East_Region,Silt,Barley,34.9,43.5,13.2,Whiteflies,Medium,5,1
OBS-02229,2022-05-22,North_Region,Sandy,Corn,26.2,93.5,43.8,Aphids,Medium,5,1
OBS-02230,2023-03-05,West_Region,Clay,Corn,20.0,67.9,11.6,Whiteflies,Low,3,0
OBS-02231,2022-08-12,East_Region,Sandy,Corn,29.1,71.3,31.6,Armyworms,Medium,6,1
OBS-02232,2023-02-11,South_Region,Silt,Tomato,20.6,54.4,0.0,Beetles,Low,3,0
OBS-02233,2023-10-06,Central_Valley,Clay,Rice,24.2,44.4,37.7,Aphids,Low,0,0
OBS-02234,2022-07-01,East_Region,Loam,Soybean,14.7,88.3,37.8,Armyworms,Low,1,0
OBS-02235,2022-09-11,North_Region,Loam,Tomato,14.6,56.2,20.0,Armyworms,Low,3,0
OBS-02236,2022-05-03,East_Region,Silt,Soybean,17.7,57.3,31.8,Blight_Spores,Low,1,0
OBS-02237,2022-10-09,East_Region,Silt,Corn,13.9,59.5,1.5,Aphids,Low,3,0
OBS-02238,2022-09-26,West_Region,Clay,Tomato,33.4,83.8,25.9,Whiteflies,Medium,6,1
OBS-02239,2023-07-04,North_Region,Sandy,Tomato,14.8,82.8,30.6,Blight_Spores,Medium,4,1
OBS-02240,2023-04-04,West_Region,Loam,Rice,37.5,77.0,2.7,Whiteflies,Low,3,0
OBS-02241,2022-05-12,Central_Valley,Loam,Wheat,32.8,71.9,2.6,Whiteflies,Medium,5,1
OBS-02242,2023-08-21,West_Region,Silt,Rice,31.3,73.5,18.8,Aphids,Medium,6,1
OBS-02243,2023-09-18,Central_Valley,Silt,Wheat,18.3,52.4,11.4,Armyworms,Low,0,0
OBS-02244,2023-01-12,West_Region,Loam,Corn,33.7,73.8,12.8,Aphids,Medium,6,1
OBS-02245,2022-04-17,Central_Valley,Sandy,Rice,23.0,71.6,45.4,Whiteflies,Low,1,0
OBS-02246,2023-03-21,West_Region,Clay,Barley,30.7,38.6,3.4,Whiteflies,Low,2,0
OBS-02247,2023-07-12,West_Region,Silt,Wheat,12.2,79.5,5.6,Beetles,Low,0,0
OBS-02248,2023-10-13,North_Region,Loam,Corn,27.0,61.8,7.1,Armyworms,Low,3,0
OBS-02249,2023-02-21,South_Region,Loam,Cotton,31.5,72.1,30.4,Whiteflies,Low,1,0
OBS-02250,2023-11-10,South_Region,Loam,Tomato,12.0,87.5,13.6,Beetles,Low,2,0
OBS-02251,2022-05-25,South_Region,Loam,Barley,22.1,31.6,39.4,Beetles,Low,1,0
OBS-02252,2022-01-14,Central_Valley,Clay,Corn,15.4,54.8,16.7,Blight_Spores,Low,1,0
OBS-02253,2022-09-02,North_Region,Clay,Rice,15.0,82.7,12.0,Armyworms,Low,1,0
OBS-02254,2023-07-30,Central_Valley,Silt,Rice,24.8,32.0,44.2,Armyworms,Low,0,0
OBS-02255,2022-12-06,Central_Valley,Loam,Soybean,11.4,75.2,41.4,Aphids,Medium,4,1
OBS-02256,2022-11-10,East_Region,Clay,Rice,21.2,59.5,30.7,Aphids,Low,0,0
OBS-02257,2022-03-22,North_Region,Sandy,Cotton,29.7,37.9,44.2,Armyworms,Medium,4,1
OBS-02258,2022-07-25,West_Region,Loam,Rice,19.9,79.4,28.2,Beetles,Medium,4,1
OBS-02259,2022-06-11,South_Region,Loam,Soybean,13.6,38.0,14.3,Whiteflies,Low,2,0
OBS-02260,2022-11-24,South_Region,Loam,Rice,14.9,93.2,16.3,Blight_Spores,Low,2,0
OBS-02261,2022-03-07,West_Region,Clay,Soybean,15.3,84.5,33.3,Armyworms,Low,1,0
OBS-02262,2023-02-06,North_Region,Sandy,Cotton,35.5,69.7,31.2,Blight_Spores,Medium,5,1
OBS-02263,2022-11-16,North_Region,Loam,Tomato,39.0,34.0,46.9,Whiteflies,Low,3,0
OBS-02264,2022-07-01,South_Region,Sandy,Barley,34.9,66.7,8.1,Armyworms,Medium,5,1
OBS-02265,2023-01-21,Central_Valley,Silt,Rice,23.9,83.2,5.0,Beetles,Low,3,0
OBS-02266,2023-05-09,Central_Valley,Silt,Wheat,26.2,41.6,23.2,Aphids,Low,2,0
OBS-02267,2022-04-12,South_Region,Silt,Wheat,12.8,63.4,39.1,Aphids,Low,1,0
OBS-02268,2023-01-02,Central_Valley,Clay,Barley,31.8,77.7,11.5,Aphids,Low,1,0
OBS-02269,2023-10-02,West_Region,Silt,Tomato,29.5,57.5,37.0,Beetles,Low,2,0
OBS-02270,2023-10-15,South_Region,Loam,Wheat,23.5,53.8,1.8,Whiteflies,Low,0,0
OBS-02271,2022-07-28,West_Region,Loam,Soybean,21.5,50.2,27.8,Aphids,Low,0,0
OBS-02272,2023-01-04,Central_Valley,Sandy,Soybean,18.1,90.2,20.5,Armyworms,Low,0,0
OBS-02273,2023-07-10,East_Region,Sandy,Tomato,34.6,80.7,41.2,Blight_Spores,Medium,5,1
OBS-02274,2022-10-18,North_Region,Silt,Corn,10.3,92.3,34.0,Beetles,Low,1,0
OBS-02275,2023-05-23,South_Region,Sandy,Wheat,39.6,61.5,29.0,Aphids,Low,3,0
OBS-02276,2022-09-25,East_Region,Sandy,Cotton,14.2,83.4,3.4,Beetles,Low,2,0
OBS-02277,2023-10-26,East_Region,Silt,Corn,26.3,53.3,29.9,Beetles,Low,3,0
OBS-02278,2022-12-02,West_Region,Loam,Cotton,26.8,68.9,25.7,Aphids,Medium,4,1
OBS-02279,2023-07-10,North_Region,Loam,Rice,30.7,53.6,19.9,Armyworms,Medium,4,1
OBS-02280,2023-03-10,North_Region,Clay,Corn,18.7,60.0,46.5,Armyworms,Low,0,0
OBS-02281,2022-07-17,North_Region,Sandy,Wheat,23.6,34.2,26.5,Armyworms,Low,0,0
OBS-02282,2023-05-09,East_Region,Clay,Soybean,28.2,69.6,33.6,Whiteflies,Low,2,0
OBS-02283,2022-08-13,Central_Valley,Silt,Tomato,34.1,62.9,24.5,Whiteflies,High,7,1
OBS-02284,2023-10-03,Central_Valley,Sandy,Rice,34.0,69.5,2.4,Beetles,Low,3,0
OBS-02285,2022-01-23,West_Region,Loam,Soybean,15.6,55.3,49.1,Aphids,Low,0,0
OBS-02286,2022-09-27,South_Region,Sandy,Wheat,35.5,36.4,22.8,Beetles,Low,2,0
OBS-02287,2023-10-15,Central_Valley,Silt,Tomato,23.9,39.1,36.1,Whiteflies,Low,3,0
OBS-02288,2023-08-11,North_Region,Silt,Corn,19.3,72.9,7.2,Armyworms,Low,1,0
OBS-02289,2022-01-15,Central_Valley,Clay,Corn,38.1,88.7,26.4,Beetles,High,7,1
OBS-02290,2023-08-19,Central_Valley,Sandy,Rice,23.4,59.3,11.0,Blight_Spores,Low,2,0
OBS-02291,2022-01-06,Central_Valley,Silt,Tomato,21.3,51.0,25.7,Armyworms,Medium,6,1
OBS-02292,2022-09-12,West_Region,Silt,Cotton,29.2,35.8,26.7,Armyworms,Low,3,0
OBS-02293,2022-09-03,West_Region,Clay,Soybean,20.7,44.0,37.9,Beetles,Low,0,0
OBS-02294,2022-08-25,West_Region,Silt,Tomato,17.5,43.3,24.5,Whiteflies,Low,1,0
OBS-02295,2023-01-21,North_Region,Silt,Wheat,10.6,63.9,16.1,Armyworms,Low,0,0
OBS-02296,2023-05-27,South_Region,Sandy,Soybean,29.1,82.1,14.7,Whiteflies,Low,3,0
OBS-02297,2023-07-05,North_Region,Silt,Soybean,12.6,50.9,2.1,Blight_Spores,Low,2,0
OBS-02298,2023-07-13,South_Region,Silt,Cotton,19.1,38.0,35.9,Whiteflies,Low,0,0
OBS-02299,2023-04-14,West_Region,Clay,Barley,33.4,40.8,40.1,Whiteflies,Medium,5,1
OBS-02300,2023-05-29,South_Region,Silt,Rice,27.8,93.6,25.5,Beetles,Low,3,0
OBS-02301,2022-01-22,East_Region,Sandy,Tomato,13.3,58.0,45.3,Whiteflies,Medium,4,1
OBS-02302,2022-01-22,South_Region,Loam,Corn,36.5,73.6,36.5,Whiteflies,Low,3,0
OBS-02303,2022-08-31,North_Region,Silt,Wheat,39.2,62.5,31.1,Aphids,Medium,4,1
OBS-02304,2023-09-28,West_Region,Silt,Rice,35.5,51.6,1.0,Blight_Spores,Medium,5,1
OBS-02305,2022-05-18,East_Region,Clay,Soybean,22.4,60.9,22.6,Aphids,Low,0,0
OBS-02306,2022-11-28,East_Region,Silt,Tomato,13.5,74.3,48.9,Beetles,Low,2,0
OBS-02307,2023-08-13,South_Region,Loam,Rice,16.4,79.1,7.5,Armyworms,Low,1,0
OBS-02308,2022-04-02,West_Region,Clay,Soybean,35.0,85.5,24.0,Beetles,Medium,6,1
OBS-02309,2022-04-16,West_Region,Sandy,Tomato,37.4,37.8,23.1,Blight_Spores,Medium,5,1
OBS-02310,2022-03-29,North_Region,Loam,Cotton,28.4,71.4,7.2,Armyworms,High,8,1
OBS-02311,2023-02-10,Central_Valley,Sandy,Soybean,27.0,40.7,1.7,Armyworms,Low,0,0
OBS-02312,2022-07-24,West_Region,Loam,Cotton,13.9,76.7,14.5,Beetles,High,8,1
OBS-02313,2023-01-27,South_Region,Clay,Cotton,19.9,56.3,9.0,Blight_Spores,Low,1,0
OBS-02314,2022-12-16,West_Region,Loam,Barley,30.5,85.0,26.8,Whiteflies,High,8,1
OBS-02315,2023-03-08,South_Region,Loam,Rice,16.1,30.8,40.5,Aphids,Low,0,0
OBS-02316,2022-12-11,South_Region,Loam,Soybean,38.7,71.4,7.0,Beetles,Medium,5,1
OBS-02317,2023-06-05,East_Region,Loam,Barley,25.3,37.3,10.1,Armyworms,Low,1,0
OBS-02318,2022-08-04,West_Region,Loam,Soybean,34.0,90.6,23.7,Aphids,Low,2,0
OBS-02319,2022-06-16,South_Region,Loam,Barley,20.0,60.5,41.7,Aphids,Low,0,0
OBS-02320,2022-07-22,South_Region,Sandy,Soybean,15.0,83.0,40.6,Blight_Spores,Low,1,0
OBS-02321,2023-11-06,North_Region,Silt,Wheat,29.0,86.2,1.3,Beetles,High,7,1
OBS-02322,2022-06-28,Central_Valley,Clay,Tomato,33.9,31.4,49.1,Whiteflies,Low,2,0
OBS-02323,2023-09-28,South_Region,Clay,Corn,39.5,36.2,28.1,Beetles,High,8,1
OBS-02324,2022-07-08,Central_Valley,Clay,Wheat,17.9,68.5,37.7,Aphids,Low,0,0
OBS-02325,2023-04-02,West_Region,Loam,Corn,27.7,46.4,0.8,Whiteflies,Low,3,0
OBS-02326,2022-04-15,North_Region,Sandy,Cotton,30.1,46.7,27.7,Whiteflies,Low,2,0
OBS-02327,2022-02-09,Central_Valley,Loam,Barley,14.3,68.3,1.9,Whiteflies,Low,0,0
OBS-02328,2023-09-19,North_Region,Silt,Rice,37.3,48.5,15.0,Beetles,Medium,4,1
OBS-02329,2022-12-13,South_Region,Sandy,Wheat,18.7,61.3,37.5,Blight_Spores,Low,0,0
OBS-02330,2022-03-02,East_Region,Silt,Corn,23.2,74.8,31.3,Armyworms,Low,0,0
OBS-02331,2022-06-21,West_Region,Loam,Rice,26.8,61.9,32.8,Whiteflies,Medium,5,1
OBS-02332,2023-07-26,East_Region,Sandy,Barley,37.7,68.5,20.3,Aphids,Low,1,0
OBS-02333,2023-04-13,West_Region,Sandy,Soybean,21.2,59.9,13.0,Beetles,Low,0,0
OBS-02334,2023-01-02,Central_Valley,Clay,Corn,12.8,81.6,0.8,Whiteflies,Low,2,0
OBS-02335,2022-02-11,East_Region,Clay,Cotton,29.5,69.0,37.8,Aphids,Low,3,0
OBS-02336,2022-12-20,Central_Valley,Sandy,Barley,27.2,93.8,34.5,Blight_Spores,Medium,5,1
OBS-02337,2022-12-12,South_Region,Sandy,Wheat,23.8,85.8,16.0,Whiteflies,Medium,4,1
OBS-02338,2023-02-25,South_Region,Sandy,Barley,10.5,91.5,27.9,Aphids,Low,1,0
OBS-02339,2022-02-01,West_Region,Clay,Wheat,36.9,64.2,32.3,Aphids,Low,3,0
OBS-02340,2023-03-13,North_Region,Silt,Rice,10.5,31.0,19.7,Whiteflies,Low,2,0
OBS-02341,2023-07-19,West_Region,Loam,Rice,29.6,56.7,20.5,Blight_Spores,Low,2,0
OBS-02342,2022-01-15,North_Region,Clay,Corn,17.5,57.2,11.0,Whiteflies,Low,0,0
OBS-02343,2022-09-29,North_Region,Clay,Wheat,16.5,67.7,24.8,Beetles,Low,0,0
OBS-02344,2022-03-17,North_Region,Loam,Rice,19.0,81.4,14.3,Aphids,Low,3,0
OBS-02345,2023-07-04,South_Region,Silt,Corn,29.4,68.0,38.7,Armyworms,Low,3,0
OBS-02346,2022-10-05,West_Region,Sandy,Corn,28.2,77.6,42.2,Beetles,Medium,5,1
OBS-02347,2022-05-05,South_Region,Loam,Rice,24.5,46.9,42.0,Whiteflies,Low,0,0
OBS-02348,2023-07-05,Central_Valley,Sandy,Wheat,28.7,49.2,14.3,Beetles,Low,0,0
OBS-02349,2022-11-11,South_Region,Sandy,Soybean,31.9,91.6,39.7,Aphids,Low,1,0
OBS-02350,2022-11-12,East_Region,Loam,Wheat,29.1,34.0,14.7,Armyworms,Low,2,0
OBS-02351,2023-12-02,Central_Valley,Sandy,Soybean,34.6,68.8,7.7,Beetles,High,7,1
OBS-02352,2022-10-12,Central_Valley,Sandy,Cotton,38.3,49.7,3.5,Armyworms,Medium,4,1
OBS-02353,2022-07-03,West_Region,Silt,Wheat,19.0,46.4,37.0,Whiteflies,Low,1,0
OBS-02354,2022-04-21,Central_Valley,Clay,Cotton,32.8,30.1,44.9,Blight_Spores,Medium,5,1
OBS-02355,2023-11-22,North_Region,Sandy,Soybean,15.7,82.8,44.4,Whiteflies,Low,3,0
OBS-02356,2023-10-06,South_Region,Silt,Cotton,38.4,64.8,38.0,Armyworms,Low,3,0
OBS-02357,2022-05-18,West_Region,Silt,Corn,15.7,85.4,9.8,Aphids,Low,3,0
OBS-02358,2023-06-02,South_Region,Silt,Rice,19.5,34.9,42.6,Whiteflies,Low,0,0
OBS-02359,2022-02-22,West_Region,Silt,Cotton,17.2,83.8,18.1,Armyworms,Medium,4,1
OBS-02360,2022-05-30,North_Region,Clay,Wheat,19.2,71.1,39.8,Aphids,Low,0,0
OBS-02361,2022-07-02,South_Region,Loam,Soybean,25.5,47.2,48.7,Whiteflies,Low,2,0
OBS-02362,2022-06-03,Central_Valley,Silt,Wheat,33.1,91.2,36.9,Whiteflies,Medium,5,1
OBS-02363,2022-11-16,Central_Valley,Loam,Tomato,16.3,36.2,37.6,Beetles,High,8,1
OBS-02364,2022-08-19,North_Region,Clay,Cotton,12.4,93.4,30.2,Armyworms,Medium,4,1
OBS-02365,2022-11-04,South_Region,Sandy,Cotton,29.3,85.7,31.5,Beetles,Medium,4,1
OBS-02366,2022-09-12,North_Region,Sandy,Cotton,16.0,67.0,6.3,Beetles,Low,0,0
OBS-02367,2022-11-11,East_Region,Silt,Cotton,21.0,90.1,13.6,Blight_Spores,Low,1,0
OBS-02368,2022-09-27,Central_Valley,Silt,Soybean,21.9,36.1,27.2,Beetles,Low,1,0
OBS-02369,2023-10-07,East_Region,Loam,Soybean,19.6,33.5,22.9,Aphids,Low,0,0
OBS-02370,2023-01-04,South_Region,Silt,Wheat,14.9,77.6,15.5,Blight_Spores,Low,0,0
OBS-02371,2022-04-02,South_Region,Clay,Barley,39.8,32.9,25.9,Armyworms,High,8,1
OBS-02372,2023-08-09,South_Region,Loam,Soybean,13.8,59.3,38.4,Aphids,Low,0,0
OBS-02373,2022-05-04,West_Region,Sandy,Soybean,31.8,76.6,26.4,Armyworms,Low,2,0
OBS-02374,2022-02-02,North_Region,Silt,Cotton,25.6,55.3,15.8,Aphids,Low,3,0
OBS-02375,2023-03-10,Central_Valley,Loam,Wheat,20.8,74.2,1.5,Whiteflies,Low,1,0
OBS-02376,2023-01-17,North_Region,Sandy,Barley,23.0,78.5,36.5,Beetles,Low,1,0
OBS-02377,2022-01-14,North_Region,Loam,Wheat,19.8,53.5,6.4,Whiteflies,Low,1,0
OBS-02378,2022-09-13,North_Region,Sandy,Wheat,16.3,84.1,39.8,Whiteflies,Low,2,0
OBS-02379,2023-07-17,South_Region,Silt,Rice,25.2,65.5,23.8,Armyworms,Low,3,0
OBS-02380,2023-05-04,Central_Valley,Silt,Cotton,15.0,40.0,39.6,Armyworms,Low,2,0
OBS-02381,2022-07-29,West_Region,Sandy,Corn,38.6,33.6,14.4,Aphids,Low,1,0
OBS-02382,2023-01-19,South_Region,Silt,Cotton,33.6,57.3,35.0,Aphids,Medium,4,1
OBS-02383,2022-01-03,Central_Valley,Silt,Barley,23.7,88.5,37.9,Whiteflies,Low,2,0
OBS-02384,2022-07-18,East_Region,Clay,Rice,10.0,48.8,18.3,Armyworms,Low,1,0
OBS-02385,2022-07-28,North_Region,Sandy,Wheat,10.9,43.1,16.9,Blight_Spores,Low,2,0
OBS-02386,2022-09-21,East_Region,Sandy,Tomato,35.8,67.3,24.6,Aphids,High,7,1
OBS-02387,2022-03-15,South_Region,Loam,Cotton,16.2,37.8,13.2,Whiteflies,Low,1,0
OBS-02388,2023-10-27,Central_Valley,Clay,Barley,28.2,68.4,17.5,Whiteflies,Low,3,0
OBS-02389,2023-06-06,South_Region,Silt,Wheat,16.9,92.2,15.4,Armyworms,Low,3,0
OBS-02390,2022-12-03,Central_Valley,Silt,Barley,33.4,90.5,3.6,Armyworms,Medium,4,1
OBS-02391,2023-01-18,South_Region,Loam,Cotton,20.7,55.3,25.7,Blight_Spores,Low,1,0
OBS-02392,2022-09-06,West_Region,Clay,Wheat,34.9,30.4,26.1,Aphids,Medium,5,1
OBS-02393,2022-05-21,North_Region,Silt,Rice,37.5,90.9,27.7,Beetles,High,7,1
OBS-02394,2023-04-27,East_Region,Clay,Tomato,26.0,82.1,15.4,Beetles,Medium,4,1
OBS-02395,2022-08-16,East_Region,Sandy,Wheat,21.9,35.3,29.2,Whiteflies,Low,2,0
OBS-02396,2023-11-20,North_Region,Sandy,Barley,28.2,77.1,7.7,Beetles,Low,3,0
OBS-02397,2023-05-02,East_Region,Sandy,Soybean,35.3,94.7,35.8,Whiteflies,Medium,5,1
OBS-02398,2023-07-26,West_Region,Sandy,Wheat,37.6,88.7,23.6,Beetles,Medium,4,1
OBS-02399,2023-11-11,East_Region,Clay,Wheat,18.3,32.1,37.1,Beetles,Low,0,0
OBS-02400,2022-08-23,Central_Valley,Clay,Soybean,27.4,87.8,38.4,Beetles,Low,3,0
OBS-02401,2022-12-26,North_Region,Sandy,Tomato,34.5,83.0,37.5,Blight_Spores,Medium,6,1
OBS-02402,2023-04-26,Central_Valley,Loam,Rice,26.5,44.8,8.5,Beetles,Low,3,0
OBS-02403,2023-03-18,South_Region,Silt,Rice,10.2,84.9,41.2,Aphids,Low,1,0
OBS-02404,2023-02-08,East_Region,Clay,Corn,20.8,82.3,1.6,Blight_Spores,Low,1,0
OBS-02405,2022-05-24,Central_Valley,Silt,Wheat,25.8,94.5,26.0,Blight_Spores,Low,3,0
OBS-02406,2023-04-08,East_Region,Sandy,Rice,30.6,44.3,35.5,Whiteflies,Low,1,0
OBS-02407,2022-06-11,West_Region,Sandy,Cotton,20.9,56.4,45.6,Whiteflies,Low,1,0
OBS-02408,2022-02-02,Central_Valley,Silt,Rice,17.8,72.4,0.1,Beetles,Medium,5,1
OBS-02409,2023-06-23,South_Region,Silt,Wheat,16.5,68.3,25.1,Whiteflies,Low,1,0
OBS-02410,2023-02-21,West_Region,Clay,Rice,31.1,33.3,12.7,Blight_Spores,Medium,4,1
OBS-02411,2023-03-06,Central_Valley,Silt,Rice,26.0,76.8,12.6,Whiteflies,Low,2,0
OBS-02412,2022-05-20,South_Region,Silt,Tomato,33.2,50.0,35.1,Aphids,Medium,4,1
OBS-02413,2022-02-10,West_Region,Silt,Wheat,24.2,32.0,0.9,Aphids,Low,1,0
OBS-02414,2023-09-23,East_Region,Loam,Cotton,24.5,36.4,3.9,Beetles,Low,2,0
OBS-02415,2023-10-28,South_Region,Clay,Tomato,18.7,59.4,20.7,Beetles,Low,2,0
OBS-02416,2023-03-13,North_Region,Sandy,Cotton,23.5,69.6,39.0,Armyworms,Low,1,0
OBS-02417,2023-02-11,Central_Valley,Silt,Barley,21.7,45.1,12.3,Armyworms,Low,2,0
OBS-02418,2022-11-02,Central_Valley,Clay,Wheat,20.7,85.2,0.4,Whiteflies,Low,1,0
OBS-02419,2022-04-02,North_Region,Silt,Cotton,31.6,43.3,36.2,Beetles,Low,2,0
OBS-02420,2022-02-06,West_Region,Loam,Corn,25.8,50.8,3.4,Aphids,Medium,5,1
OBS-02421,2023-02-12,North_Region,Clay,Rice,24.2,34.4,47.4,Whiteflies,Low,1,0
OBS-02422,2023-06-18,South_Region,Silt,Rice,29.1,81.9,24.8,Aphids,Medium,6,1
OBS-02423,2023-10-31,West_Region,Silt,Wheat,21.4,64.7,5.7,Blight_Spores,Low,3,0
OBS-02424,2023-11-30,East_Region,Loam,Cotton,13.7,91.4,39.7,Whiteflies,Low,0,0
OBS-02425,2022-10-10,North_Region,Sandy,Wheat,28.0,74.9,31.4,Beetles,Medium,4,1
OBS-02426,2022-06-22,West_Region,Clay,Cotton,37.2,33.8,14.8,Beetles,Medium,5,1
OBS-02427,2022-05-16,Central_Valley,Sandy,Barley,32.7,70.3,49.1,Whiteflies,Medium,4,1
OBS-02428,2023-01-04,East_Region,Clay,Soybean,27.3,92.8,15.2,Aphids,Low,3,0
OBS-02429,2023-09-07,North_Region,Clay,Rice,37.7,50.2,37.8,Blight_Spores,Low,3,0
OBS-02430,2022-09-09,South_Region,Silt,Cotton,11.3,48.7,26.8,Whiteflies,Low,0,0
OBS-02431,2022-04-18,North_Region,Loam,Barley,17.7,55.8,45.0,Armyworms,Low,0,0
OBS-02432,2022-06-11,South_Region,Silt,Barley,23.1,64.2,25.2,Whiteflies,Low,0,0
OBS-02433,2022-05-24,East_Region,Loam,Corn,21.2,58.2,44.1,Aphids,Low,0,0
OBS-02434,2022-01-13,West_Region,Silt,Rice,23.2,87.4,49.8,Whiteflies,Low,2,0
OBS-02435,2023-06-15,South_Region,Loam,Corn,16.4,38.7,8.5,Aphids,Low,0,0
OBS-02436,2023-07-09,East_Region,Sandy,Corn,32.6,70.4,33.8,Blight_Spores,Medium,6,1
OBS-02437,2022-11-21,North_Region,Silt,Cotton,12.3,31.9,15.4,Beetles,Low,2,0
OBS-02438,2022-12-08,Central_Valley,Silt,Wheat,17.3,37.3,9.5,Beetles,Low,2,0
OBS-02439,2022-05-06,South_Region,Loam,Corn,17.4,34.1,21.2,Blight_Spores,Low,1,0
OBS-02440,2023-09-22,South_Region,Clay,Cotton,14.3,74.7,45.3,Blight_Spores,Medium,5,1
OBS-02441,2022-09-15,West_Region,Loam,Wheat,13.3,50.5,46.0,Whiteflies,Low,1,0
OBS-02442,2022-05-29,South_Region,Silt,Corn,32.2,89.4,28.6,Aphids,Low,3,0
OBS-02443,2023-06-26,North_Region,Clay,Wheat,27.5,40.2,45.9,Aphids,Low,3,0
OBS-02444,2023-04-05,Central_Valley,Sandy,Barley,21.9,59.7,15.2,Aphids,Low,1,0
OBS-02445,2022-09-30,North_Region,Clay,Tomato,11.7,93.7,16.0,Aphids,Medium,5,1
OBS-02446,2023-11-04,North_Region,Loam,Cotton,13.5,63.3,43.6,Blight_Spores,Low,0,0
OBS-02447,2023-11-19,South_Region,Clay,Corn,21.1,89.4,44.1,Whiteflies,Low,2,0
OBS-02448,2023-02-23,East_Region,Silt,Rice,39.0,32.6,8.7,Whiteflies,Low,3,0
OBS-02449,2023-06-26,West_Region,Silt,Cotton,27.0,77.5,44.7,Blight_Spores,High,9,1
OBS-02450,2022-06-18,East_Region,Loam,Tomato,16.3,56.0,1.8,Blight_Spores,Low,1,0
OBS-02451,2022-05-04,South_Region,Clay,Tomato,39.7,83.3,0.7,Blight_Spores,Medium,5,1
OBS-02452,2023-10-23,South_Region,Loam,Corn,34.5,71.5,14.5,Aphids,High,12,1
OBS-02453,2022-05-02,South_Region,Clay,Barley,25.4,68.1,21.1,Beetles,Low,1,0
OBS-02454,2023-02-15,Central_Valley,Clay,Cotton,23.3,65.4,15.3,Blight_Spores,Low,1,0
OBS-02455,2022-04-28,West_Region,Clay,Wheat,15.2,53.5,24.7,Beetles,Low,1,0
OBS-02456,2022-08-10,West_Region,Sandy,Cotton,18.7,78.6,49.2,Armyworms,Medium,5,1
OBS-02457,2023-04-14,West_Region,Silt,Soybean,10.9,65.8,2.0,Aphids,Low,1,0
OBS-02458,2022-02-04,South_Region,Sandy,Soybean,28.3,64.5,40.0,Armyworms,Low,0,0
OBS-02459,2023-01-23,South_Region,Clay,Corn,26.6,46.2,33.6,Whiteflies,Medium,4,1
OBS-02460,2023-11-14,West_Region,Silt,Cotton,12.5,64.5,34.2,Whiteflies,Low,0,0
OBS-02461,2023-11-15,South_Region,Sandy,Corn,14.2,47.9,1.8,Blight_Spores,Low,2,0
OBS-02462,2023-07-31,West_Region,Sandy,Corn,39.0,91.0,43.7,Blight_Spores,High,9,1
OBS-02463,2022-10-15,Central_Valley,Sandy,Rice,30.8,58.9,36.4,Armyworms,Low,1,0
OBS-02464,2022-08-17,West_Region,Clay,Tomato,29.6,67.9,18.4,Beetles,Low,2,0
OBS-02465,2023-11-07,Central_Valley,Loam,Barley,23.5,81.2,43.4,Blight_Spores,Low,0,0
OBS-02466,2022-06-27,West_Region,Clay,Cotton,37.8,73.5,12.8,Armyworms,High,8,1
OBS-02467,2022-05-03,North_Region,Sandy,Soybean,29.8,66.1,48.4,Armyworms,Low,3,0
OBS-02468,2022-08-15,West_Region,Silt,Soybean,30.1,36.4,34.9,Beetles,Low,2,0
OBS-02469,2022-03-30,North_Region,Loam,Wheat,32.5,30.7,43.7,Whiteflies,Low,3,0
OBS-02470,2022-12-11,North_Region,Silt,Soybean,14.2,39.2,49.8,Whiteflies,Low,1,0
OBS-02471,2023-05-08,West_Region,Sandy,Soybean,22.0,53.1,8.3,Whiteflies,Low,0,0
OBS-02472,2022-01-08,South_Region,Sandy,Corn,26.7,91.8,44.8,Aphids,Medium,5,1
OBS-02473,2022-02-21,West_Region,Loam,Tomato,16.2,63.4,32.9,Blight_Spores,Medium,4,1
OBS-02474,2022-06-14,South_Region,Loam,Barley,39.0,49.0,34.1,Beetles,Low,2,0
OBS-02475,2023-08-21,Central_Valley,Sandy,Corn,19.1,90.6,16.5,Armyworms,Low,1,0
OBS-02476,2022-04-17,South_Region,Loam,Rice,21.2,44.2,40.5,Armyworms,Low,0,0
OBS-02477,2022-07-25,Central_Valley,Silt,Rice,31.1,30.5,30.7,Aphids,Low,2,0
OBS-02478,2023-09-16,South_Region,Sandy,Corn,25.1,39.7,33.6,Beetles,Medium,4,1
OBS-02479,2022-09-03,South_Region,Sandy,Rice,25.8,62.0,23.1,Whiteflies,Low,1,0
OBS-02480,2022-09-07,East_Region,Silt,Wheat,16.3,74.4,43.9,Armyworms,Low,0,0
OBS-02481,2023-06-09,East_Region,Clay,Cotton,37.0,82.2,35.5,Aphids,Medium,4,1
OBS-02482,2023-03-24,South_Region,Silt,Corn,22.2,82.3,24.6,Armyworms,Low,2,0
OBS-02483,2023-03-03,Central_Valley,Silt,Tomato,33.1,78.0,32.7,Aphids,Medium,4,1
OBS-02484,2022-08-22,West_Region,Silt,Tomato,34.5,62.6,13.1,Armyworms,Medium,4,1
OBS-02485,2022-07-21,East_Region,Clay,Tomato,29.2,52.0,29.3,Whiteflies,Low,1,0
OBS-02486,2022-03-19,West_Region,Silt,Corn,29.1,65.6,2.3,Beetles,Low,0,0
OBS-02487,2022-08-31,East_Region,Clay,Rice,32.8,93.3,23.0,Armyworms,Medium,4,1
OBS-02488,2023-07-19,West_Region,Loam,Cotton,15.4,77.9,3.0,Armyworms,Medium,4,1
OBS-02489,2023-11-13,South_Region,Silt,Cotton,14.3,69.0,14.6,Beetles,Low,2,0
OBS-02490,2023-02-13,North_Region,Silt,Corn,35.9,44.8,19.0,Whiteflies,Low,1,0
OBS-02491,2022-01-16,Central_Valley,Sandy,Soybean,36.5,56.1,11.7,Whiteflies,Low,0,0
OBS-02492,2022-03-12,East_Region,Silt,Cotton,22.5,73.7,27.7,Aphids,High,7,1
OBS-02493,2022-10-10,Central_Valley,Loam,Corn,21.6,59.6,45.8,Aphids,Low,1,0
OBS-02494,2023-10-15,Central_Valley,Loam,Tomato,10.8,69.6,29.7,Blight_Spores,Low,2,0
OBS-02495,2023-03-14,East_Region,Sandy,Rice,33.1,73.6,32.3,Beetles,Low,3,0
OBS-02496,2023-09-04,West_Region,Loam,Tomato,38.7,40.8,8.9,Whiteflies,High,7,1
OBS-02497,2023-04-04,Central_Valley,Clay,Rice,30.9,36.9,10.6,Whiteflies,Low,3,0
OBS-02498,2023-07-29,North_Region,Silt,Soybean,12.3,49.4,4.9,Whiteflies,Low,0,0
OBS-02499,2023-09-12,South_Region,Loam,Rice,37.4,59.2,30.5,Armyworms,Low,3,0
OBS-02500,2022-06-19,West_Region,Loam,Wheat,13.3,68.7,29.7,Blight_Spores,Low,0,0
OBS-02501,2022-03-15,West_Region,Clay,Corn,28.2,30.2,39.2,Blight_Spores,Low,2,0
OBS-02502,2022-02-22,North_Region,Sandy,Corn,25.0,72.7,13.5,Aphids,Medium,4,1
OBS-02503,2023-05-09,Central_Valley,Clay,Corn,32.9,56.7,20.2,Blight_Spores,Low,2,0
OBS-02504,2023-01-30,West_Region,Clay,Soybean,27.4,90.4,39.1,Armyworms,Low,0,0
OBS-02505,2022-02-12,East_Region,Clay,Corn,22.4,60.3,11.7,Beetles,Low,3,0
OBS-02506,2022-11-07,West_Region,Clay,Tomato,36.6,88.7,15.9,Whiteflies,High,9,1
OBS-02507,2022-08-21,West_Region,Silt,Barley,23.2,73.0,5.1,Beetles,Medium,6,1
OBS-02508,2023-05-06,West_Region,Silt,Tomato,23.7,51.3,10.4,Whiteflies,Low,3,0
OBS-02509,2023-01-09,South_Region,Loam,Barley,17.8,40.7,32.1,Armyworms,Low,0,0
OBS-02510,2023-01-14,North_Region,Clay,Rice,34.5,43.9,40.3,Whiteflies,Low,1,0
OBS-02511,2023-11-27,South_Region,Loam,Rice,11.8,76.1,13.4,Armyworms,Low,3,0
OBS-02512,2022-04-30,West_Region,Silt,Corn,13.2,87.7,35.7,Blight_Spores,Medium,5,1
OBS-02513,2022-11-26,North_Region,Clay,Barley,33.3,33.1,16.6,Blight_Spores,Low,3,0
OBS-02514,2023-02-12,East_Region,Clay,Rice,35.5,94.8,37.9,Aphids,Low,2,0
OBS-02515,2022-11-13,North_Region,Silt,Soybean,24.3,41.7,30.8,Armyworms,Low,0,0
OBS-02516,2022-01-14,South_Region,Clay,Rice,39.5,38.8,12.2,Beetles,Medium,4,1
OBS-02517,2022-05-08,Central_Valley,Loam,Tomato,12.0,80.3,41.0,Whiteflies,Medium,6,1
OBS-02518,2023-05-26,Central_Valley,Clay,Rice,17.5,46.5,21.1,Aphids,Low,1,0
OBS-02519,2022-11-11,South_Region,Sandy,Wheat,12.1,31.9,18.0,Armyworms,Low,3,0
OBS-02520,2022-12-06,East_Region,Loam,Cotton,25.2,49.0,2.7,Armyworms,Low,2,0
OBS-02521,2022-08-05,North_Region,Silt,Rice,18.9,48.4,27.4,Whiteflies,Low,1,0
OBS-02522,2023-06-27,West_Region,Sandy,Tomato,20.9,46.6,22.6,Armyworms,Low,1,0
OBS-02523,2022-11-13,South_Region,Clay,Tomato,26.3,34.7,6.4,Armyworms,Medium,5,1
OBS-02524,2022-08-10,South_Region,Loam,Rice,26.3,93.5,22.5,Blight_Spores,Low,3,0
OBS-02525,2023-10-16,West_Region,Silt,Barley,24.8,57.0,33.8,Blight_Spores,Low,0,0
OBS-02526,2023-04-18,Central_Valley,Loam,Tomato,22.6,33.2,38.4,Beetles,Low,1,0
OBS-02527,2022-09-18,East_Region,Silt,Soybean,10.9,37.9,38.7,Blight_Spores,Low,1,0
OBS-02528,2022-05-13,Central_Valley,Sandy,Soybean,19.4,50.1,2.2,Aphids,Low,0,0
OBS-02529,2023-02-13,South_Region,Sandy,Barley,36.2,66.8,38.2,Aphids,Low,1,0
OBS-02530,2022-11-20,Central_Valley,Clay,Soybean,32.0,49.8,29.0,Aphids,Low,1,0
OBS-02531,2023-11-01,South_Region,Silt,Barley,13.1,73.4,45.4,Whiteflies,Low,3,0
OBS-02532,2022-03-14,West_Region,Silt,Cotton,33.3,84.1,35.9,Armyworms,Medium,4,1
OBS-02533,2022-04-17,West_Region,Silt,Tomato,35.9,68.5,25.3,Blight_Spores,Medium,5,1
OBS-02534,2022-12-07,West_Region,Clay,Rice,10.7,43.0,44.2,Armyworms,Low,0,0
OBS-02535,2023-08-10,Central_Valley,Loam,Wheat,10.7,80.4,6.1,Armyworms,Medium,4,1
OBS-02536,2023-05-21,Central_Valley,Silt,Rice,20.7,85.2,22.3,Blight_Spores,Medium,4,1
OBS-02537,2023-03-08,North_Region,Clay,Soybean,28.7,86.3,16.0,Beetles,Low,0,0
OBS-02538,2023-11-14,Central_Valley,Loam,Tomato,34.0,65.1,42.8,Aphids,Medium,4,1
OBS-02539,2023-06-20,South_Region,Loam,Tomato,28.1,61.9,15.3,Blight_Spores,High,7,1
OBS-02540,2023-09-06,South_Region,Sandy,Soybean,12.3,40.9,24.0,Beetles,Low,0,0
OBS-02541,2022-05-22,South_Region,Sandy,Corn,33.1,87.8,8.3,Aphids,Low,1,0
OBS-02542,2022-10-17,East_Region,Silt,Tomato,24.4,89.7,4.6,Blight_Spores,Low,2,0
OBS-02543,2022-04-01,South_Region,Loam,Cotton,15.1,59.6,29.8,Aphids,Low,2,0
OBS-02544,2022-12-19,South_Region,Silt,Wheat,29.7,37.5,38.0,Armyworms,Low,1,0
OBS-02545,2022-07-14,East_Region,Loam,Tomato,20.9,47.6,32.2,Armyworms,Low,1,0
OBS-02546,2022-08-09,North_Region,Sandy,Rice,33.0,60.0,33.6,Blight_Spores,Low,1,0
OBS-02547,2023-08-22,North_Region,Silt,Tomato,34.4,73.3,8.7,Blight_Spores,Medium,6,1
OBS-02548,2022-07-23,East_Region,Clay,Rice,38.9,63.5,6.8,Blight_Spores,Low,1,0
OBS-02549,2023-07-20,West_Region,Silt,Soybean,18.8,60.7,1.3,Whiteflies,Low,1,0
OBS-02550,2023-06-29,Central_Valley,Sandy,Soybean,32.8,78.1,21.7,Whiteflies,Low,3,0
OBS-02551,2023-05-07,Central_Valley,Sandy,Tomato,10.1,85.8,46.3,Beetles,High,7,1
OBS-02552,2023-02-25,West_Region,Loam,Rice,25.5,88.1,25.8,Aphids,Medium,5,1
OBS-02553,2022-03-05,West_Region,Sandy,Cotton,34.2,43.9,23.4,Blight_Spores,Low,2,0
OBS-02554,2023-01-17,West_Region,Loam,Rice,39.4,51.6,22.5,Aphids,Low,1,0
OBS-02555,2023-04-23,North_Region,Sandy,Wheat,34.9,72.7,24.3,Whiteflies,High,9,1
OBS-02556,2022-04-05,South_Region,Loam,Corn,28.5,75.2,18.0,Whiteflies,Low,2,0
OBS-02557,2023-09-29,East_Region,Clay,Barley,34.0,80.2,47.6,Whiteflies,Low,2,0
OBS-02558,2022-10-03,South_Region,Silt,Cotton,33.7,67.4,16.7,Armyworms,High,7,1
OBS-02559,2022-09-11,Central_Valley,Loam,Corn,17.4,77.2,19.8,Aphids,Medium,5,1
OBS-02560,2022-06-07,North_Region,Silt,Barley,28.8,50.0,40.1,Armyworms,Low,3,0
OBS-02561,2023-11-22,West_Region,Clay,Tomato,11.7,87.9,6.7,Armyworms,Low,1,0
OBS-02562,2022-12-09,North_Region,Clay,Wheat,31.1,34.2,23.8,Beetles,Medium,4,1
OBS-02563,2023-10-22,South_Region,Silt,Tomato,20.2,73.4,37.4,Aphids,Medium,5,1
OBS-02564,2022-01-17,North_Region,Sandy,Corn,22.2,45.5,21.6,Aphids,Low,1,0
OBS-02565,2022-01-26,East_Region,Silt,Rice,23.4,91.4,18.5,Armyworms,Medium,4,1
OBS-02566,2023-07-28,Central_Valley,Silt,Soybean,29.0,41.6,9.4,Aphids,Low,1,0
OBS-02567,2023-05-03,East_Region,Sandy,Barley,28.1,53.0,28.7,Armyworms,Medium,4,1
OBS-02568,2023-03-22,South_Region,Sandy,Soybean,12.9,51.3,17.7,Armyworms,Low,1,0
OBS-02569,2022-12-26,Central_Valley,Sandy,Wheat,27.9,43.4,11.2,Whiteflies,Low,1,0
OBS-02570,2023-07-07,South_Region,Silt,Rice,26.0,33.0,45.5,Whiteflies,Low,0,0
OBS-02571,2022-04-02,Central_Valley,Sandy,Wheat,25.0,38.0,3.6,Whiteflies,Low,0,0
OBS-02572,2023-10-13,North_Region,Loam,Corn,10.5,48.1,37.6,Blight_Spores,Low,1,0
OBS-02573,2022-11-14,West_Region,Silt,Corn,37.2,36.7,41.9,Blight_Spores,Low,2,0
OBS-02574,2023-07-07,Central_Valley,Sandy,Wheat,36.8,30.1,34.2,Aphids,Medium,5,1
OBS-02575,2023-02-18,South_Region,Loam,Soybean,25.5,73.8,0.7,Whiteflies,Low,2,0
OBS-02576,2023-07-06,Central_Valley,Sandy,Rice,21.7,72.3,13.4,Whiteflies,Low,1,0
OBS-02577,2022-01-06,North_Region,Silt,Corn,38.0,81.1,25.7,Whiteflies,Medium,6,1
OBS-02578,2023-09-01,West_Region,Sandy,Corn,27.7,43.3,43.6,Armyworms,Medium,4,1
OBS-02579,2023-07-25,North_Region,Clay,Soybean,15.1,43.8,12.2,Aphids,Low,1,0
OBS-02580,2023-04-16,Central_Valley,Silt,Wheat,31.1,70.7,33.4,Aphids,Low,2,0
OBS-02581,2022-01-19,East_Region,Sandy,Rice,12.1,67.8,38.3,Blight_Spores,Low,1,0
OBS-02582,2023-05-16,West_Region,Silt,Wheat,24.1,49.6,28.9,Whiteflies,Low,0,0
OBS-02583,2022-12-10,North_Region,Clay,Cotton,23.8,62.0,39.1,Beetles,Medium,4,1
OBS-02584,2022-07-19,West_Region,Loam,Corn,14.9,58.1,43.7,Beetles,Low,1,0
OBS-02585,2023-10-03,East_Region,Silt,Tomato,16.6,73.4,10.7,Armyworms,Low,3,0
OBS-02586,2022-02-02,North_Region,Clay,Tomato,35.0,75.3,43.8,Blight_Spores,High,7,1
OBS-02587,2022-06-02,North_Region,Clay,Soybean,14.0,31.2,47.3,Beetles,Low,2,0
OBS-02588,2022-03-04,South_Region,Silt,Rice,31.4,48.1,47.6,Blight_Spores,Low,1,0
OBS-02589,2022-03-08,East_Region,Clay,Tomato,23.7,47.5,5.6,Blight_Spores,Low,0,0
OBS-02590,2022-10-22,South_Region,Silt,Wheat,29.8,63.4,14.4,Blight_Spores,Low,3,0
OBS-02591,2023-05-11,North_Region,Clay,Cotton,39.4,85.2,16.0,Blight_Spores,Low,2,0
OBS-02592,2022-01-14,South_Region,Silt,Rice,15.7,80.6,36.0,Beetles,Low,1,0
OBS-02593,2022-09-09,South_Region,Loam,Tomato,16.3,89.8,1.9,Whiteflies,Low,1,0
OBS-02594,2022-06-28,East_Region,Silt,Wheat,14.3,34.6,8.6,Aphids,Low,3,0
OBS-02595,2023-09-09,West_Region,Loam,Corn,19.0,42.4,1.3,Whiteflies,Low,3,0
OBS-02596,2023-08-18,North_Region,Loam,Corn,19.1,71.4,27.0,Aphids,Medium,5,1
OBS-02597,2022-11-14,Central_Valley,Sandy,Rice,28.9,45.2,23.7,Whiteflies,Low,2,0
OBS-02598,2022-02-06,South_Region,Loam,Wheat,36.4,92.6,44.7,Aphids,Low,3,0
OBS-02599,2023-10-29,Central_Valley,Silt,Soybean,32.1,32.2,31.1,Blight_Spores,Low,3,0
OBS-02600,2022-07-01,North_Region,Clay,Soybean,33.0,57.8,23.7,Whiteflies,Low,2,0
OBS-02601,2023-03-22,West_Region,Loam,Rice,11.2,74.6,3.9,Whiteflies,Low,2,0
OBS-02602,2022-11-09,West_Region,Sandy,Wheat,24.1,84.8,34.0,Beetles,Low,3,0
OBS-02603,2023-10-24,South_Region,Silt,Soybean,21.0,39.8,27.7,Beetles,Low,0,0
OBS-02604,2022-04-29,South_Region,Loam,Rice,38.8,93.7,12.1,Whiteflies,High,12,1
OBS-02605,2022-06-08,Central_Valley,Silt,Corn,24.5,33.1,1.3,Aphids,Low,3,0
OBS-02606,2022-06-13,North_Region,Silt,Tomato,20.3,47.1,49.5,Whiteflies,Low,2,0
OBS-02607,2023-05-22,West_Region,Silt,Wheat,23.3,88.0,42.4,Whiteflies,Low,1,0
OBS-02608,2022-06-28,Central_Valley,Sandy,Cotton,24.2,59.9,28.8,Beetles,Low,2,0
OBS-02609,2023-08-30,North_Region,Clay,Corn,20.7,42.4,43.9,Blight_Spores,Low,1,0
OBS-02610,2022-07-07,Central_Valley,Clay,Wheat,35.7,74.0,24.8,Whiteflies,Medium,4,1
OBS-02611,2023-07-28,North_Region,Loam,Cotton,20.3,30.9,3.7,Blight_Spores,Low,0,0
OBS-02612,2022-04-30,North_Region,Sandy,Corn,17.0,94.9,35.4,Aphids,Low,0,0
OBS-02613,2023-11-23,East_Region,Clay,Wheat,36.0,70.3,40.0,Whiteflies,Low,3,0
OBS-02614,2023-10-07,South_Region,Loam,Barley,39.6,42.6,9.7,Aphids,Medium,6,1
OBS-02615,2022-09-30,Central_Valley,Silt,Tomato,28.8,90.2,5.6,Aphids,Medium,5,1
OBS-02616,2022-01-07,East_Region,Silt,Corn,33.6,71.0,34.2,Beetles,Medium,6,1
OBS-02617,2023-11-09,West_Region,Clay,Wheat,17.9,62.7,40.2,Whiteflies,Low,0,0
OBS-02618,2023-06-01,West_Region,Silt,Cotton,21.5,40.7,22.6,Blight_Spores,Low,2,0
OBS-02619,2023-07-05,West_Region,Clay,Soybean,14.1,76.4,34.8,Beetles,Low,2,0
OBS-02620,2022-08-25,Central_Valley,Sandy,Wheat,14.6,56.2,14.3,Blight_Spores,Low,1,0
OBS-02621,2022-03-03,South_Region,Silt,Tomato,15.4,52.4,7.9,Beetles,Medium,5,1
OBS-02622,2022-11-20,West_Region,Silt,Tomato,16.4,78.6,16.5,Blight_Spores,Low,1,0
OBS-02623,2022-09-11,South_Region,Sandy,Soybean,38.5,73.3,1.1,Whiteflies,Low,2,0
OBS-02624,2022-11-29,East_Region,Sandy,Rice,27.9,55.8,39.8,Beetles,Medium,5,1
OBS-02625,2022-11-11,Central_Valley,Clay,Barley,32.2,31.9,19.0,Blight_Spores,Low,1,0
OBS-02626,2023-09-19,South_Region,Clay,Rice,38.3,80.4,7.0,Whiteflies,Low,2,0
OBS-02627,2022-08-18,West_Region,Loam,Wheat,24.0,81.4,17.1,Aphids,Low,3,0
OBS-02628,2023-09-17,North_Region,Sandy,Rice,28.2,61.9,33.2,Armyworms,Low,3,0
OBS-02629,2022-05-09,East_Region,Sandy,Rice,25.4,30.8,45.0,Blight_Spores,Low,2,0
OBS-02630,2022-06-15,East_Region,Clay,Tomato,34.0,92.2,4.1,Blight_Spores,High,9,1
OBS-02631,2022-09-29,Central_Valley,Loam,Cotton,19.6,42.7,20.3,Blight_Spores,Low,0,0
OBS-02632,2022-10-15,North_Region,Silt,Barley,30.4,94.8,14.3,Aphids,Low,2,0
OBS-02633,2022-08-29,West_Region,Clay,Barley,17.6,53.3,45.9,Beetles,Low,0,0
OBS-02634,2023-08-14,South_Region,Clay,Cotton,14.7,78.8,3.6,Aphids,Low,0,0
OBS-02635,2023-03-30,North_Region,Loam,Wheat,31.9,76.6,34.5,Beetles,Medium,5,1
OBS-02636,2023-10-15,West_Region,Loam,Cotton,33.1,75.0,35.5,Beetles,High,8,1
OBS-02637,2023-05-06,Central_Valley,Sandy,Tomato,39.1,74.9,27.0,Armyworms,Medium,5,1
OBS-02638,2022-12-13,Central_Valley,Sandy,Cotton,27.2,67.4,21.9,Beetles,Medium,4,1
OBS-02639,2023-02-16,North_Region,Sandy,Soybean,11.3,89.6,24.2,Blight_Spores,Low,3,0
OBS-02640,2023-09-21,West_Region,Loam,Rice,28.5,82.5,7.3,Armyworms,Low,2,0
OBS-02641,2023-05-15,South_Region,Clay,Tomato,24.1,56.6,37.1,Aphids,Medium,4,1
OBS-02642,2022-06-15,South_Region,Loam,Soybean,38.5,38.2,28.7,Blight_Spores,Low,2,0
OBS-02643,2023-01-19,South_Region,Sandy,Barley,25.6,88.8,2.2,Blight_Spores,Low,1,0
OBS-02644,2022-11-10,Central_Valley,Clay,Tomato,33.7,37.5,13.0,Aphids,Low,3,0
OBS-02645,2023-05-03,Central_Valley,Clay,Soybean,19.5,42.6,29.9,Beetles,Low,1,0
OBS-02646,2023-05-11,Central_Valley,Clay,Wheat,29.4,82.5,44.0,Aphids,Low,3,0
OBS-02647,2022-07-18,West_Region,Sandy,Wheat,24.2,77.8,20.6,Armyworms,Low,2,0
OBS-02648,2022-06-19,South_Region,Sandy,Wheat,30.1,94.0,0.2,Aphids,Low,2,0
OBS-02649,2022-08-03,North_Region,Loam,Barley,33.3,57.8,1.9,Aphids,Medium,4,1
OBS-02650,2023-04-20,South_Region,Sandy,Barley,34.6,51.9,18.5,Blight_Spores,Low,3,0
OBS-02651,2022-04-14,West_Region,Sandy,Corn,21.2,36.9,28.9,Armyworms,Low,1,0
OBS-02652,2023-06-25,South_Region,Clay,Soybean,30.2,60.1,4.0,Whiteflies,Low,1,0
OBS-02653,2022-09-29,Central_Valley,Clay,Corn,33.5,31.4,30.8,Armyworms,Medium,5,1
OBS-02654,2022-08-20,West_Region,Clay,Rice,27.4,66.6,24.9,Beetles,Low,2,0
OBS-02655,2023-02-12,Central_Valley,Clay,Wheat,32.2,70.7,8.9,Beetles,Medium,4,1
OBS-02656,2022-07-22,Central_Valley,Loam,Tomato,17.4,41.9,3.1,Beetles,Low,0,0
OBS-02657,2022-02-19,North_Region,Loam,Barley,19.0,69.5,18.3,Aphids,Low,0,0
OBS-02658,2023-07-10,Central_Valley,Clay,Cotton,11.9,53.3,36.7,Blight_Spores,Low,2,0
OBS-02659,2022-01-27,North_Region,Silt,Wheat,14.4,65.9,2.8,Whiteflies,Low,0,0
OBS-02660,2023-05-09,South_Region,Clay,Cotton,30.5,56.4,7.8,Whiteflies,Low,3,0
OBS-02661,2023-06-05,Central_Valley,Loam,Wheat,31.6,65.7,49.8,Blight_Spores,Low,3,0
OBS-02662,2023-08-01,West_Region,Silt,Rice,26.8,47.4,4.2,Aphids,Low,0,0
OBS-02663,2023-01-30,East_Region,Loam,Soybean,37.4,54.7,17.8,Beetles,Low,0,0
OBS-02664,2022-02-26,South_Region,Sandy,Soybean,17.6,39.3,0.6,Aphids,Low,2,0
OBS-02665,2022-07-07,North_Region,Loam,Tomato,27.9,44.9,33.2,Blight_Spores,High,7,1
OBS-02666,2022-12-08,West_Region,Loam,Rice,28.1,51.7,32.3,Beetles,Low,3,0
OBS-02667,2022-07-22,West_Region,Sandy,Wheat,39.0,72.9,37.9,Beetles,High,8,1
OBS-02668,2023-04-09,South_Region,Clay,Soybean,24.4,82.8,13.7,Blight_Spores,Low,2,0
OBS-02669,2022-04-26,Central_Valley,Clay,Soybean,27.2,86.8,24.7,Armyworms,Low,0,0
OBS-02670,2023-08-17,North_Region,Loam,Cotton,27.7,59.8,10.4,Blight_Spores,Low,2,0
OBS-02671,2022-12-02,South_Region,Clay,Cotton,39.8,83.5,23.0,Armyworms,High,11,1
OBS-02672,2022-11-07,North_Region,Loam,Tomato,24.0,71.6,14.4,Beetles,Medium,5,1
OBS-02673,2023-05-03,West_Region,Loam,Soybean,32.0,87.0,44.1,Aphids,Low,2,0
OBS-02674,2023-05-15,North_Region,Silt,Tomato,37.9,44.2,13.6,Aphids,Medium,6,1
OBS-02675,2022-06-20,West_Region,Silt,Cotton,24.8,55.5,30.7,Beetles,Low,2,0
OBS-02676,2023-10-16,Central_Valley,Silt,Rice,36.9,71.5,31.7,Armyworms,Low,3,0
OBS-02677,2022-10-02,South_Region,Clay,Wheat,18.4,55.5,1.9,Aphids,Low,0,0
OBS-02678,2023-02-21,West_Region,Sandy,Barley,18.7,65.3,13.5,Blight_Spores,Low,1,0
OBS-02679,2022-01-19,East_Region,Clay,Wheat,10.8,41.3,38.9,Whiteflies,Low,0,0
OBS-02680,2022-03-28,North_Region,Loam,Cotton,10.6,91.1,7.4,Beetles,Low,1,0
OBS-02681,2023-07-20,West_Region,Sandy,Soybean,25.5,49.9,3.2,Beetles,Low,1,0
OBS-02682,2023-01-15,Central_Valley,Clay,Corn,12.0,32.1,24.8,Armyworms,Low,1,0
OBS-02683,2022-05-11,West_Region,Loam,Cotton,24.8,82.3,30.2,Whiteflies,Low,2,0
OBS-02684,2022-01-20,South_Region,Silt,Corn,28.2,71.4,0.5,Beetles,Medium,4,1
OBS-02685,2023-06-20,South_Region,Silt,Corn,25.0,52.2,21.1,Blight_Spores,Low,0,0
OBS-02686,2023-11-18,East_Region,Loam,Barley,25.1,40.3,34.4,Aphids,Low,0,0
OBS-02687,2023-10-03,North_Region,Clay,Soybean,30.4,79.1,38.5,Beetles,Low,3,0
OBS-02688,2022-08-10,West_Region,Silt,Cotton,10.2,56.9,23.6,Beetles,Low,1,0
OBS-02689,2022-08-12,East_Region,Sandy,Wheat,34.8,43.1,46.2,Aphids,Medium,6,1
OBS-02690,2023-04-12,South_Region,Silt,Barley,17.1,86.8,8.8,Armyworms,Medium,4,1
OBS-02691,2023-10-06,North_Region,Sandy,Corn,19.6,83.3,22.0,Blight_Spores,Low,2,0
OBS-02692,2023-01-20,South_Region,Sandy,Rice,38.2,78.0,6.6,Beetles,Medium,5,1
OBS-02693,2022-05-10,East_Region,Loam,Corn,33.7,83.6,49.8,Blight_Spores,Medium,4,1
OBS-02694,2023-04-22,West_Region,Silt,Wheat,15.3,62.8,5.4,Blight_Spores,Low,3,0
OBS-02695,2023-03-19,North_Region,Silt,Rice,29.7,61.9,0.6,Beetles,Medium,6,1
OBS-02696,2022-05-12,Central_Valley,Clay,Barley,34.6,31.1,3.3,Blight_Spores,Low,3,0
OBS-02697,2022-12-03,East_Region,Clay,Cotton,30.8,74.5,23.3,Beetles,High,8,1
OBS-02698,2023-09-07,East_Region,Sandy,Rice,38.5,69.7,5.2,Aphids,High,7,1
OBS-02699,2022-12-12,East_Region,Loam,Rice,27.2,37.3,37.2,Armyworms,Low,0,0
OBS-02700,2022-04-20,East_Region,Clay,Wheat,16.1,34.2,14.8,Armyworms,Low,2,0
OBS-02701,2023-04-11,South_Region,Silt,Soybean,19.9,87.0,18.0,Armyworms,Low,1,0
OBS-02702,2022-01-05,Central_Valley,Silt,Soybean,21.2,63.7,33.1,Blight_Spores,Low,1,0
OBS-02703,2022-05-07,East_Region,Silt,Rice,19.3,70.9,45.6,Blight_Spores,Low,3,0
OBS-02704,2022-06-29,Central_Valley,Clay,Soybean,16.5,35.8,0.0,Blight_Spores,Low,1,0
OBS-02705,2022-07-26,West_Region,Sandy,Cotton,21.2,68.6,26.1,Blight_Spores,Low,0,0
OBS-02706,2022-01-18,South_Region,Silt,Barley,19.2,88.5,23.9,Aphids,Medium,4,1
OBS-02707,2022-04-02,Central_Valley,Clay,Corn,18.3,80.2,44.4,Blight_Spores,Low,2,0
OBS-02708,2022-10-26,East_Region,Silt,Tomato,37.4,66.5,43.1,Aphids,Medium,4,1
OBS-02709,2023-04-04,South_Region,Clay,Corn,22.8,77.2,8.6,Aphids,Low,2,0
OBS-02710,2023-09-21,West_Region,Silt,Tomato,34.4,86.6,15.9,Whiteflies,Medium,4,1
OBS-02711,2023-10-30,East_Region,Clay,Corn,33.8,70.9,7.6,Armyworms,High,10,1
OBS-02712,2023-11-08,North_Region,Loam,Barley,10.3,46.0,34.2,Beetles,Low,0,0
OBS-02713,2022-08-13,West_Region,Silt,Cotton,13.0,75.5,9.4,Armyworms,Low,3,0
OBS-02714,2022-10-25,North_Region,Clay,Tomato,19.4,77.9,43.2,Whiteflies,Medium,4,1
OBS-02715,2022-12-06,South_Region,Clay,Wheat,21.6,66.8,11.5,Whiteflies,Low,0,0
OBS-02716,2022-01-04,South_Region,Silt,Corn,14.2,33.0,31.5,Blight_Spores,Low,1,0
OBS-02717,2023-02-07,North_Region,Sandy,Soybean,19.5,69.8,49.1,Blight_Spores,Low,0,0
OBS-02718,2023-09-30,East_Region,Clay,Soybean,35.9,75.0,2.6,Armyworms,Medium,4,1
OBS-02719,2023-10-02,North_Region,Silt,Wheat,22.9,75.5,46.8,Beetles,Low,0,0
OBS-02720,2023-01-05,West_Region,Loam,Cotton,30.3,30.2,37.9,Whiteflies,Medium,4,1
OBS-02721,2023-05-17,North_Region,Silt,Wheat,33.6,51.0,40.1,Blight_Spores,High,7,1
OBS-02722,2023-11-04,West_Region,Silt,Rice,34.5,73.2,46.2,Whiteflies,Medium,6,1
OBS-02723,2022-12-25,East_Region,Clay,Corn,33.2,36.1,35.6,Whiteflies,Medium,4,1
OBS-02724,2022-03-28,Central_Valley,Loam,Corn,12.2,94.5,2.6,Aphids,Medium,6,1
OBS-02725,2022-03-03,Central_Valley,Loam,Barley,22.7,39.3,29.4,Aphids,Low,1,0
OBS-02726,2022-07-24,Central_Valley,Silt,Wheat,28.0,42.0,14.9,Aphids,Low,2,0
OBS-02727,2023-06-08,Central_Valley,Silt,Soybean,14.5,89.4,1.6,Armyworms,Low,1,0
OBS-02728,2022-12-05,East_Region,Loam,Wheat,29.6,83.3,7.6,Whiteflies,Low,1,0
OBS-02729,2023-02-15,Central_Valley,Loam,Wheat,32.8,37.4,21.5,Beetles,Medium,4,1
OBS-02730,2023-07-16,West_Region,Sandy,Corn,27.0,48.4,20.4,Whiteflies,Low,2,0
OBS-02731,2022-06-13,West_Region,Sandy,Cotton,27.6,66.1,36.2,Armyworms,Medium,4,1
OBS-02732,2022-12-21,South_Region,Silt,Soybean,28.8,36.4,33.7,Armyworms,Low,2,0
OBS-02733,2023-08-16,East_Region,Loam,Wheat,32.4,78.8,28.9,Beetles,Medium,6,1
OBS-02734,2023-01-20,North_Region,Sandy,Tomato,26.2,80.2,44.7,Blight_Spores,High,8,1
OBS-02735,2023-08-08,East_Region,Sandy,Barley,38.0,68.9,45.1,Aphids,Low,0,0
OBS-02736,2022-05-01,Central_Valley,Sandy,Soybean,20.9,40.7,46.4,Whiteflies,Low,1,0
OBS-02737,2022-07-14,East_Region,Sandy,Corn,25.0,92.7,30.9,Beetles,Low,0,0
OBS-02738,2022-01-31,Central_Valley,Silt,Cotton,40.0,52.0,48.4,Blight_Spores,High,7,1
OBS-02739,2022-10-14,North_Region,Clay,Cotton,23.1,92.3,4.7,Whiteflies,Medium,4,1
OBS-02740,2023-10-30,North_Region,Silt,Tomato,31.7,74.0,20.6,Beetles,Medium,4,1
OBS-02741,2023-07-31,West_Region,Loam,Rice,12.5,58.1,38.8,Beetles,Low,1,0
OBS-02742,2023-07-02,South_Region,Sandy,Soybean,34.1,54.8,26.8,Armyworms,Low,3,0
OBS-02743,2023-02-03,East_Region,Clay,Wheat,22.7,63.4,32.6,Beetles,Low,3,0
OBS-02744,2022-12-13,Central_Valley,Loam,Wheat,36.7,59.0,5.9,Blight_Spores,Low,3,0
OBS-02745,2022-12-15,Central_Valley,Clay,Barley,28.4,89.0,27.7,Blight_Spores,Low,2,0
OBS-02746,2022-10-15,South_Region,Loam,Cotton,37.8,66.7,3.3,Armyworms,Low,3,0
OBS-02747,2022-12-24,North_Region,Silt,Barley,30.1,44.4,42.1,Beetles,Low,3,0
OBS-02748,2023-01-20,West_Region,Silt,Soybean,26.3,87.2,45.0,Beetles,Low,1,0
OBS-02749,2022-11-04,East_Region,Loam,Rice,22.2,59.8,42.1,Blight_Spores,Low,0,0
OBS-02750,2023-06-22,Central_Valley,Sandy,Corn,24.4,79.1,14.9,Aphids,Low,3,0
OBS-02751,2023-03-29,Central_Valley,Clay,Soybean,19.6,78.8,11.9,Whiteflies,Low,3,0
OBS-02752,2023-06-17,Central_Valley,Sandy,Cotton,19.1,55.5,32.5,Blight_Spores,Low,2,0
OBS-02753,2022-04-10,East_Region,Clay,Barley,19.8,58.0,49.7,Beetles,Low,2,0
OBS-02754,2023-04-14,South_Region,Loam,Soybean,10.2,93.0,22.9,Armyworms,Medium,5,1
OBS-02755,2023-10-06,West_Region,Loam,Cotton,11.1,53.5,34.3,Beetles,Low,0,0
OBS-02756,2022-08-10,North_Region,Silt,Wheat,30.2,31.1,37.9,Blight_Spores,Low,2,0
OBS-02757,2022-11-10,West_Region,Sandy,Barley,27.1,93.1,28.6,Blight_Spores,Low,2,0
OBS-02758,2022-09-30,North_Region,Clay,Soybean,25.0,51.1,21.4,Blight_Spores,Low,1,0
OBS-02759,2022-11-28,West_Region,Sandy,Cotton,23.1,79.6,49.9,Whiteflies,Low,2,0
OBS-02760,2022-12-05,North_Region,Silt,Rice,10.1,71.3,7.4,Aphids,Low,1,0
OBS-02761,2022-12-03,East_Region,Clay,Wheat,33.1,30.5,6.7,Whiteflies,Medium,4,1
OBS-02762,2023-10-31,West_Region,Silt,Rice,17.9,88.7,16.9,Beetles,Low,1,0
OBS-02763,2023-01-04,North_Region,Loam,Corn,19.6,43.5,28.0,Whiteflies,Low,1,0
OBS-02764,2022-10-14,West_Region,Loam,Wheat,13.2,54.2,22.3,Beetles,Low,3,0
OBS-02765,2022-11-13,North_Region,Silt,Corn,18.3,90.4,16.3,Aphids,Medium,6,1
OBS-02766,2022-05-16,South_Region,Silt,Soybean,34.6,81.5,6.0,Beetles,High,7,1
OBS-02767,2022-08-31,West_Region,Loam,Barley,26.8,48.2,32.1,Armyworms,Low,1,0
OBS-02768,2022-04-13,West_Region,Loam,Wheat,25.7,75.5,9.2,Aphids,High,9,1
OBS-02769,2022-02-11,West_Region,Silt,Soybean,30.3,62.7,18.3,Whiteflies,Low,0,0
OBS-02770,2022-05-25,South_Region,Sandy,Cotton,20.2,78.3,23.3,Blight_Spores,Low,1,0
OBS-02771,2023-05-20,North_Region,Sandy,Rice,15.3,71.2,25.4,Aphids,Low,3,0
OBS-02772,2023-01-22,North_Region,Silt,Wheat,34.5,78.0,5.5,Armyworms,High,7,1
OBS-02773,2022-06-19,Central_Valley,Loam,Corn,27.4,44.5,1.1,Aphids,Medium,4,1
OBS-02774,2022-01-26,North_Region,Clay,Soybean,21.9,79.7,0.9,Whiteflies,Low,0,0
OBS-02775,2022-10-21,Central_Valley,Silt,Rice,39.4,74.2,1.4,Whiteflies,Low,3,0
OBS-02776,2023-06-15,North_Region,Loam,Cotton,19.5,71.4,15.9,Beetles,Medium,4,1
OBS-02777,2022-08-08,South_Region,Sandy,Rice,14.2,70.4,14.5,Aphids,Low,3,0
OBS-02778,2023-01-23,East_Region,Sandy,Tomato,34.4,81.4,26.7,Aphids,Medium,4,1
OBS-02779,2022-09-01,West_Region,Loam,Soybean,32.5,90.5,1.2,Whiteflies,High,8,1
OBS-02780,2022-04-25,West_Region,Sandy,Tomato,37.7,88.2,49.8,Blight_Spores,Medium,4,1
OBS-02781,2022-02-19,Central_Valley,Loam,Tomato,12.1,61.9,25.2,Beetles,Low,3,0
OBS-02782,2022-02-13,Central_Valley,Loam,Corn,19.3,79.6,11.1,Armyworms,Low,3,0
OBS-02783,2022-02-04,North_Region,Silt,Corn,28.1,85.8,22.2,Blight_Spores,Low,3,0
OBS-02784,2022-05-07,South_Region,Loam,Rice,38.5,36.5,10.9,Armyworms,High,7,1
OBS-02785,2022-10-22,North_Region,Silt,Tomato,22.2,72.3,5.3,Armyworms,Medium,4,1
OBS-02786,2022-09-03,Central_Valley,Silt,Barley,13.7,59.3,16.1,Aphids,Low,2,0
OBS-02787,2023-03-03,North_Region,Clay,Wheat,16.5,70.8,30.3,Whiteflies,Medium,6,1
OBS-02788,2022-05-14,South_Region,Silt,Rice,35.1,59.5,0.5,Blight_Spores,Low,3,0
OBS-02789,2022-12-08,North_Region,Clay,Tomato,13.8,42.2,13.4,Blight_Spores,Low,1,0
OBS-02790,2022-02-23,Central_Valley,Silt,Barley,19.2,35.8,24.0,Blight_Spores,Low,2,0
OBS-02791,2023-09-23,North_Region,Loam,Wheat,33.9,52.9,24.0,Aphids,Low,2,0
OBS-02792,2023-05-20,West_Region,Loam,Wheat,27.7,72.0,3.5,Blight_Spores,Low,3,0
OBS-02793,2023-06-29,Central_Valley,Clay,Tomato,19.4,75.6,44.0,Armyworms,Low,3,0
OBS-02794,2023-01-30,Central_Valley,Clay,Rice,22.6,37.8,27.1,Armyworms,Low,0,0
OBS-02795,2023-10-07,North_Region,Silt,Tomato,23.7,56.9,2.0,Armyworms,Low,3,0
OBS-02796,2022-02-14,Central_Valley,Sandy,Soybean,27.4,56.2,29.6,Armyworms,Low,1,0
OBS-02797,2022-01-16,Central_Valley,Clay,Tomato,23.1,77.4,3.5,Armyworms,Medium,4,1
OBS-02798,2023-08-28,West_Region,Clay,Tomato,25.6,54.3,25.0,Aphids,Medium,4,1
OBS-02799,2022-04-17,Central_Valley,Loam,Rice,13.9,49.0,6.3,Aphids,Low,1,0
OBS-02800,2022-12-16,North_Region,Sandy,Rice,19.4,49.5,42.4,Whiteflies,Low,0,0
OBS-02801,2022-10-28,South_Region,Clay,Corn,20.7,56.6,6.5,Blight_Spores,Medium,4,1
OBS-02802,2022-11-16,West_Region,Clay,Barley,31.9,59.7,32.1,Aphids,Low,1,0
OBS-02803,2022-05-08,South_Region,Sandy,Soybean,36.8,36.0,12.6,Beetles,Medium,4,1
OBS-02804,2023-01-28,East_Region,Silt,Rice,11.5,47.7,48.5,Blight_Spores,Low,0,0
OBS-02805,2022-05-16,East_Region,Loam,Wheat,37.6,94.9,31.5,Aphids,Medium,5,1
OBS-02806,2022-05-25,North_Region,Sandy,Wheat,17.1,64.6,41.5,Beetles,Low,0,0
OBS-02807,2023-01-28,West_Region,Sandy,Tomato,27.0,85.7,24.3,Aphids,High,8,1
OBS-02808,2023-09-04,North_Region,Sandy,Corn,23.7,32.0,44.6,Armyworms,Medium,6,1
OBS-02809,2023-05-27,Central_Valley,Loam,Corn,11.4,87.1,40.5,Beetles,Low,0,0
OBS-02810,2022-09-19,South_Region,Clay,Soybean,20.5,45.3,27.4,Blight_Spores,Low,0,0
OBS-02811,2023-10-23,North_Region,Clay,Tomato,15.7,48.4,49.5,Armyworms,Low,0,0
OBS-02812,2022-11-20,South_Region,Clay,Wheat,27.5,34.1,31.6,Armyworms,Low,2,0
OBS-02813,2023-11-27,Central_Valley,Loam,Corn,14.1,82.8,37.4,Whiteflies,Medium,4,1
OBS-02814,2023-10-20,South_Region,Clay,Barley,37.9,58.9,19.8,Beetles,Low,3,0
OBS-02815,2022-08-13,North_Region,Loam,Barley,34.9,48.8,29.7,Armyworms,Low,0,0
OBS-02816,2022-08-21,West_Region,Clay,Cotton,12.1,43.2,44.9,Aphids,Low,0,0
OBS-02817,2022-04-24,North_Region,Loam,Corn,35.7,52.6,14.8,Blight_Spores,Low,3,0
OBS-02818,2022-01-05,East_Region,Silt,Cotton,12.7,47.5,29.3,Beetles,Low,1,0
OBS-02819,2022-01-05,South_Region,Clay,Barley,25.7,81.9,10.2,Blight_Spores,Medium,4,1
OBS-02820,2022-11-07,Central_Valley,Loam,Barley,39.7,39.3,31.3,Whiteflies,Low,1,0
OBS-02821,2023-08-31,North_Region,Sandy,Wheat,23.0,62.7,29.6,Whiteflies,Low,0,0
OBS-02822,2022-11-28,South_Region,Loam,Corn,31.6,61.5,28.0,Armyworms,Medium,4,1
OBS-02823,2023-08-08,South_Region,Sandy,Tomato,30.5,82.6,29.9,Armyworms,Medium,4,1
OBS-02824,2022-03-24,North_Region,Sandy,Wheat,19.8,83.1,37.0,Aphids,Low,1,0
OBS-02825,2023-10-12,West_Region,Loam,Corn,15.2,94.1,49.0,Whiteflies,Medium,4,1
OBS-02826,2022-12-03,South_Region,Silt,Soybean,39.4,88.8,25.7,Aphids,Low,3,0
OBS-02827,2023-11-08,North_Region,Silt,Cotton,32.7,58.5,34.9,Blight_Spores,Medium,5,1
OBS-02828,2023-01-27,West_Region,Loam,Soybean,12.4,65.8,48.7,Armyworms,Low,1,0
OBS-02829,2022-10-01,Central_Valley,Sandy,Barley,16.0,84.2,7.6,Blight_Spores,Low,1,0
OBS-02830,2022-11-14,North_Region,Clay,Soybean,21.7,33.3,45.4,Armyworms,Low,1,0
OBS-02831,2023-02-09,East_Region,Loam,Wheat,16.2,52.7,6.9,Beetles,Low,1,0
OBS-02832,2023-06-28,North_Region,Sandy,Rice,19.7,93.1,29.5,Beetles,Low,1,0
OBS-02833,2023-04-26,North_Region,Loam,Cotton,32.7,77.1,12.4,Beetles,Medium,5,1
OBS-02834,2022-03-30,East_Region,Silt,Rice,11.6,47.9,28.9,Armyworms,Low,3,0
OBS-02835,2022-12-14,South_Region,Silt,Corn,34.4,44.2,24.5,Aphids,Low,2,0
OBS-02836,2023-01-05,North_Region,Loam,Cotton,16.2,42.2,28.5,Blight_Spores,Low,0,0
OBS-02837,2022-11-14,North_Region,Loam,Rice,22.7,76.0,27.9,Blight_Spores,Low,2,0
OBS-02838,2022-02-13,South_Region,Silt,Soybean,28.9,62.3,30.4,Whiteflies,Low,3,0
OBS-02839,2023-01-21,West_Region,Loam,Tomato,39.5,61.5,23.0,Armyworms,Low,0,0
OBS-02840,2023-10-12,South_Region,Loam,Tomato,29.7,75.3,36.7,Armyworms,Low,3,0
OBS-02841,2022-09-22,East_Region,Sandy,Soybean,32.4,77.5,44.6,Armyworms,Low,1,0
OBS-02842,2023-08-12,Central_Valley,Clay,Rice,33.9,70.1,1.9,Armyworms,Low,3,0
OBS-02843,2022-10-12,South_Region,Silt,Soybean,27.3,48.4,48.3,Blight_Spores,Low,3,0
OBS-02844,2023-10-05,South_Region,Loam,Corn,31.3,64.8,41.0,Beetles,Low,0,0
OBS-02845,2023-08-07,East_Region,Sandy,Rice,17.6,91.4,47.0,Armyworms,Low,3,0
OBS-02846,2023-10-28,East_Region,Loam,Cotton,15.1,74.2,15.3,Aphids,Low,1,0
OBS-02847,2022-01-13,Central_Valley,Silt,Soybean,10.3,70.6,42.6,Beetles,Low,2,0
OBS-02848,2022-04-07,East_Region,Loam,Rice,17.5,86.9,37.8,Whiteflies,Low,3,0
OBS-02849,2023-12-01,East_Region,Loam,Wheat,21.1,47.4,24.6,Aphids,Low,0,0
OBS-02850,2023-05-21,East_Region,Sandy,Tomato,35.5,56.2,17.0,Armyworms,Medium,5,1
OBS-02851,2023-08-10,Central_Valley,Sandy,Soybean,30.4,70.7,18.2,Blight_Spores,Low,3,0
OBS-02852,2023-06-21,Central_Valley,Sandy,Corn,12.7,49.3,26.8,Blight_Spores,Low,0,0
OBS-02853,2023-08-29,East_Region,Loam,Tomato,14.6,42.5,14.4,Armyworms,Low,3,0
OBS-02854,2022-07-26,East_Region,Sandy,Barley,37.8,92.9,24.2,Armyworms,High,8,1
OBS-02855,2023-05-05,East_Region,Clay,Tomato,11.5,33.9,9.5,Beetles,Low,1,0
OBS-02856,2023-02-24,South_Region,Loam,Tomato,10.4,49.9,34.7,Beetles,Low,2,0
OBS-02857,2022-07-19,Central_Valley,Clay,Wheat,32.3,67.5,18.1,Blight_Spores,Low,3,0
OBS-02858,2023-05-12,South_Region,Silt,Wheat,10.9,87.6,21.2,Armyworms,Low,0,0
OBS-02859,2022-10-14,West_Region,Loam,Corn,34.2,93.9,21.1,Beetles,Low,0,0
OBS-02860,2022-11-05,West_Region,Sandy,Tomato,21.4,93.8,21.3,Beetles,Low,1,0
OBS-02861,2023-10-09,Central_Valley,Clay,Corn,17.4,65.8,6.7,Armyworms,Low,1,0
OBS-02862,2023-03-16,Central_Valley,Silt,Corn,13.9,91.1,10.0,Armyworms,Medium,4,1
OBS-02863,2023-04-10,East_Region,Loam,Barley,31.7,71.2,20.5,Whiteflies,Low,3,0
OBS-02864,2022-03-28,West_Region,Loam,Rice,14.8,42.0,27.0,Whiteflies,Low,1,0
OBS-02865,2022-11-17,West_Region,Sandy,Rice,14.5,84.5,40.5,Whiteflies,Low,3,0
OBS-02866,2023-05-08,East_Region,Silt,Corn,37.9,45.4,17.8,Aphids,Low,3,0
OBS-02867,2022-11-15,East_Region,Sandy,Tomato,24.8,72.1,47.1,Armyworms,Medium,6,1
OBS-02868,2022-04-17,South_Region,Silt,Soybean,11.3,66.6,13.2,Blight_Spores,Low,1,0
OBS-02869,2023-10-28,Central_Valley,Sandy,Soybean,26.5,42.3,13.3,Armyworms,Low,0,0
OBS-02870,2022-09-23,West_Region,Clay,Tomato,13.4,80.6,24.7,Whiteflies,High,7,1
OBS-02871,2022-02-02,East_Region,Silt,Cotton,30.4,53.6,29.7,Armyworms,Low,2,0
OBS-02872,2023-01-16,East_Region,Sandy,Wheat,35.0,90.6,16.1,Whiteflies,High,9,1
OBS-02873,2023-06-05,West_Region,Clay,Corn,20.4,86.3,19.3,Armyworms,High,7,1
OBS-02874,2022-07-06,North_Region,Clay,Rice,26.2,40.0,45.4,Beetles,Medium,4,1
OBS-02875,2022-10-08,North_Region,Clay,Wheat,32.5,82.7,14.9,Aphids,Medium,4,1
OBS-02876,2023-01-07,East_Region,Sandy,Rice,11.3,64.7,38.9,Aphids,Low,1,0
OBS-02877,2022-05-19,South_Region,Sandy,Rice,11.7,76.7,9.8,Beetles,Medium,4,1
OBS-02878,2022-10-13,North_Region,Loam,Tomato,25.7,43.7,42.0,Whiteflies,Medium,4,1
OBS-02879,2023-10-16,East_Region,Silt,Cotton,31.9,45.3,49.1,Whiteflies,Low,1,0
OBS-02880,2023-01-05,North_Region,Clay,Wheat,36.6,46.7,43.9,Aphids,Medium,5,1
OBS-02881,2022-07-07,Central_Valley,Silt,Tomato,12.0,83.6,10.8,Aphids,Low,1,0
OBS-02882,2022-01-13,East_Region,Silt,Soybean,39.2,91.8,33.5,Whiteflies,Low,3,0
OBS-02883,2022-01-06,East_Region,Sandy,Wheat,37.2,47.0,6.4,Beetles,High,8,1
OBS-02884,2022-12-25,North_Region,Sandy,Corn,12.2,52.1,11.5,Beetles,Low,2,0
OBS-02885,2023-01-20,West_Region,Clay,Barley,30.2,55.9,9.0,Beetles,Medium,6,1
OBS-02886,2022-12-01,Central_Valley,Silt,Tomato,32.3,54.3,26.8,Blight_Spores,Medium,5,1
OBS-02887,2023-10-03,West_Region,Loam,Barley,15.5,59.4,27.6,Aphids,Low,0,0
OBS-02888,2023-12-01,Central_Valley,Clay,Tomato,12.4,35.4,32.7,Whiteflies,Low,0,0
OBS-02889,2023-07-05,East_Region,Sandy,Rice,26.7,92.9,38.8,Beetles,Low,2,0
OBS-02890,2023-09-10,North_Region,Silt,Cotton,23.1,83.3,31.8,Whiteflies,Low,0,0
OBS-02891,2023-02-22,South_Region,Clay,Cotton,22.9,48.1,45.3,Aphids,Low,1,0
OBS-02892,2023-06-26,Central_Valley,Clay,Rice,37.1,86.9,22.5,Armyworms,Medium,5,1
OBS-02893,2022-08-13,West_Region,Loam,Soybean,18.6,34.4,23.4,Beetles,Low,1,0
OBS-02894,2022-01-23,West_Region,Loam,Barley,28.6,81.7,21.5,Whiteflies,Low,2,0
OBS-02895,2023-07-22,Central_Valley,Clay,Barley,19.7,73.8,13.3,Aphids,Low,2,0
OBS-02896,2023-05-20,West_Region,Loam,Soybean,23.1,79.3,39.7,Beetles,Low,1,0
OBS-02897,2022-12-11,East_Region,Clay,Soybean,22.3,81.5,38.0,Aphids,Low,1,0
OBS-02898,2023-02-06,East_Region,Silt,Barley,14.0,94.6,40.0,Armyworms,Low,1,0
OBS-02899,2023-10-16,West_Region,Loam,Soybean,26.6,35.1,40.1,Aphids,Low,0,0
OBS-02900,2022-09-21,West_Region,Sandy,Soybean,29.1,57.8,43.2,Beetles,Low,2,0
OBS-02901,2023-04-19,Central_Valley,Silt,Cotton,10.6,49.5,9.9,Whiteflies,Medium,4,1
OBS-02902,2023-03-05,West_Region,Loam,Barley,16.8,76.9,9.9,Armyworms,Low,1,0
OBS-02903,2022-03-03,East_Region,Silt,Corn,10.5,41.4,1.8,Blight_Spores,Low,0,0
OBS-02904,2023-10-24,West_Region,Loam,Corn,27.8,42.3,43.9,Aphids,Low,3,0
OBS-02905,2022-06-24,East_Region,Sandy,Cotton,33.0,50.6,37.7,Whiteflies,High,7,1
OBS-02906,2023-08-05,Central_Valley,Sandy,Wheat,28.1,66.9,2.6,Armyworms,Low,3,0
OBS-02907,2023-03-12,West_Region,Sandy,Rice,17.1,88.6,26.6,Whiteflies,Low,2,0
OBS-02908,2023-07-23,Central_Valley,Clay,Wheat,28.4,39.2,11.3,Blight_Spores,Low,0,0
OBS-02909,2023-03-11,Central_Valley,Silt,Wheat,24.9,55.5,17.3,Whiteflies,Low,1,0
OBS-02910,2023-10-16,South_Region,Silt,Soybean,12.1,89.5,32.4,Aphids,Low,1,0
OBS-02911,2022-07-26,West_Region,Loam,Cotton,31.8,62.3,8.5,Beetles,Low,3,0
OBS-02912,2022-01-19,West_Region,Sandy,Barley,27.9,61.1,9.0,Blight_Spores,Low,1,0
OBS-02913,2022-04-02,West_Region,Clay,Tomato,24.4,67.0,9.9,Whiteflies,Medium,4,1
OBS-02914,2023-09-03,East_Region,Clay,Rice,15.6,33.4,37.1,Blight_Spores,Low,0,0
OBS-02915,2022-10-22,South_Region,Sandy,Rice,31.0,80.8,48.0,Whiteflies,Low,2,0
OBS-02916,2022-10-20,North_Region,Clay,Rice,23.1,72.8,38.7,Beetles,Medium,6,1
OBS-02917,2023-01-14,East_Region,Clay,Barley,25.0,79.3,9.3,Whiteflies,Low,2,0
OBS-02918,2022-11-29,West_Region,Silt,Corn,38.7,93.1,40.1,Armyworms,Medium,5,1
OBS-02919,2022-02-05,West_Region,Silt,Soybean,18.8,39.2,30.4,Blight_Spores,Low,0,0
OBS-02920,2022-02-17,East_Region,Loam,Corn,24.2,70.7,41.9,Blight_Spores,Low,2,0
OBS-02921,2022-08-31,East_Region,Clay,Soybean,31.5,56.5,36.8,Blight_Spores,Low,1,0
OBS-02922,2022-07-22,North_Region,Loam,Cotton,30.6,44.4,16.3,Armyworms,Low,3,0
OBS-02923,2022-01-11,North_Region,Clay,Barley,13.5,88.6,21.6,Whiteflies,Low,3,0
OBS-02924,2023-01-19,North_Region,Loam,Corn,16.8,65.7,40.1,Blight_Spores,Low,1,0
OBS-02925,2023-06-20,South_Region,Silt,Cotton,18.2,34.7,34.0,Aphids,Low,0,0
OBS-02926,2022-05-25,North_Region,Clay,Rice,29.9,67.6,36.9,Armyworms,Low,2,0
OBS-02927,2022-01-25,Central_Valley,Loam,Barley,24.7,68.9,2.9,Aphids,Low,2,0
OBS-02928,2022-08-06,West_Region,Sandy,Rice,20.3,32.2,29.4,Armyworms,Low,1,0
OBS-02929,2023-09-28,North_Region,Loam,Barley,14.1,83.8,10.5,Armyworms,Low,1,0
OBS-02930,2023-06-16,East_Region,Loam,Cotton,37.3,63.5,1.6,Beetles,Low,1,0
OBS-02931,2022-01-01,South_Region,Loam,Tomato,34.3,33.0,22.6,Whiteflies,Low,2,0
OBS-02932,2023-09-20,Central_Valley,Loam,Corn,26.3,36.2,34.6,Armyworms,Low,2,0
OBS-02933,2023-09-16,East_Region,Clay,Barley,30.7,82.3,25.5,Blight_Spores,Medium,5,1
OBS-02934,2022-05-21,East_Region,Clay,Barley,28.3,53.3,26.5,Armyworms,Low,3,0
OBS-02935,2023-10-19,East_Region,Loam,Cotton,12.6,89.4,25.4,Aphids,Low,3,0
OBS-02936,2023-01-23,North_Region,Sandy,Cotton,11.5,49.4,43.8,Beetles,Low,1,0
OBS-02937,2022-11-21,Central_Valley,Loam,Cotton,17.9,92.9,17.3,Beetles,Low,3,0
OBS-02938,2022-09-10,South_Region,Loam,Barley,31.9,70.1,13.8,Aphids,Medium,5,1
OBS-02939,2023-03-13,West_Region,Clay,Corn,29.1,43.4,40.4,Armyworms,Low,1,0
OBS-02940,2022-10-12,East_Region,Loam,Soybean,32.6,65.6,16.1,Blight_Spores,Low,2,0
OBS-02941,2022-11-13,West_Region,Loam,Tomato,38.0,89.8,31.0,Blight_Spores,High,9,1
OBS-02942,2022-05-02,Central_Valley,Sandy,Tomato,16.4,30.1,11.9,Beetles,Low,2,0
OBS-02943,2022-07-27,South_Region,Loam,Rice,30.1,70.8,17.0,Beetles,Medium,5,1
OBS-02944,2023-10-15,East_Region,Silt,Corn,20.0,42.6,41.1,Whiteflies,Low,3,0
OBS-02945,2023-08-22,North_Region,Clay,Soybean,11.6,79.5,48.1,Blight_Spores,Low,1,0
OBS-02946,2022-04-01,Central_Valley,Sandy,Barley,31.8,46.9,23.1,Blight_Spores,Low,1,0
OBS-02947,2023-01-29,West_Region,Clay,Corn,38.6,66.6,15.4,Armyworms,Medium,4,1
OBS-02948,2022-04-29,West_Region,Sandy,Wheat,13.4,57.0,16.4,Armyworms,Low,0,0
OBS-02949,2023-11-19,North_Region,Silt,Rice,27.9,92.1,40.6,Aphids,Medium,6,1
OBS-02950,2023-04-03,East_Region,Silt,Tomato,33.8,90.9,1.8,Aphids,Medium,4,1
OBS-02951,2022-05-28,South_Region,Silt,Barley,38.4,61.8,44.4,Aphids,Medium,4,1
OBS-02952,2023-12-01,Central_Valley,Sandy,Tomato,12.8,79.4,20.0,Armyworms,Low,3,0
OBS-02953,2022-07-30,Central_Valley,Clay,Rice,18.3,86.7,10.8,Blight_Spores,Low,3,0
OBS-02954,2022-04-29,North_Region,Sandy,Barley,19.3,66.9,40.4,Beetles,Low,1,0
OBS-02955,2022-08-06,North_Region,Sandy,Wheat,32.3,81.0,49.4,Aphids,Medium,4,1
OBS-02956,2022-01-07,North_Region,Silt,Cotton,21.9,36.7,22.5,Blight_Spores,Low,0,0
OBS-02957,2023-02-22,West_Region,Sandy,Rice,39.6,57.0,34.9,Aphids,Low,2,0
OBS-02958,2022-12-15,North_Region,Silt,Cotton,29.6,75.0,7.1,Beetles,Medium,6,1
OBS-02959,2022-12-27,South_Region,Clay,Tomato,16.5,72.0,13.2,Aphids,Low,0,0
OBS-02960,2022-11-18,East_Region,Loam,Cotton,24.9,60.3,34.8,Aphids,Low,3,0
OBS-02961,2023-06-21,North_Region,Loam,Tomato,37.0,78.5,20.5,Armyworms,Low,2,0
OBS-02962,2022-09-16,Central_Valley,Loam,Corn,32.1,53.9,0.6,Armyworms,Low,3,0
OBS-02963,2022-08-31,East_Region,Silt,Soybean,19.5,78.3,18.2,Beetles,Low,3,0
OBS-02964,2023-04-12,East_Region,Loam,Barley,27.9,49.3,7.1,Blight_Spores,Low,3,0
OBS-02965,2023-09-07,West_Region,Sandy,Cotton,12.3,72.1,19.4,Armyworms,Low,2,0
OBS-02966,2023-09-14,West_Region,Silt,Rice,14.8,85.9,32.2,Armyworms,Medium,5,1
OBS-02967,2023-08-29,North_Region,Clay,Tomato,39.2,50.1,25.7,Whiteflies,Low,2,0
OBS-02968,2023-02-12,North_Region,Silt,Cotton,18.9,48.6,12.3,Armyworms,Low,0,0
OBS-02969,2023-02-16,East_Region,Loam,Cotton,25.3,92.0,10.6,Armyworms,Medium,4,1
OBS-02970,2022-08-19,South_Region,Loam,Tomato,27.3,88.5,49.5,Whiteflies,High,10,1
OBS-02971,2023-03-05,East_Region,Sandy,Tomato,10.0,45.4,14.7,Blight_Spores,Low,3,0
OBS-02972,2022-02-24,West_Region,Loam,Rice,10.9,72.3,27.5,Whiteflies,Medium,4,1
OBS-02973,2023-11-27,East_Region,Sandy,Rice,18.5,62.6,27.6,Blight_Spores,Low,0,0
OBS-02974,2022-01-25,West_Region,Sandy,Wheat,25.4,48.4,14.7,Armyworms,Low,2,0
OBS-02975,2022-10-10,Central_Valley,Silt,Cotton,11.9,53.8,5.4,Whiteflies,Low,1,0
OBS-02976,2023-08-28,West_Region,Silt,Cotton,34.3,62.4,47.0,Blight_Spores,Medium,4,1
OBS-02977,2023-05-16,North_Region,Silt,Cotton,39.5,68.3,44.5,Armyworms,Low,3,0
OBS-02978,2023-08-10,East_Region,Loam,Wheat,13.7,63.4,22.7,Armyworms,Low,0,0
OBS-02979,2023-11-10,South_Region,Clay,Wheat,28.5,32.4,34.8,Blight_Spores,Low,2,0
OBS-02980,2022-01-06,Central_Valley,Silt,Soybean,31.0,56.3,22.2,Armyworms,Low,3,0
OBS-02981,2022-05-11,East_Region,Sandy,Wheat,33.9,64.2,4.4,Whiteflies,Medium,4,1
OBS-02982,2022-06-10,Central_Valley,Loam,Cotton,18.0,48.0,46.8,Whiteflies,Low,0,0
OBS-02983,2023-03-29,South_Region,Clay,Corn,24.7,62.0,19.3,Armyworms,Low,2,0
OBS-02984,2022-05-04,East_Region,Loam,Barley,25.9,79.5,11.5,Armyworms,Low,3,0
OBS-02985,2023-02-27,East_Region,Silt,Corn,34.8,62.6,9.1,Beetles,Medium,4,1
OBS-02986,2022-01-11,South_Region,Silt,Rice,16.8,85.5,4.0,Armyworms,Medium,4,1
OBS-02987,2023-06-22,West_Region,Sandy,Corn,12.6,47.2,24.7,Aphids,Low,3,0
OBS-02988,2022-02-22,South_Region,Sandy,Rice,28.2,42.7,43.3,Aphids,Low,1,0
OBS-02989,2022-03-30,East_Region,Sandy,Barley,28.6,59.4,36.9,Beetles,Low,1,0
OBS-02990,2023-08-09,North_Region,Silt,Corn,35.1,67.9,40.3,Whiteflies,Low,2,0
OBS-02991,2022-05-20,East_Region,Loam,Barley,17.7,83.9,9.2,Blight_Spores,Low,1,0
OBS-02992,2022-12-26,West_Region,Sandy,Barley,30.9,65.7,31.4,Blight_Spores,Low,1,0
OBS-02993,2023-03-19,South_Region,Loam,Tomato,19.0,79.4,23.7,Aphids,Low,2,0
OBS-02994,2023-03-23,North_Region,Clay,Tomato,38.2,45.2,9.5,Blight_Spores,High,7,1
OBS-02995,2023-06-02,Central_Valley,Clay,Barley,29.2,91.4,17.6,Beetles,Low,2,0
OBS-02996,2023-03-17,South_Region,Loam,Barley,27.6,84.4,3.3,Armyworms,High,7,1
OBS-02997,2022-04-19,East_Region,Clay,Corn,35.9,52.7,27.1,Beetles,Medium,6,1
OBS-02998,2022-03-10,Central_Valley,Loam,Cotton,16.3,90.5,43.0,Whiteflies,Low,1,0
OBS-02999,2023-04-09,North_Region,Clay,Tomato,36.8,83.1,43.4,Blight_Spores,High,7,1
OBS-03000,2022-11-05,East_Region,Silt,Soybean,14.7,74.9,4.3,Blight_Spores,Low,3,0
OBS-03001,2022-08-01,West_Region,Silt,Cotton,14.4,31.6,26.3,Armyworms,Low,3,0
OBS-03002,2023-07-27,Central_Valley,Loam,Cotton,38.5,44.4,5.4,Beetles,Medium,6,1
OBS-03003,2023-07-03,West_Region,Clay,Tomato,32.7,81.2,3.3,Aphids,Medium,6,1
OBS-03004,2023-10-07,North_Region,Clay,Tomato,14.2,66.6,34.3,Whiteflies,Medium,5,1
OBS-03005,2022-06-10,South_Region,Silt,Cotton,24.6,54.0,36.5,Whiteflies,Low,1,0
OBS-03006,2023-09-09,Central_Valley,Clay,Corn,26.5,56.0,9.9,Aphids,Medium,4,1
OBS-03007,2022-07-10,East_Region,Silt,Corn,28.0,90.0,17.1,Aphids,Medium,6,1
OBS-03008,2022-03-05,East_Region,Silt,Rice,12.1,67.2,18.6,Whiteflies,Low,2,0
OBS-03009,2023-10-18,West_Region,Clay,Soybean,22.4,75.8,0.1,Armyworms,Low,1,0
OBS-03010,2023-03-04,South_Region,Clay,Barley,20.3,66.3,43.2,Whiteflies,Low,2,0
OBS-03011,2022-01-01,North_Region,Silt,Rice,23.7,77.4,18.9,Armyworms,Low,0,0
OBS-03012,2023-09-23,Central_Valley,Loam,Cotton,35.2,59.2,42.1,Armyworms,Medium,4,1
OBS-03013,2023-03-29,South_Region,Sandy,Barley,29.8,38.7,25.4,Whiteflies,Low,1,0
OBS-03014,2022-11-30,South_Region,Silt,Wheat,25.9,41.5,13.7,Armyworms,Medium,6,1
OBS-03015,2022-09-29,Central_Valley,Silt,Barley,29.5,67.9,10.7,Armyworms,Low,0,0
OBS-03016,2022-06-06,West_Region,Loam,Cotton,32.3,43.5,15.4,Beetles,Medium,6,1
OBS-03017,2023-05-20,Central_Valley,Silt,Soybean,19.1,46.7,30.6,Armyworms,Low,1,0
OBS-03018,2022-06-01,West_Region,Loam,Corn,30.3,77.0,42.8,Whiteflies,Medium,4,1
OBS-03019,2023-03-28,North_Region,Clay,Corn,27.0,30.0,34.5,Beetles,Low,2,0
OBS-03020,2023-08-23,South_Region,Loam,Soybean,31.4,49.1,22.7,Blight_Spores,Low,3,0
OBS-03021,2022-09-22,Central_Valley,Loam,Corn,15.7,47.5,39.1,Beetles,Medium,5,1
OBS-03022,2023-04-06,East_Region,Sandy,Tomato,13.6,91.2,3.9,Whiteflies,Medium,5,1
OBS-03023,2022-06-09,West_Region,Sandy,Corn,12.0,60.7,46.2,Aphids,Low,0,0
OBS-03024,2023-07-24,West_Region,Sandy,Wheat,36.9,81.7,44.2,Beetles,Medium,4,1
OBS-03025,2023-09-28,South_Region,Sandy,Corn,22.9,44.7,12.3,Whiteflies,Low,3,0
OBS-03026,2022-06-25,Central_Valley,Loam,Tomato,15.2,79.7,29.0,Armyworms,Low,1,0
OBS-03027,2022-11-06,East_Region,Sandy,Rice,23.5,79.3,36.4,Armyworms,Low,1,0
OBS-03028,2022-01-29,West_Region,Silt,Tomato,12.1,32.4,24.1,Armyworms,Low,1,0
OBS-03029,2022-03-21,West_Region,Sandy,Rice,39.0,83.2,32.6,Blight_Spores,Medium,6,1
OBS-03030,2022-01-03,Central_Valley,Clay,Corn,31.4,69.0,3.8,Aphids,High,7,1
OBS-03031,2022-04-30,West_Region,Clay,Barley,26.1,49.8,42.7,Armyworms,Low,3,0
OBS-03032,2023-07-15,West_Region,Clay,Rice,23.1,43.6,6.9,Beetles,Low,0,0
OBS-03033,2022-01-04,North_Region,Loam,Corn,25.7,33.9,35.0,Armyworms,Medium,4,1
OBS-03034,2023-10-23,Central_Valley,Loam,Tomato,37.8,45.2,36.6,Blight_Spores,Low,2,0
OBS-03035,2023-10-19,West_Region,Silt,Cotton,38.7,54.8,8.3,Armyworms,Medium,5,1
OBS-03036,2023-03-12,South_Region,Clay,Soybean,11.8,94.3,40.1,Armyworms,Low,3,0
OBS-03037,2022-05-06,Central_Valley,Silt,Rice,38.0,91.9,49.9,Blight_Spores,Low,3,0
OBS-03038,2022-08-25,North_Region,Clay,Cotton,24.9,51.6,19.7,Blight_Spores,Low,2,0
OBS-03039,2023-09-22,East_Region,Clay,Rice,21.8,68.1,41.6,Armyworms,Low,1,0
OBS-03040,2022-12-02,East_Region,Silt,Corn,17.8,57.7,10.7,Beetles,Low,1,0
OBS-03041,2022-03-03,North_Region,Silt,Corn,24.9,84.4,41.7,Whiteflies,Low,2,0
OBS-03042,2022-06-22,West_Region,Sandy,Tomato,21.9,83.2,28.4,Beetles,Low,2,0
OBS-03043,2022-09-12,Central_Valley,Sandy,Soybean,12.4,56.1,48.0,Armyworms,Low,0,0
OBS-03044,2022-12-12,West_Region,Clay,Soybean,15.8,79.8,33.4,Armyworms,Low,1,0
OBS-03045,2022-05-13,East_Region,Clay,Wheat,20.0,72.8,12.6,Aphids,Low,3,0
OBS-03046,2023-11-04,East_Region,Sandy,Tomato,23.4,32.8,20.4,Blight_Spores,Low,3,0
OBS-03047,2022-02-10,Central_Valley,Loam,Soybean,39.3,84.1,31.3,Armyworms,Medium,5,1
OBS-03048,2023-08-20,South_Region,Clay,Corn,19.0,80.8,25.9,Aphids,Low,2,0
OBS-03049,2023-06-19,East_Region,Clay,Wheat,18.2,74.3,2.4,Aphids,Low,2,0
OBS-03050,2022-12-14,West_Region,Sandy,Cotton,13.2,35.0,40.3,Blight_Spores,Low,1,0
OBS-03051,2022-02-01,North_Region,Loam,Soybean,22.1,84.2,34.5,Beetles,Low,1,0
OBS-03052,2022-05-26,North_Region,Clay,Corn,38.8,33.8,3.0,Armyworms,Medium,6,1
OBS-03053,2023-06-13,North_Region,Silt,Corn,37.1,93.7,12.2,Beetles,Medium,4,1
OBS-03054,2022-11-04,South_Region,Clay,Wheat,11.6,89.0,25.6,Blight_Spores,Low,1,0
OBS-03055,2023-07-05,North_Region,Sandy,Cotton,33.8,56.0,9.9,Whiteflies,Medium,5,1
OBS-03056,2023-09-23,Central_Valley,Loam,Wheat,30.1,43.3,22.1,Blight_Spores,Medium,4,1
OBS-03057,2023-09-01,East_Region,Sandy,Wheat,20.8,46.5,37.3,Blight_Spores,Low,0,0
OBS-03058,2023-11-09,Central_Valley,Loam,Barley,11.4,42.3,8.6,Aphids,Low,0,0
OBS-03059,2023-11-14,North_Region,Loam,Tomato,27.2,72.7,18.2,Aphids,Medium,4,1
OBS-03060,2022-05-16,Central_Valley,Sandy,Wheat,31.5,35.7,45.4,Blight_Spores,Medium,5,1
OBS-03061,2023-04-27,West_Region,Sandy,Cotton,31.9,88.8,8.8,Armyworms,Medium,6,1
OBS-03062,2022-04-12,West_Region,Silt,Wheat,30.3,71.3,43.5,Aphids,Medium,4,1
OBS-03063,2022-09-26,East_Region,Sandy,Tomato,15.3,68.3,23.5,Aphids,Low,2,0
OBS-03064,2023-04-25,East_Region,Clay,Wheat,23.3,92.8,38.1,Aphids,Low,2,0
OBS-03065,2023-07-04,West_Region,Clay,Soybean,27.9,51.4,22.0,Aphids,Medium,4,1
OBS-03066,2023-07-31,Central_Valley,Loam,Corn,29.3,49.4,30.5,Whiteflies,Low,3,0
OBS-03067,2023-02-10,South_Region,Silt,Corn,28.3,75.1,0.4,Beetles,Medium,6,1
OBS-03068,2022-02-19,Central_Valley,Clay,Barley,23.7,55.2,27.9,Whiteflies,Low,1,0
OBS-03069,2023-08-20,North_Region,Sandy,Tomato,25.2,33.7,42.0,Whiteflies,Low,3,0
OBS-03070,2023-03-25,South_Region,Clay,Rice,21.2,69.8,32.3,Blight_Spores,Low,0,0
OBS-03071,2023-04-06,Central_Valley,Silt,Corn,19.4,89.2,46.3,Beetles,Low,1,0
OBS-03072,2022-02-24,North_Region,Silt,Soybean,10.3,76.5,19.1,Beetles,Medium,4,1
OBS-03073,2022-11-19,South_Region,Clay,Wheat,30.2,85.5,10.4,Whiteflies,Low,1,0
OBS-03074,2023-10-15,Central_Valley,Sandy,Wheat,23.2,77.7,22.3,Whiteflies,Low,2,0
OBS-03075,2023-07-15,South_Region,Sandy,Barley,25.0,79.0,5.8,Whiteflies,Low,3,0
OBS-03076,2023-03-10,Central_Valley,Clay,Barley,24.3,43.8,26.9,Beetles,Low,1,0
OBS-03077,2022-07-01,Central_Valley,Clay,Tomato,17.9,57.6,31.6,Blight_Spores,Medium,5,1
OBS-03078,2023-02-21,East_Region,Sandy,Corn,17.9,76.0,17.8,Whiteflies,Low,2,0
OBS-03079,2022-10-12,South_Region,Loam,Corn,10.6,54.0,23.4,Armyworms,Low,2,0
OBS-03080,2023-06-09,North_Region,Silt,Wheat,25.2,72.5,33.0,Beetles,Low,3,0
OBS-03081,2023-03-26,East_Region,Silt,Rice,31.6,35.7,21.3,Blight_Spores,Low,2,0
OBS-03082,2023-04-12,Central_Valley,Silt,Cotton,20.7,46.7,49.7,Whiteflies,Low,2,0
OBS-03083,2022-01-30,East_Region,Silt,Rice,12.6,49.9,2.1,Blight_Spores,Low,2,0
OBS-03084,2023-11-02,South_Region,Silt,Wheat,28.2,30.8,44.9,Whiteflies,Low,0,0
OBS-03085,2022-11-02,Central_Valley,Silt,Tomato,34.6,46.9,18.0,Blight_Spores,High,8,1
OBS-03086,2023-09-11,South_Region,Silt,Tomato,39.2,46.5,36.9,Whiteflies,Medium,6,1
OBS-03087,2023-01-15,North_Region,Sandy,Rice,25.0,83.9,23.1,Aphids,Low,2,0
OBS-03088,2022-05-31,East_Region,Loam,Corn,13.4,43.9,46.5,Beetles,Low,0,0
OBS-03089,2022-03-04,West_Region,Clay,Tomato,19.3,94.7,35.4,Armyworms,Low,3,0
OBS-03090,2022-03-02,North_Region,Loam,Cotton,11.3,42.6,36.7,Beetles,Low,3,0
OBS-03091,2022-11-29,North_Region,Sandy,Barley,34.8,38.1,25.4,Aphids,Low,1,0
OBS-03092,2023-04-29,East_Region,Sandy,Wheat,12.6,76.6,11.1,Aphids,Low,1,0
OBS-03093,2023-04-01,South_Region,Clay,Tomato,34.3,92.5,2.4,Beetles,High,10,1
OBS-03094,2022-06-23,East_Region,Loam,Tomato,18.8,43.9,48.7,Aphids,Low,2,0
OBS-03095,2022-06-21,South_Region,Clay,Wheat,22.3,34.5,28.2,Whiteflies,Low,0,0
OBS-03096,2023-06-27,North_Region,Clay,Wheat,35.2,90.3,9.6,Armyworms,Low,2,0
OBS-03097,2022-02-12,Central_Valley,Silt,Barley,10.9,38.2,38.8,Beetles,Low,0,0
OBS-03098,2023-07-07,North_Region,Loam,Cotton,17.7,45.5,22.3,Blight_Spores,Low,1,0
OBS-03099,2023-02-17,West_Region,Loam,Soybean,36.5,47.2,42.6,Beetles,Medium,4,1
OBS-03100,2022-02-15,West_Region,Clay,Tomato,32.2,32.3,30.1,Whiteflies,Medium,4,1
OBS-03101,2022-02-12,North_Region,Sandy,Barley,18.0,55.6,40.4,Beetles,Low,0,0
OBS-03102,2022-04-06,Central_Valley,Silt,Wheat,28.9,80.4,19.0,Aphids,Low,3,0
OBS-03103,2022-10-08,East_Region,Loam,Barley,11.4,84.1,21.8,Whiteflies,Low,1,0
OBS-03104,2022-12-28,South_Region,Loam,Tomato,25.9,67.1,12.2,Beetles,Medium,5,1
OBS-03105,2022-12-14,East_Region,Silt,Barley,12.2,39.4,36.7,Whiteflies,Low,0,0
OBS-03106,2023-09-11,East_Region,Clay,Wheat,33.5,95.0,2.0,Aphids,Medium,6,1
OBS-03107,2022-06-23,East_Region,Sandy,Rice,10.7,82.3,1.4,Armyworms,Low,1,0
OBS-03108,2023-07-20,East_Region,Sandy,Barley,21.7,48.6,44.3,Beetles,Low,0,0
OBS-03109,2022-05-28,North_Region,Silt,Rice,37.7,44.8,15.3,Blight_Spores,Low,3,0
OBS-03110,2022-04-30,East_Region,Sandy,Barley,25.4,63.2,27.9,Whiteflies,Medium,4,1
OBS-03111,2022-05-26,South_Region,Silt,Corn,12.4,74.8,37.9,Whiteflies,Low,3,0
OBS-03112,2023-05-02,West_Region,Loam,Corn,25.9,66.6,35.0,Armyworms,Low,2,0
OBS-03113,2022-03-10,West_Region,Loam,Tomato,15.6,33.0,22.1,Blight_Spores,Low,3,0
OBS-03114,2023-09-23,East_Region,Clay,Corn,15.6,51.6,19.0,Whiteflies,Low,1,0
OBS-03115,2022-05-31,North_Region,Clay,Tomato,26.9,45.6,40.4,Aphids,Medium,4,1
OBS-03116,2023-07-27,West_Region,Sandy,Corn,38.3,56.9,15.1,Armyworms,Low,3,0
OBS-03117,2023-09-11,Central_Valley,Loam,Barley,14.2,70.8,19.6,Armyworms,Low,3,0
OBS-03118,2022-01-31,East_Region,Loam,Rice,20.8,54.0,18.8,Armyworms,Low,0,0
OBS-03119,2023-08-10,North_Region,Sandy,Cotton,21.8,94.5,2.1,Aphids,Medium,4,1
OBS-03120,2022-06-16,South_Region,Sandy,Cotton,22.5,44.5,38.5,Aphids,Low,0,0
OBS-03121,2023-11-27,Central_Valley,Clay,Soybean,39.2,41.7,22.8,Whiteflies,Low,1,0
OBS-03122,2023-01-27,South_Region,Silt,Cotton,36.7,63.3,46.8,Blight_Spores,Low,2,0
OBS-03123,2022-11-29,West_Region,Clay,Soybean,14.6,94.5,32.9,Aphids,Low,2,0
OBS-03124,2022-03-13,West_Region,Clay,Soybean,30.3,73.2,4.0,Beetles,Low,1,0
OBS-03125,2022-07-17,West_Region,Sandy,Soybean,24.9,61.6,0.3,Blight_Spores,Low,1,0
OBS-03126,2022-06-30,West_Region,Loam,Cotton,26.9,43.6,25.3,Aphids,Medium,4,1
OBS-03127,2023-04-08,North_Region,Clay,Tomato,31.2,83.9,10.2,Aphids,Medium,5,1
OBS-03128,2023-08-08,East_Region,Loam,Soybean,29.9,65.5,41.4,Whiteflies,Low,2,0
OBS-03129,2023-02-12,East_Region,Loam,Tomato,21.5,53.1,28.2,Armyworms,Low,3,0
OBS-03130,2023-03-15,South_Region,Silt,Wheat,20.4,66.4,24.4,Aphids,Low,0,0
OBS-03131,2023-03-29,North_Region,Clay,Soybean,10.3,68.5,20.4,Whiteflies,Low,3,0
OBS-03132,2022-01-19,East_Region,Clay,Barley,28.3,32.3,0.4,Aphids,Low,3,0
OBS-03133,2023-04-18,Central_Valley,Loam,Rice,35.2,38.7,0.4,Armyworms,Medium,4,1
OBS-03134,2022-06-07,North_Region,Sandy,Corn,11.0,89.1,23.2,Blight_Spores,Low,2,0
OBS-03135,2022-11-20,Central_Valley,Silt,Corn,34.1,77.1,26.1,Blight_Spores,Medium,6,1
OBS-03136,2022-03-31,West_Region,Clay,Wheat,23.8,59.2,6.5,Beetles,Low,2,0
OBS-03137,2023-04-30,East_Region,Clay,Wheat,25.4,65.2,26.5,Armyworms,Low,2,0
OBS-03138,2023-04-30,North_Region,Clay,Cotton,24.4,89.7,3.5,Armyworms,Low,3,0
OBS-03139,2023-11-08,North_Region,Sandy,Rice,21.8,33.5,8.9,Armyworms,Low,2,0
OBS-03140,2022-10-03,South_Region,Sandy,Cotton,13.1,55.4,48.8,Aphids,Low,1,0
OBS-03141,2022-03-21,North_Region,Loam,Corn,36.0,78.4,20.0,Armyworms,Medium,5,1
OBS-03142,2022-07-03,East_Region,Sandy,Cotton,26.5,80.1,10.1,Whiteflies,Medium,5,1
OBS-03143,2022-08-27,Central_Valley,Sandy,Tomato,37.8,64.5,6.4,Beetles,Low,3,0
OBS-03144,2022-05-24,East_Region,Silt,Cotton,17.6,41.3,47.4,Armyworms,Medium,4,1
OBS-03145,2022-02-11,Central_Valley,Silt,Rice,17.9,45.2,25.9,Aphids,Low,0,0
OBS-03146,2023-03-03,South_Region,Sandy,Cotton,36.9,42.4,5.0,Aphids,Medium,4,1
OBS-03147,2022-07-18,North_Region,Sandy,Soybean,17.9,78.5,10.1,Whiteflies,Medium,4,1
OBS-03148,2023-09-11,East_Region,Clay,Tomato,10.7,36.4,19.0,Armyworms,Low,0,0
OBS-03149,2022-09-04,North_Region,Silt,Rice,23.4,62.7,24.4,Aphids,Low,1,0
OBS-03150,2022-05-10,East_Region,Sandy,Wheat,12.2,63.9,35.6,Aphids,Low,0,0
OBS-03151,2023-01-22,North_Region,Silt,Tomato,22.2,63.3,33.0,Whiteflies,Low,1,0
OBS-03152,2022-02-03,South_Region,Sandy,Corn,13.0,31.6,4.2,Aphids,Low,1,0
OBS-03153,2023-11-13,West_Region,Sandy,Wheat,14.0,73.5,49.4,Whiteflies,Low,1,0
OBS-03154,2022-12-27,Central_Valley,Sandy,Tomato,14.9,62.2,10.2,Armyworms,Low,1,0
OBS-03155,2023-11-18,East_Region,Silt,Barley,34.6,56.0,19.9,Blight_Spores,Medium,4,1
OBS-03156,2022-07-19,West_Region,Loam,Wheat,30.7,46.9,13.8,Armyworms,Low,2,0
OBS-03157,2023-05-31,South_Region,Sandy,Soybean,14.2,59.4,40.4,Beetles,Low,0,0
OBS-03158,2023-11-27,South_Region,Silt,Soybean,21.1,84.2,32.0,Aphids,Low,2,0
OBS-03159,2023-07-30,North_Region,Loam,Barley,20.5,40.8,11.0,Blight_Spores,Low,1,0
OBS-03160,2022-09-14,Central_Valley,Silt,Corn,39.5,51.8,36.8,Whiteflies,Low,2,0
OBS-03161,2022-11-30,East_Region,Silt,Tomato,15.4,48.2,27.2,Aphids,Medium,5,1
OBS-03162,2023-08-29,North_Region,Silt,Cotton,31.1,87.8,22.8,Whiteflies,Medium,4,1
OBS-03163,2023-07-16,West_Region,Sandy,Wheat,15.2,80.5,14.9,Blight_Spores,Medium,4,1
OBS-03164,2022-01-08,West_Region,Sandy,Barley,29.6,74.6,17.4,Whiteflies,Low,1,0
OBS-03165,2023-03-05,Central_Valley,Clay,Barley,15.5,85.8,29.7,Armyworms,Low,1,0
OBS-03166,2023-09-19,Central_Valley,Sandy,Soybean,11.1,67.9,1.3,Armyworms,Low,1,0
OBS-03167,2023-11-25,South_Region,Loam,Soybean,34.3,48.8,8.9,Whiteflies,Medium,4,1
OBS-03168,2022-02-24,Central_Valley,Clay,Rice,27.5,43.8,11.3,Whiteflies,Low,0,0
OBS-03169,2022-10-14,South_Region,Silt,Wheat,37.4,61.7,25.2,Aphids,Low,3,0
OBS-03170,2022-06-18,East_Region,Clay,Barley,38.8,83.6,40.3,Aphids,Medium,4,1
OBS-03171,2022-06-05,North_Region,Silt,Wheat,23.0,30.5,18.5,Armyworms,Low,0,0
OBS-03172,2022-07-11,Central_Valley,Loam,Tomato,22.6,91.6,33.1,Beetles,Medium,5,1
OBS-03173,2023-05-30,East_Region,Clay,Cotton,30.7,74.8,44.8,Whiteflies,High,7,1
OBS-03174,2023-06-25,South_Region,Loam,Rice,27.6,71.6,36.7,Beetles,Medium,5,1
OBS-03175,2023-08-06,South_Region,Sandy,Wheat,26.3,75.1,28.4,Aphids,Low,3,0
OBS-03176,2022-08-24,East_Region,Loam,Wheat,31.6,50.4,14.3,Aphids,Medium,5,1
OBS-03177,2022-10-05,North_Region,Clay,Rice,18.7,59.9,40.7,Blight_Spores,Low,0,0
OBS-03178,2023-06-28,North_Region,Silt,Cotton,30.5,33.5,34.9,Armyworms,Low,2,0
OBS-03179,2023-08-10,South_Region,Sandy,Wheat,22.1,76.1,41.3,Whiteflies,Low,3,0
OBS-03180,2022-07-25,North_Region,Silt,Corn,39.6,75.9,22.3,Aphids,Medium,4,1
OBS-03181,2022-11-16,Central_Valley,Silt,Corn,32.2,71.9,32.5,Blight_Spores,Medium,5,1
OBS-03182,2023-02-20,West_Region,Clay,Wheat,16.7,90.1,31.7,Armyworms,Low,1,0
OBS-03183,2022-11-02,West_Region,Clay,Barley,37.4,44.8,12.5,Whiteflies,Low,3,0
OBS-03184,2023-05-09,West_Region,Loam,Tomato,26.6,82.7,31.6,Blight_Spores,Medium,4,1
OBS-03185,2023-03-11,Central_Valley,Sandy,Cotton,35.1,44.1,17.7,Armyworms,Low,3,0
OBS-03186,2023-09-07,West_Region,Silt,Soybean,15.3,76.9,30.6,Whiteflies,Low,3,0
OBS-03187,2023-03-07,North_Region,Sandy,Soybean,24.9,55.6,17.1,Armyworms,Low,1,0
OBS-03188,2022-04-30,North_Region,Sandy,Cotton,34.6,81.9,9.3,Blight_Spores,Medium,6,1
OBS-03189,2023-10-23,North_Region,Silt,Tomato,32.4,69.7,11.7,Beetles,Medium,4,1
OBS-03190,2022-01-22,West_Region,Silt,Corn,14.8,69.5,39.4,Beetles,Low,2,0
OBS-03191,2023-05-17,North_Region,Loam,Rice,33.0,49.4,2.2,Beetles,Medium,4,1
OBS-03192,2022-04-07,North_Region,Sandy,Wheat,28.4,93.0,6.9,Blight_Spores,Medium,5,1
OBS-03193,2023-04-06,Central_Valley,Loam,Cotton,20.7,37.7,5.5,Whiteflies,Low,1,0
OBS-03194,2022-05-03,East_Region,Silt,Cotton,19.3,33.6,24.2,Beetles,Low,0,0
OBS-03195,2022-02-25,South_Region,Loam,Wheat,26.4,51.7,8.8,Whiteflies,Low,2,0
OBS-03196,2023-04-11,West_Region,Sandy,Corn,23.7,44.4,48.2,Armyworms,Low,1,0
OBS-03197,2022-09-03,South_Region,Silt,Cotton,36.0,44.8,48.3,Whiteflies,Medium,4,1
OBS-03198,2022-04-27,East_Region,Sandy,Rice,16.3,88.5,48.0,Beetles,Medium,5,1
OBS-03199,2023-09-04,Central_Valley,Loam,Barley,21.5,84.9,39.8,Whiteflies,Low,1,0
OBS-03200,2022-12-25,South_Region,Clay,Wheat,23.9,45.5,19.6,Beetles,Low,1,0
OBS-03201,2023-05-19,West_Region,Silt,Corn,24.3,35.6,14.0,Blight_Spores,Low,0,0
OBS-03202,2022-04-11,South_Region,Clay,Soybean,30.5,41.1,42.8,Aphids,Low,3,0
OBS-03203,2022-10-16,South_Region,Clay,Corn,15.7,61.0,12.4,Aphids,Low,2,0
OBS-03204,2022-10-11,Central_Valley,Sandy,Soybean,25.3,86.8,48.7,Armyworms,Low,3,0
OBS-03205,2023-06-19,East_Region,Silt,Tomato,12.8,69.8,21.9,Aphids,Low,2,0
OBS-03206,2023-03-21,West_Region,Clay,Wheat,33.0,30.5,49.9,Armyworms,Medium,4,1
OBS-03207,2023-08-01,East_Region,Clay,Cotton,34.2,78.2,25.0,Whiteflies,Low,3,0
OBS-03208,2023-11-25,West_Region,Silt,Soybean,34.4,88.1,9.0,Aphids,High,7,1
OBS-03209,2022-10-08,South_Region,Sandy,Wheat,39.4,82.7,38.4,Blight_Spores,High,7,1
OBS-03210,2023-10-27,West_Region,Loam,Rice,16.5,81.5,34.5,Blight_Spores,Low,0,0
OBS-03211,2022-01-23,Central_Valley,Sandy,Barley,33.2,56.3,10.5,Blight_Spores,Medium,4,1
OBS-03212,2023-02-03,South_Region,Loam,Corn,18.4,53.2,37.1,Aphids,Low,1,0
OBS-03213,2022-02-24,West_Region,Silt,Rice,10.4,63.6,37.9,Whiteflies,Low,0,0
OBS-03214,2022-11-03,West_Region,Clay,Corn,37.8,32.7,49.3,Aphids,Medium,4,1
OBS-03215,2023-05-10,West_Region,Sandy,Corn,23.9,53.4,30.6,Aphids,Low,0,0
OBS-03216,2022-06-03,South_Region,Clay,Corn,16.0,40.1,43.8,Aphids,Low,3,0
OBS-03217,2023-10-15,Central_Valley,Clay,Rice,35.3,78.7,26.0,Beetles,Medium,4,1
OBS-03218,2022-07-18,Central_Valley,Clay,Barley,17.3,79.0,21.7,Armyworms,Low,2,0
OBS-03219,2023-10-17,South_Region,Silt,Corn,38.7,40.5,6.7,Blight_Spores,Medium,5,1
OBS-03220,2023-04-11,West_Region,Sandy,Soybean,21.6,57.5,24.1,Beetles,Low,0,0
OBS-03221,2023-03-11,North_Region,Silt,Cotton,25.5,75.8,34.9,Blight_Spores,Medium,4,1
OBS-03222,2022-07-15,West_Region,Loam,Rice,25.6,67.5,15.2,Armyworms,Low,2,0
OBS-03223,2023-07-03,North_Region,Silt,Rice,16.4,69.6,2.6,Blight_Spores,Low,2,0
OBS-03224,2022-06-20,South_Region,Loam,Wheat,30.5,62.9,49.1,Blight_Spores,Low,2,0
OBS-03225,2022-04-26,West_Region,Silt,Rice,39.5,31.1,41.5,Beetles,Medium,4,1
OBS-03226,2022-05-19,West_Region,Loam,Tomato,32.4,35.9,43.4,Blight_Spores,High,10,1
OBS-03227,2023-02-19,Central_Valley,Clay,Soybean,24.9,35.4,13.7,Whiteflies,Low,0,0
OBS-03228,2023-07-09,East_Region,Clay,Rice,15.5,72.4,45.4,Beetles,Low,1,0
OBS-03229,2023-10-13,Central_Valley,Sandy,Rice,20.2,30.7,12.2,Blight_Spores,Low,1,0
OBS-03230,2022-08-29,North_Region,Clay,Wheat,38.6,57.1,41.0,Whiteflies,Low,2,0
OBS-03231,2022-08-20,North_Region,Clay,Rice,37.4,45.6,39.6,Blight_Spores,Low,1,0
OBS-03232,2023-08-04,East_Region,Sandy,Rice,38.0,39.5,17.8,Aphids,Medium,4,1
OBS-03233,2023-01-23,North_Region,Loam,Rice,20.5,31.8,15.9,Beetles,Low,1,0
OBS-03234,2022-05-05,West_Region,Loam,Corn,26.5,84.6,37.1,Aphids,Medium,4,1
OBS-03235,2023-08-24,West_Region,Sandy,Barley,16.6,37.7,15.7,Blight_Spores,Low,1,0
OBS-03236,2023-04-24,Central_Valley,Loam,Wheat,18.4,78.8,1.9,Whiteflies,Low,2,0
OBS-03237,2023-06-18,North_Region,Loam,Wheat,36.4,56.7,10.5,Armyworms,Low,2,0
OBS-03238,2023-02-17,West_Region,Loam,Tomato,22.1,52.1,4.1,Blight_Spores,Low,2,0
OBS-03239,2022-03-13,Central_Valley,Loam,Wheat,27.0,86.6,18.8,Blight_Spores,Low,1,0
OBS-03240,2023-02-23,Central_Valley,Sandy,Barley,18.8,47.0,6.0,Whiteflies,Low,1,0
OBS-03241,2022-02-04,North_Region,Clay,Rice,33.1,74.0,47.0,Armyworms,Low,3,0
OBS-03242,2023-05-24,East_Region,Clay,Rice,10.2,60.1,38.3,Aphids,Low,0,0
OBS-03243,2022-11-13,South_Region,Silt,Soybean,36.8,92.2,47.6,Beetles,Low,1,0
OBS-03244,2022-08-14,North_Region,Clay,Soybean,22.9,34.6,2.5,Armyworms,Low,3,0
OBS-03245,2023-01-06,South_Region,Sandy,Tomato,21.2,40.1,38.7,Whiteflies,High,8,1
OBS-03246,2023-07-10,Central_Valley,Silt,Wheat,15.5,91.0,28.0,Whiteflies,Low,3,0
OBS-03247,2023-03-17,North_Region,Clay,Barley,25.2,49.3,39.9,Armyworms,Low,3,0
OBS-03248,2022-09-02,Central_Valley,Clay,Cotton,12.1,51.2,49.5,Armyworms,Low,0,0
OBS-03249,2023-07-06,Central_Valley,Loam,Wheat,33.3,60.6,47.1,Whiteflies,High,7,1
OBS-03250,2023-01-31,North_Region,Clay,Rice,18.8,50.8,17.7,Armyworms,Low,1,0
OBS-03251,2022-09-21,North_Region,Clay,Soybean,30.2,78.3,22.7,Armyworms,Low,2,0
OBS-03252,2023-07-07,North_Region,Silt,Soybean,39.3,72.3,11.8,Blight_Spores,Medium,5,1
OBS-03253,2022-08-19,East_Region,Loam,Soybean,17.9,80.8,17.4,Aphids,Low,2,0
OBS-03254,2022-12-13,South_Region,Clay,Rice,15.7,86.4,48.9,Whiteflies,Low,3,0
OBS-03255,2022-11-06,Central_Valley,Loam,Rice,18.7,65.4,49.3,Armyworms,Low,0,0
OBS-03256,2023-06-19,South_Region,Sandy,Soybean,16.9,45.1,6.6,Blight_Spores,Low,1,0
OBS-03257,2023-09-13,North_Region,Loam,Corn,21.6,83.8,18.8,Blight_Spores,Low,1,0
OBS-03258,2023-11-03,South_Region,Sandy,Corn,35.3,41.7,25.9,Armyworms,Medium,5,1
OBS-03259,2023-09-10,West_Region,Sandy,Tomato,19.9,78.6,18.5,Whiteflies,Medium,6,1
OBS-03260,2023-11-27,North_Region,Loam,Soybean,39.4,52.3,10.5,Armyworms,Medium,6,1
OBS-03261,2022-03-18,Central_Valley,Loam,Soybean,14.6,58.7,12.7,Aphids,Low,0,0
OBS-03262,2022-07-07,West_Region,Silt,Wheat,20.8,93.9,38.6,Whiteflies,Low,0,0
OBS-03263,2023-10-25,East_Region,Loam,Cotton,28.5,73.7,22.2,Beetles,Low,3,0
OBS-03264,2022-02-21,Central_Valley,Silt,Tomato,31.5,76.6,16.0,Aphids,Low,3,0
OBS-03265,2022-06-11,Central_Valley,Silt,Tomato,37.9,86.4,40.2,Aphids,High,7,1
OBS-03266,2023-04-20,North_Region,Clay,Rice,36.4,33.0,18.8,Aphids,Medium,5,1
OBS-03267,2022-05-15,East_Region,Clay,Wheat,31.6,41.8,22.5,Aphids,Low,0,0
OBS-03268,2023-05-02,West_Region,Loam,Corn,35.5,69.5,26.4,Blight_Spores,Medium,6,1
OBS-03269,2023-02-26,Central_Valley,Clay,Wheat,10.5,43.5,33.6,Aphids,Low,0,0
OBS-03270,2022-02-26,East_Region,Clay,Cotton,12.8,39.3,35.8,Blight_Spores,Low,2,0
OBS-03271,2023-03-23,West_Region,Sandy,Soybean,31.5,33.4,19.1,Whiteflies,Medium,6,1
OBS-03272,2023-09-12,West_Region,Clay,Barley,37.2,57.8,38.9,Blight_Spores,Medium,4,1
OBS-03273,2023-06-19,West_Region,Loam,Tomato,33.4,48.7,16.8,Beetles,High,8,1
OBS-03274,2022-11-16,North_Region,Silt,Barley,28.4,36.6,14.1,Armyworms,Low,2,0
OBS-03275,2022-11-09,South_Region,Clay,Wheat,35.0,94.0,31.0,Whiteflies,Medium,6,1
OBS-03276,2023-08-27,Central_Valley,Clay,Corn,32.6,60.3,45.3,Whiteflies,Medium,4,1
OBS-03277,2022-05-11,Central_Valley,Sandy,Corn,18.1,88.5,16.1,Blight_Spores,Medium,5,1
OBS-03278,2022-08-06,East_Region,Silt,Corn,12.9,61.8,13.1,Blight_Spores,Low,2,0
OBS-03279,2023-08-09,East_Region,Clay,Soybean,30.1,33.0,7.8,Beetles,Low,0,0
OBS-03280,2023-08-26,Central_Valley,Sandy,Cotton,23.2,84.8,5.1,Aphids,Medium,4,1
OBS-03281,2022-10-10,West_Region,Loam,Soybean,10.5,40.1,46.1,Aphids,Low,3,0
OBS-03282,2022-04-19,Central_Valley,Silt,Barley,21.8,72.9,43.5,Blight_Spores,Low,0,0
OBS-03283,2022-09-21,East_Region,Silt,Rice,28.9,40.0,24.4,Blight_Spores,Low,3,0
OBS-03284,2022-05-30,South_Region,Clay,Soybean,38.1,46.4,44.7,Armyworms,Medium,4,1
OBS-03285,2022-09-04,Central_Valley,Silt,Soybean,20.2,65.2,5.5,Beetles,Low,2,0
OBS-03286,2022-12-21,Central_Valley,Silt,Corn,18.7,64.8,18.5,Whiteflies,Low,3,0
OBS-03287,2022-02-24,North_Region,Sandy,Tomato,14.3,41.4,41.4,Beetles,Low,3,0
OBS-03288,2023-10-27,West_Region,Loam,Corn,35.7,43.2,34.9,Beetles,Medium,5,1
OBS-03289,2022-08-10,East_Region,Sandy,Corn,17.8,32.9,47.8,Armyworms,Low,1,0
OBS-03290,2023-02-13,South_Region,Silt,Corn,26.2,61.9,18.6,Aphids,Medium,6,1
OBS-03291,2023-01-23,North_Region,Silt,Corn,30.1,79.4,41.2,Beetles,Low,3,0
OBS-03292,2022-08-16,West_Region,Sandy,Corn,25.0,84.4,4.7,Aphids,Low,2,0
OBS-03293,2023-05-31,Central_Valley,Loam,Corn,30.7,81.3,25.1,Aphids,Low,1,0
OBS-03294,2022-10-04,West_Region,Loam,Wheat,27.0,75.7,10.1,Blight_Spores,Low,2,0
OBS-03295,2022-02-25,North_Region,Clay,Cotton,29.7,39.6,38.5,Aphids,Low,3,0
OBS-03296,2022-08-28,East_Region,Silt,Cotton,14.0,53.8,27.3,Blight_Spores,Low,2,0
OBS-03297,2023-09-22,East_Region,Loam,Cotton,19.4,56.7,41.1,Whiteflies,Low,3,0
OBS-03298,2023-10-12,South_Region,Silt,Rice,33.7,31.0,46.2,Aphids,Low,2,0
OBS-03299,2022-03-17,West_Region,Loam,Barley,18.4,48.0,44.5,Armyworms,Low,2,0
OBS-03300,2023-04-10,North_Region,Sandy,Barley,37.5,66.4,21.7,Beetles,Low,2,0
OBS-03301,2023-06-08,West_Region,Loam,Rice,17.1,90.3,26.2,Whiteflies,Low,3,0
OBS-03302,2022-12-12,South_Region,Clay,Barley,24.7,54.8,24.3,Beetles,Low,0,0
OBS-03303,2023-03-10,East_Region,Sandy,Barley,34.1,46.7,28.2,Blight_Spores,Medium,6,1
OBS-03304,2023-02-15,West_Region,Sandy,Cotton,38.9,77.2,47.4,Whiteflies,Medium,5,1
OBS-03305,2022-07-24,East_Region,Sandy,Corn,39.9,83.2,23.3,Armyworms,Medium,6,1
OBS-03306,2022-05-13,North_Region,Loam,Cotton,23.6,53.2,39.7,Blight_Spores,Low,1,0
OBS-03307,2023-05-15,West_Region,Clay,Barley,19.8,48.5,11.5,Beetles,Low,0,0
OBS-03308,2023-04-29,Central_Valley,Silt,Soybean,10.9,81.6,28.4,Beetles,Low,1,0
OBS-03309,2022-04-19,South_Region,Sandy,Tomato,24.7,52.9,14.2,Blight_Spores,Low,3,0
OBS-03310,2022-03-01,West_Region,Sandy,Tomato,13.3,51.7,12.6,Armyworms,Low,2,0
OBS-03311,2023-08-16,Central_Valley,Clay,Cotton,32.8,51.9,9.8,Whiteflies,Medium,5,1
OBS-03312,2022-07-16,West_Region,Silt,Corn,24.8,37.3,35.6,Blight_Spores,Low,1,0
OBS-03313,2023-01-30,Central_Valley,Silt,Rice,39.1,64.5,26.3,Beetles,Medium,4,1
OBS-03314,2023-08-24,West_Region,Silt,Wheat,12.6,67.8,4.7,Blight_Spores,Low,3,0
OBS-03315,2022-06-22,South_Region,Silt,Soybean,27.5,70.4,8.9,Armyworms,Low,3,0
OBS-03316,2022-11-19,West_Region,Sandy,Tomato,17.5,34.6,31.5,Whiteflies,Medium,5,1
OBS-03317,2023-03-23,North_Region,Silt,Tomato,39.3,92.7,49.6,Blight_Spores,Medium,4,1
OBS-03318,2022-11-22,Central_Valley,Sandy,Wheat,13.1,58.0,3.1,Armyworms,Low,1,0
OBS-03319,2023-08-31,North_Region,Loam,Soybean,33.3,48.5,32.4,Aphids,Low,0,0
OBS-03320,2022-04-09,South_Region,Loam,Wheat,31.2,66.3,30.1,Blight_Spores,Low,2,0
OBS-03321,2022-03-29,East_Region,Loam,Soybean,14.0,55.1,17.2,Aphids,Low,1,0
OBS-03322,2023-07-04,East_Region,Sandy,Cotton,15.3,84.5,1.1,Armyworms,Low,2,0
OBS-03323,2022-12-13,North_Region,Silt,Barley,28.9,74.3,4.0,Blight_Spores,Low,3,0
OBS-03324,2023-01-28,East_Region,Loam,Tomato,39.9,85.5,0.8,Beetles,Medium,6,1
OBS-03325,2022-04-20,South_Region,Clay,Soybean,11.0,37.9,23.5,Aphids,Low,1,0
OBS-03326,2022-06-29,West_Region,Silt,Tomato,13.6,72.7,41.2,Beetles,Low,2,0
OBS-03327,2022-08-03,North_Region,Loam,Tomato,25.4,39.5,33.6,Blight_Spores,Medium,5,1
OBS-03328,2023-08-23,Central_Valley,Loam,Corn,23.0,74.6,26.2,Beetles,Low,0,0
OBS-03329,2022-01-14,Central_Valley,Clay,Wheat,12.6,70.4,31.1,Whiteflies,Low,1,0
OBS-03330,2022-01-12,Central_Valley,Sandy,Barley,33.6,95.0,2.2,Beetles,Medium,4,1
OBS-03331,2022-11-08,West_Region,Silt,Soybean,22.6,89.7,10.8,Blight_Spores,Low,3,0
OBS-03332,2023-10-01,East_Region,Clay,Wheat,10.3,51.8,35.5,Aphids,Low,1,0
OBS-03333,2023-09-28,North_Region,Loam,Cotton,30.2,49.0,11.2,Armyworms,Low,3,0
OBS-03334,2022-02-21,North_Region,Sandy,Cotton,34.4,30.1,44.6,Aphids,Medium,6,1
OBS-03335,2022-08-09,East_Region,Silt,Cotton,19.4,34.5,13.3,Armyworms,Low,2,0
OBS-03336,2023-07-31,North_Region,Silt,Cotton,31.3,53.3,40.6,Aphids,Medium,4,1
OBS-03337,2023-02-04,North_Region,Clay,Tomato,36.1,68.7,32.9,Armyworms,Low,3,0
OBS-03338,2022-02-19,West_Region,Sandy,Barley,29.3,93.3,18.3,Whiteflies,Medium,4,1
OBS-03339,2023-09-24,West_Region,Clay,Barley,27.0,52.3,5.0,Whiteflies,Low,0,0
OBS-03340,2022-05-20,Central_Valley,Sandy,Wheat,20.4,56.9,18.5,Whiteflies,Low,2,0
OBS-03341,2022-09-14,North_Region,Silt,Wheat,16.6,88.7,6.2,Whiteflies,Low,1,0
OBS-03342,2022-03-27,North_Region,Loam,Wheat,22.8,67.6,17.8,Whiteflies,Low,0,0
OBS-03343,2023-10-16,South_Region,Silt,Wheat,38.2,41.3,32.6,Blight_Spores,Low,2,0
OBS-03344,2023-05-16,East_Region,Silt,Soybean,31.0,82.1,5.3,Beetles,Low,2,0
OBS-03345,2022-04-13,North_Region,Silt,Cotton,34.4,72.2,36.0,Beetles,Medium,5,1
OBS-03346,2023-10-22,East_Region,Loam,Wheat,34.9,70.4,12.7,Armyworms,Medium,6,1
OBS-03347,2023-11-16,West_Region,Sandy,Barley,34.6,82.6,21.5,Beetles,Low,3,0
OBS-03348,2022-10-08,West_Region,Clay,Wheat,36.4,83.2,3.4,Aphids,Low,3,0
OBS-03349,2023-02-20,Central_Valley,Clay,Soybean,17.1,51.0,20.2,Armyworms,Low,0,0
OBS-03350,2023-04-15,West_Region,Clay,Tomato,17.8,53.0,48.5,Blight_Spores,Medium,4,1
OBS-03351,2023-08-24,South_Region,Clay,Corn,33.2,40.8,18.5,Beetles,Low,3,0
OBS-03352,2022-11-08,West_Region,Sandy,Wheat,18.8,55.3,11.5,Beetles,Low,2,0
OBS-03353,2023-10-15,East_Region,Clay,Corn,14.6,79.0,40.0,Beetles,Low,1,0
OBS-03354,2023-08-10,East_Region,Silt,Cotton,13.5,58.1,40.2,Blight_Spores,Medium,5,1
OBS-03355,2023-07-02,North_Region,Silt,Soybean,34.3,94.4,43.1,Blight_Spores,Medium,5,1
OBS-03356,2022-04-25,East_Region,Clay,Corn,33.4,56.4,49.6,Aphids,Medium,4,1
OBS-03357,2022-06-02,North_Region,Sandy,Soybean,12.7,83.6,10.8,Whiteflies,Low,1,0
OBS-03358,2023-02-10,West_Region,Silt,Soybean,11.9,56.8,3.1,Whiteflies,Low,3,0
OBS-03359,2022-04-25,South_Region,Sandy,Cotton,28.8,71.4,8.3,Beetles,Medium,6,1
OBS-03360,2023-01-13,East_Region,Clay,Soybean,35.5,52.4,23.3,Armyworms,Low,1,0
OBS-03361,2022-02-24,East_Region,Sandy,Rice,27.7,35.3,18.0,Beetles,Low,1,0
OBS-03362,2023-03-05,East_Region,Silt,Rice,37.4,41.2,0.0,Blight_Spores,Low,1,0
OBS-03363,2022-08-21,Central_Valley,Loam,Barley,13.1,47.0,32.4,Whiteflies,Low,1,0
OBS-03364,2023-02-09,South_Region,Silt,Wheat,32.2,64.0,6.3,Beetles,Medium,5,1
OBS-03365,2022-01-14,South_Region,Clay,Rice,34.9,71.3,40.1,Beetles,Low,1,0
OBS-03366,2023-04-05,East_Region,Loam,Tomato,27.1,30.9,3.0,Blight_Spores,Low,3,0
OBS-03367,2022-03-04,Central_Valley,Loam,Corn,32.4,63.4,9.5,Whiteflies,High,8,1
OBS-03368,2023-03-03,North_Region,Clay,Corn,36.9,48.6,15.2,Whiteflies,Medium,5,1
OBS-03369,2022-07-25,Central_Valley,Silt,Soybean,34.5,89.3,12.2,Whiteflies,Low,2,0
OBS-03370,2023-03-29,East_Region,Loam,Wheat,17.5,76.5,17.7,Blight_Spores,Low,1,0
OBS-03371,2023-10-19,South_Region,Sandy,Barley,16.3,35.6,42.3,Whiteflies,Low,1,0
OBS-03372,2023-08-24,East_Region,Silt,Cotton,21.3,43.1,26.7,Blight_Spores,Low,2,0
OBS-03373,2023-06-27,Central_Valley,Silt,Barley,21.4,34.7,16.3,Blight_Spores,Low,0,0
OBS-03374,2023-03-23,West_Region,Sandy,Cotton,26.8,63.1,19.5,Armyworms,Low,3,0
OBS-03375,2023-11-27,East_Region,Sandy,Tomato,23.3,64.0,19.4,Aphids,High,8,1
OBS-03376,2023-03-20,South_Region,Clay,Tomato,27.9,38.8,22.6,Beetles,Low,2,0
OBS-03377,2022-09-13,East_Region,Loam,Corn,18.7,89.6,18.2,Aphids,Low,2,0
OBS-03378,2022-03-25,South_Region,Loam,Cotton,26.2,76.8,10.0,Whiteflies,Low,3,0
OBS-03379,2023-08-04,West_Region,Loam,Barley,36.7,44.2,18.6,Beetles,Medium,6,1
OBS-03380,2022-03-23,Central_Valley,Silt,Rice,31.9,58.3,17.6,Aphids,Low,0,0
OBS-03381,2022-09-18,South_Region,Clay,Rice,36.6,51.3,41.3,Blight_Spores,Low,1,0
OBS-03382,2022-09-21,East_Region,Clay,Barley,38.1,45.0,34.8,Aphids,Low,2,0
OBS-03383,2023-06-03,Central_Valley,Loam,Wheat,11.3,50.2,35.1,Whiteflies,Low,0,0
OBS-03384,2022-02-21,North_Region,Sandy,Soybean,12.0,69.1,37.4,Armyworms,Low,0,0
OBS-03385,2023-11-08,East_Region,Loam,Tomato,35.9,91.1,43.6,Aphids,High,9,1
OBS-03386,2022-07-10,North_Region,Silt,Rice,29.8,30.4,23.6,Blight_Spores,Low,2,0
OBS-03387,2022-12-21,North_Region,Sandy,Cotton,38.9,46.1,1.6,Blight_Spores,Low,3,0
OBS-03388,2022-03-28,North_Region,Silt,Soybean,33.3,87.2,11.6,Armyworms,Medium,6,1
OBS-03389,2023-01-18,Central_Valley,Silt,Barley,14.8,41.1,14.5,Aphids,Low,2,0
OBS-03390,2023-05-19,North_Region,Silt,Tomato,29.7,58.3,26.6,Whiteflies,Medium,5,1
OBS-03391,2023-10-26,East_Region,Loam,Soybean,23.4,56.9,12.1,Blight_Spores,Low,2,0
OBS-03392,2023-07-05,North_Region,Loam,Soybean,36.1,70.1,37.9,Aphids,Low,0,0
OBS-03393,2022-09-14,Central_Valley,Loam,Barley,15.3,38.2,15.6,Whiteflies,Low,0,0
OBS-03394,2022-01-28,West_Region,Sandy,Soybean,22.4,71.4,27.5,Armyworms,Low,0,0
OBS-03395,2023-02-18,East_Region,Silt,Soybean,16.1,67.5,10.5,Blight_Spores,Low,0,0
OBS-03396,2022-11-30,Central_Valley,Silt,Soybean,36.1,38.4,29.6,Whiteflies,Low,2,0
OBS-03397,2022-11-01,Central_Valley,Silt,Cotton,34.2,53.7,11.6,Aphids,Low,1,0
OBS-03398,2022-02-10,East_Region,Loam,Cotton,34.3,87.5,15.3,Aphids,High,8,1
OBS-03399,2023-11-17,Central_Valley,Sandy,Rice,36.3,44.4,10.1,Armyworms,Low,1,0
OBS-03400,2023-09-23,North_Region,Silt,Corn,19.7,51.5,14.5,Whiteflies,Low,1,0
OBS-03401,2022-07-12,Central_Valley,Silt,Corn,22.2,63.6,43.4,Beetles,Low,2,0
OBS-03402,2023-08-05,South_Region,Clay,Soybean,15.9,90.0,12.0,Beetles,Low,3,0
OBS-03403,2023-06-20,West_Region,Loam,Rice,26.6,68.6,47.3,Armyworms,Low,2,0
OBS-03404,2023-05-11,West_Region,Clay,Soybean,28.0,33.0,27.2,Aphids,Medium,4,1
OBS-03405,2023-02-15,Central_Valley,Sandy,Tomato,30.4,75.9,34.9,Blight_Spores,Medium,4,1
OBS-03406,2022-08-25,North_Region,Silt,Tomato,31.8,70.8,36.4,Beetles,Medium,5,1
OBS-03407,2023-10-18,East_Region,Sandy,Wheat,25.5,47.0,8.6,Blight_Spores,Low,1,0
OBS-03408,2022-09-12,West_Region,Loam,Cotton,24.7,90.0,2.0,Blight_Spores,Medium,4,1
OBS-03409,2023-01-20,Central_Valley,Sandy,Soybean,32.4,90.2,48.2,Aphids,Low,2,0
OBS-03410,2023-01-11,North_Region,Loam,Corn,34.1,81.7,30.8,Armyworms,Low,3,0
OBS-03411,2022-06-27,Central_Valley,Loam,Barley,24.7,93.9,43.4,Whiteflies,Low,1,0
OBS-03412,2023-08-13,West_Region,Loam,Cotton,16.2,71.4,40.5,Blight_Spores,High,9,1
OBS-03413,2022-12-15,West_Region,Clay,Cotton,31.6,88.2,7.9,Beetles,Low,2,0
OBS-03414,2022-01-21,North_Region,Sandy,Tomato,19.2,88.0,13.5,Whiteflies,Low,3,0
OBS-03415,2023-08-08,Central_Valley,Silt,Soybean,26.7,61.2,12.1,Armyworms,Low,2,0
OBS-03416,2023-06-11,Central_Valley,Loam,Cotton,25.4,56.4,31.6,Aphids,Low,2,0
OBS-03417,2022-03-09,Central_Valley,Clay,Corn,14.6,51.0,32.7,Aphids,Low,1,0
OBS-03418,2022-02-06,South_Region,Clay,Wheat,24.0,59.5,29.6,Blight_Spores,Low,0,0
OBS-03419,2022-01-14,South_Region,Sandy,Corn,11.5,67.6,2.2,Whiteflies,Low,1,0
OBS-03420,2023-08-16,Central_Valley,Silt,Wheat,34.2,32.0,38.5,Blight_Spores,Medium,4,1
OBS-03421,2022-01-07,East_Region,Silt,Wheat,33.7,93.1,42.1,Blight_Spores,Medium,6,1
OBS-03422,2022-04-13,South_Region,Loam,Corn,37.1,80.3,4.1,Beetles,High,7,1
OBS-03423,2023-04-27,South_Region,Clay,Wheat,24.7,85.2,46.5,Whiteflies,Low,1,0
OBS-03424,2023-06-28,North_Region,Loam,Corn,11.8,83.7,2.3,Beetles,Low,1,0
OBS-03425,2022-02-04,North_Region,Sandy,Wheat,15.5,44.8,46.5,Beetles,Low,1,0
OBS-03426,2022-12-09,East_Region,Silt,Soybean,12.5,31.4,6.1,Beetles,Low,0,0
OBS-03427,2022-07-28,North_Region,Loam,Soybean,23.2,44.0,37.4,Armyworms,Low,2,0
OBS-03428,2023-11-20,North_Region,Sandy,Tomato,37.0,73.1,29.9,Whiteflies,High,8,1
OBS-03429,2022-09-11,East_Region,Sandy,Cotton,25.7,68.1,26.6,Aphids,Medium,5,1
OBS-03430,2023-04-04,West_Region,Loam,Tomato,15.4,41.8,37.1,Armyworms,Low,2,0
OBS-03431,2022-09-18,North_Region,Sandy,Rice,14.1,49.5,4.0,Blight_Spores,Low,2,0
OBS-03432,2022-01-24,South_Region,Sandy,Cotton,16.3,88.9,40.0,Whiteflies,Low,3,0
OBS-03433,2023-05-13,East_Region,Loam,Tomato,18.0,51.3,40.5,Whiteflies,Low,1,0
OBS-03434,2023-05-19,East_Region,Silt,Barley,24.8,65.5,6.2,Aphids,Low,2,0
OBS-03435,2022-12-20,West_Region,Sandy,Tomato,21.4,68.5,39.9,Beetles,Low,0,0
OBS-03436,2022-10-23,South_Region,Loam,Rice,17.6,68.8,13.4,Armyworms,Low,2,0
OBS-03437,2023-02-19,South_Region,Loam,Cotton,14.1,86.0,15.8,Armyworms,Medium,6,1
OBS-03438,2022-07-07,West_Region,Sandy,Corn,10.0,46.2,35.8,Armyworms,Low,1,0
OBS-03439,2022-02-08,South_Region,Loam,Barley,38.4,81.2,45.8,Aphids,Low,3,0
OBS-03440,2023-04-30,South_Region,Clay,Corn,13.7,90.0,22.4,Whiteflies,Low,1,0
OBS-03441,2023-03-01,West_Region,Silt,Wheat,11.6,34.7,39.5,Beetles,Low,0,0
OBS-03442,2022-08-11,Central_Valley,Clay,Barley,25.9,94.1,38.9,Armyworms,Low,2,0
OBS-03443,2023-02-04,South_Region,Silt,Wheat,34.2,67.8,46.1,Blight_Spores,Low,0,0
OBS-03444,2022-09-23,West_Region,Loam,Rice,13.8,47.9,19.1,Aphids,Low,0,0
OBS-03445,2023-06-19,North_Region,Sandy,Wheat,23.5,32.8,41.8,Armyworms,Low,0,0
OBS-03446,2022-05-14,Central_Valley,Sandy,Soybean,34.9,48.3,33.1,Blight_Spores,Low,3,0
OBS-03447,2022-10-22,South_Region,Sandy,Barley,21.1,55.0,37.9,Beetles,Low,0,0
OBS-03448,2022-09-07,East_Region,Silt,Rice,11.9,57.0,48.3,Armyworms,Low,1,0
OBS-03449,2022-11-27,Central_Valley,Sandy,Rice,12.8,32.1,39.5,Armyworms,Low,1,0
OBS-03450,2023-03-17,North_Region,Silt,Wheat,33.0,35.8,9.4,Blight_Spores,Low,2,0
OBS-03451,2023-01-02,East_Region,Loam,Corn,14.9,91.2,39.9,Aphids,Low,2,0
OBS-03452,2022-10-21,East_Region,Sandy,Cotton,21.4,34.5,31.7,Whiteflies,Low,1,0
OBS-03453,2022-10-20,East_Region,Silt,Cotton,37.8,38.9,4.0,Beetles,Medium,5,1
OBS-03454,2023-10-18,Central_Valley,Silt,Cotton,13.8,46.1,12.1,Whiteflies,Low,2,0
OBS-03455,2022-03-07,West_Region,Clay,Cotton,26.5,92.3,39.8,Beetles,Medium,6,1
OBS-03456,2023-03-13,Central_Valley,Loam,Barley,18.6,34.9,12.0,Whiteflies,Low,1,0
OBS-03457,2023-05-20,Central_Valley,Loam,Wheat,26.0,70.8,36.7,Armyworms,Low,3,0
OBS-03458,2023-10-02,North_Region,Silt,Soybean,33.1,84.9,0.4,Whiteflies,Low,1,0
OBS-03459,2023-04-19,South_Region,Sandy,Barley,19.7,58.9,31.9,Blight_Spores,Low,0,0
OBS-03460,2023-07-30,West_Region,Silt,Barley,37.9,53.7,44.4,Aphids,Low,3,0
OBS-03461,2023-06-07,West_Region,Sandy,Barley,16.6,57.0,25.8,Beetles,Low,0,0
OBS-03462,2022-11-28,Central_Valley,Sandy,Wheat,24.5,44.3,41.0,Whiteflies,Low,0,0
OBS-03463,2022-07-24,West_Region,Clay,Corn,37.7,65.8,49.8,Whiteflies,Low,1,0
OBS-03464,2022-04-23,North_Region,Sandy,Tomato,13.1,60.7,2.5,Whiteflies,Medium,4,1
OBS-03465,2022-09-24,South_Region,Sandy,Corn,16.5,41.4,10.5,Beetles,Low,1,0
OBS-03466,2023-06-29,East_Region,Sandy,Cotton,16.1,37.8,39.0,Aphids,Low,2,0
OBS-03467,2022-05-04,East_Region,Silt,Wheat,35.4,89.3,30.9,Beetles,High,7,1
OBS-03468,2022-08-20,West_Region,Loam,Rice,24.8,89.1,23.2,Whiteflies,Low,2,0
OBS-03469,2022-04-19,East_Region,Clay,Corn,29.5,77.3,7.3,Aphids,High,11,1
OBS-03470,2023-02-06,North_Region,Silt,Wheat,17.6,71.1,33.8,Whiteflies,Medium,4,1
OBS-03471,2022-06-20,East_Region,Sandy,Rice,16.5,45.1,10.6,Blight_Spores,Low,3,0
OBS-03472,2022-12-31,Central_Valley,Loam,Wheat,19.5,39.8,26.8,Beetles,Low,0,0
OBS-03473,2022-07-25,Central_Valley,Silt,Barley,30.8,91.6,22.0,Armyworms,Low,3,0
OBS-03474,2023-02-02,East_Region,Sandy,Rice,12.2,68.8,5.3,Armyworms,Low,2,0
OBS-03475,2023-05-29,Central_Valley,Clay,Cotton,32.9,85.7,3.4,Aphids,Medium,4,1
OBS-03476,2022-04-06,North_Region,Sandy,Tomato,26.0,79.6,35.5,Armyworms,Medium,4,1
OBS-03477,2023-04-09,North_Region,Silt,Cotton,27.1,68.2,5.7,Whiteflies,Low,2,0
OBS-03478,2022-05-01,Central_Valley,Sandy,Soybean,28.7,92.8,37.5,Armyworms,Medium,5,1
OBS-03479,2022-03-31,West_Region,Silt,Barley,39.9,64.9,24.8,Beetles,Low,1,0
OBS-03480,2022-03-24,North_Region,Sandy,Corn,26.9,65.5,44.3,Aphids,Low,2,0
OBS-03481,2022-07-31,South_Region,Sandy,Tomato,26.7,40.4,24.3,Whiteflies,Low,3,0
OBS-03482,2023-04-10,West_Region,Loam,Corn,38.2,78.4,10.0,Aphids,Medium,5,1
OBS-03483,2022-12-29,East_Region,Loam,Wheat,21.9,86.0,35.4,Armyworms,Low,3,0
OBS-03484,2023-09-29,East_Region,Sandy,Rice,11.3,47.1,13.0,Aphids,Low,1,0
OBS-03485,2023-10-25,South_Region,Sandy,Cotton,10.8,92.2,45.7,Blight_Spores,Low,1,0
OBS-03486,2022-07-31,South_Region,Sandy,Corn,12.2,89.8,16.7,Blight_Spores,Medium,4,1
OBS-03487,2023-05-23,West_Region,Silt,Rice,30.3,44.3,39.1,Blight_Spores,Medium,6,1
OBS-03488,2023-04-02,East_Region,Clay,Barley,25.5,77.3,22.8,Whiteflies,Low,1,0
OBS-03489,2023-08-31,South_Region,Loam,Cotton,23.7,72.7,45.8,Beetles,Low,2,0
OBS-03490,2022-02-09,Central_Valley,Loam,Barley,31.1,83.6,1.3,Beetles,Low,2,0
OBS-03491,2023-11-03,West_Region,Silt,Barley,24.7,44.0,14.5,Whiteflies,Low,1,0
OBS-03492,2022-07-24,East_Region,Loam,Tomato,20.2,81.6,35.4,Armyworms,Low,3,0
OBS-03493,2023-10-14,South_Region,Loam,Corn,32.3,92.8,14.7,Aphids,High,12,1
OBS-03494,2022-01-14,North_Region,Loam,Cotton,23.6,72.3,47.4,Beetles,Low,2,0
OBS-03495,2023-07-16,Central_Valley,Clay,Wheat,36.6,54.4,34.0,Armyworms,Low,2,0
OBS-03496,2023-07-16,West_Region,Loam,Corn,30.5,94.4,7.9,Aphids,High,10,1
OBS-03497,2023-04-07,Central_Valley,Silt,Tomato,24.4,63.4,47.9,Beetles,Low,0,0
OBS-03498,2023-11-13,North_Region,Loam,Cotton,24.9,32.9,15.1,Aphids,Low,3,0
OBS-03499,2023-06-07,South_Region,Sandy,Soybean,13.1,34.2,17.9,Armyworms,Low,2,0
OBS-03500,2023-08-01,East_Region,Sandy,Tomato,25.5,67.5,1.9,Armyworms,Medium,4,1
OBS-03501,2022-11-17,Central_Valley,Loam,Soybean,17.7,61.2,15.0,Blight_Spores,Low,1,0
OBS-03502,2022-11-09,North_Region,Loam,Corn,21.0,41.9,10.3,Armyworms,Low,0,0
OBS-03503,2022-06-05,Central_Valley,Loam,Barley,10.5,56.6,0.8,Blight_Spores,Low,3,0
OBS-03504,2023-10-05,West_Region,Clay,Wheat,36.5,88.8,43.7,Whiteflies,High,8,1
OBS-03505,2022-03-21,South_Region,Loam,Tomato,12.5,79.0,35.2,Armyworms,Low,3,0
OBS-03506,2022-11-26,Central_Valley,Silt,Barley,12.8,56.9,37.3,Blight_Spores,Low,0,0
OBS-03507,2022-08-03,North_Region,Silt,Cotton,19.0,66.6,4.8,Blight_Spores,Low,3,0
OBS-03508,2022-07-28,East_Region,Clay,Rice,36.5,80.1,44.2,Blight_Spores,High,8,1
OBS-03509,2022-01-25,North_Region,Clay,Wheat,17.0,75.3,17.2,Armyworms,Low,3,0
OBS-03510,2022-09-29,South_Region,Clay,Corn,35.3,43.8,7.5,Beetles,Medium,4,1
OBS-03511,2023-01-24,East_Region,Silt,Barley,31.4,41.7,12.5,Beetles,Low,2,0
OBS-03512,2023-11-19,West_Region,Clay,Cotton,26.5,36.9,31.9,Aphids,Low,2,0
OBS-03513,2023-09-02,Central_Valley,Silt,Cotton,10.7,81.8,38.1,Blight_Spores,Low,1,0
OBS-03514,2023-03-28,South_Region,Silt,Cotton,16.1,53.5,20.5,Beetles,Low,0,0
OBS-03515,2022-10-15,Central_Valley,Sandy,Soybean,15.4,93.4,44.8,Beetles,Low,2,0
OBS-03516,2022-12-01,East_Region,Clay,Barley,32.6,63.0,31.1,Beetles,Low,2,0
OBS-03517,2023-11-08,East_Region,Clay,Corn,28.9,84.5,32.4,Blight_Spores,Medium,6,1
OBS-03518,2022-01-07,Central_Valley,Clay,Cotton,38.5,42.1,8.5,Armyworms,Medium,5,1
OBS-03519,2023-10-04,West_Region,Loam,Corn,39.4,40.9,33.5,Whiteflies,Medium,5,1
OBS-03520,2022-01-29,East_Region,Loam,Tomato,19.3,86.1,14.0,Beetles,Low,3,0
OBS-03521,2022-06-04,West_Region,Loam,Rice,18.7,67.3,9.6,Blight_Spores,Low,2,0
OBS-03522,2022-01-12,South_Region,Silt,Wheat,23.4,62.1,9.1,Whiteflies,Low,2,0
OBS-03523,2023-10-29,South_Region,Sandy,Cotton,33.8,85.5,24.6,Blight_Spores,Medium,4,1
OBS-03524,2023-03-25,South_Region,Sandy,Barley,37.5,57.1,31.0,Beetles,Low,3,0
OBS-03525,2022-01-20,East_Region,Silt,Wheat,30.6,66.6,47.3,Whiteflies,Low,3,0
OBS-03526,2022-02-25,East_Region,Silt,Corn,31.5,54.9,32.3,Whiteflies,Medium,6,1
OBS-03527,2023-05-21,East_Region,Clay,Cotton,21.5,65.7,15.9,Beetles,Low,1,0
OBS-03528,2022-12-16,North_Region,Clay,Soybean,19.9,51.8,49.3,Aphids,Low,0,0
OBS-03529,2022-09-01,West_Region,Loam,Barley,32.4,71.5,39.5,Beetles,High,8,1
OBS-03530,2022-07-08,Central_Valley,Loam,Tomato,24.4,83.3,47.1,Armyworms,Low,2,0
OBS-03531,2022-11-29,South_Region,Sandy,Soybean,20.3,31.4,22.8,Blight_Spores,Low,0,0
OBS-03532,2022-03-26,East_Region,Loam,Soybean,33.6,93.0,3.9,Whiteflies,Low,1,0
OBS-03533,2023-07-13,East_Region,Sandy,Cotton,14.9,72.2,36.2,Beetles,Low,3,0
OBS-03534,2023-07-08,North_Region,Sandy,Cotton,21.7,41.3,41.9,Aphids,Low,2,0
OBS-03535,2023-07-20,East_Region,Sandy,Barley,36.5,63.3,39.5,Beetles,Low,3,0
OBS-03536,2023-09-21,North_Region,Clay,Barley,12.1,66.0,8.8,Beetles,Low,2,0
OBS-03537,2023-10-31,Central_Valley,Silt,Cotton,13.8,55.6,24.8,Aphids,Low,1,0
OBS-03538,2022-02-10,East_Region,Sandy,Rice,36.2,67.8,3.2,Aphids,Low,3,0
OBS-03539,2022-11-30,Central_Valley,Sandy,Rice,14.8,48.6,36.7,Armyworms,Low,0,0
OBS-03540,2023-02-21,South_Region,Sandy,Barley,16.4,84.6,33.4,Beetles,Low,0,0
OBS-03541,2022-12-14,South_Region,Clay,Soybean,17.5,43.9,35.2,Whiteflies,Low,0,0
OBS-03542,2023-03-05,South_Region,Loam,Wheat,38.2,47.8,25.0,Blight_Spores,Low,3,0
OBS-03543,2023-07-08,West_Region,Sandy,Tomato,12.0,57.9,9.4,Beetles,Low,2,0
OBS-03544,2023-10-02,Central_Valley,Silt,Tomato,17.8,39.7,11.8,Beetles,Low,2,0
OBS-03545,2023-05-28,North_Region,Clay,Corn,39.9,46.6,25.6,Armyworms,Medium,4,1
OBS-03546,2023-06-25,Central_Valley,Loam,Rice,26.0,63.4,7.7,Beetles,Medium,4,1
OBS-03547,2022-10-29,North_Region,Clay,Corn,19.0,94.6,15.7,Blight_Spores,Medium,4,1
OBS-03548,2023-02-09,Central_Valley,Sandy,Barley,32.0,46.9,46.4,Whiteflies,Low,1,0
OBS-03549,2023-08-29,East_Region,Sandy,Wheat,11.7,57.9,29.7,Whiteflies,Low,0,0
OBS-03550,2022-11-28,South_Region,Sandy,Soybean,36.8,86.3,28.9,Blight_Spores,Medium,4,1
OBS-03551,2022-03-04,South_Region,Sandy,Wheat,17.8,45.6,31.3,Aphids,Low,0,0
OBS-03552,2023-01-11,East_Region,Sandy,Tomato,23.5,48.8,39.1,Beetles,Low,2,0
OBS-03553,2022-12-01,North_Region,Sandy,Soybean,23.7,57.6,29.9,Beetles,Low,1,0
OBS-03554,2023-09-21,South_Region,Loam,Soybean,18.9,94.5,47.7,Whiteflies,Low,1,0
OBS-03555,2022-02-04,East_Region,Sandy,Corn,16.9,33.8,46.5,Aphids,Low,3,0
OBS-03556,2022-05-19,North_Region,Clay,Cotton,18.8,70.5,27.6,Whiteflies,Low,2,0
OBS-03557,2023-03-05,West_Region,Clay,Barley,31.9,91.0,15.1,Blight_Spores,Medium,5,1
OBS-03558,2022-06-03,West_Region,Clay,Rice,32.8,81.9,28.1,Whiteflies,Medium,4,1
OBS-03559,2022-08-10,East_Region,Silt,Barley,27.7,79.0,34.0,Armyworms,Low,3,0
OBS-03560,2023-02-13,East_Region,Sandy,Barley,18.7,47.5,7.1,Blight_Spores,Low,0,0
OBS-03561,2022-07-17,West_Region,Sandy,Wheat,16.6,51.3,12.0,Blight_Spores,Low,0,0
OBS-03562,2022-04-19,North_Region,Sandy,Corn,31.4,56.8,32.9,Armyworms,Low,3,0
OBS-03563,2022-12-17,South_Region,Sandy,Wheat,36.5,49.6,40.6,Blight_Spores,Low,3,0
OBS-03564,2022-12-07,East_Region,Clay,Tomato,26.0,76.5,44.7,Whiteflies,High,8,1
OBS-03565,2023-09-15,West_Region,Clay,Wheat,36.0,47.6,1.8,Armyworms,Low,3,0
OBS-03566,2023-02-08,East_Region,Loam,Cotton,12.6,65.6,18.9,Armyworms,Low,3,0
OBS-03567,2022-03-03,South_Region,Silt,Soybean,10.5,39.1,25.4,Aphids,Low,0,0
OBS-03568,2023-09-27,East_Region,Silt,Soybean,23.1,45.4,9.8,Whiteflies,Low,3,0
OBS-03569,2022-05-10,North_Region,Loam,Rice,15.7,81.4,6.7,Armyworms,Low,2,0
OBS-03570,2022-07-06,West_Region,Silt,Wheat,36.5,89.0,25.0,Whiteflies,Low,3,0
OBS-03571,2022-03-13,South_Region,Sandy,Wheat,34.0,79.7,30.5,Beetles,Low,3,0
OBS-03572,2022-05-07,East_Region,Silt,Barley,22.8,92.0,4.8,Blight_Spores,Low,1,0
OBS-03573,2023-04-04,South_Region,Silt,Cotton,39.7,83.1,30.4,Beetles,Medium,6,1
OBS-03574,2023-01-08,East_Region,Sandy,Corn,14.2,37.3,24.1,Whiteflies,Low,1,0
OBS-03575,2022-02-16,South_Region,Sandy,Cotton,38.7,66.3,26.6,Aphids,Low,1,0
OBS-03576,2022-02-20,Central_Valley,Sandy,Rice,33.2,59.6,43.1,Armyworms,Medium,4,1
OBS-03577,2023-01-23,West_Region,Clay,Barley,16.3,67.3,31.1,Aphids,Low,0,0
OBS-03578,2022-06-16,Central_Valley,Sandy,Wheat,27.4,49.1,33.0,Blight_Spores,Low,2,0
OBS-03579,2023-10-20,North_Region,Silt,Cotton,36.8,32.3,19.0,Beetles,High,7,1
OBS-03580,2022-04-15,South_Region,Clay,Tomato,22.6,91.9,38.2,Armyworms,Medium,6,1
OBS-03581,2022-06-09,West_Region,Loam,Wheat,32.4,59.7,6.1,Armyworms,Low,3,0
OBS-03582,2023-10-13,West_Region,Sandy,Tomato,18.9,44.9,3.2,Armyworms,Low,1,0
OBS-03583,2022-05-02,South_Region,Clay,Soybean,13.8,67.4,26.2,Blight_Spores,Low,0,0
OBS-03584,2023-08-27,South_Region,Loam,Barley,34.8,33.5,35.2,Aphids,Medium,4,1
OBS-03585,2023-09-26,North_Region,Silt,Corn,23.3,94.3,14.6,Armyworms,Low,1,0
OBS-03586,2022-12-24,South_Region,Loam,Soybean,11.9,84.4,6.3,Whiteflies,Low,3,0
OBS-03587,2022-06-26,South_Region,Clay,Rice,14.8,58.3,29.8,Beetles,Low,1,0
OBS-03588,2022-02-26,West_Region,Sandy,Corn,33.2,41.9,1.2,Armyworms,Medium,4,1
OBS-03589,2023-09-06,East_Region,Silt,Cotton,23.5,30.8,0.5,Armyworms,Low,3,0
OBS-03590,2023-04-27,West_Region,Loam,Rice,21.4,59.3,21.9,Aphids,Low,1,0
OBS-03591,2023-03-16,Central_Valley,Silt,Rice,20.5,93.1,15.4,Blight_Spores,Low,3,0
OBS-03592,2023-05-28,South_Region,Silt,Tomato,32.6,81.1,46.7,Armyworms,Low,2,0
OBS-03593,2023-05-07,North_Region,Sandy,Wheat,35.4,38.7,42.4,Beetles,Low,3,0
OBS-03594,2022-08-17,South_Region,Clay,Corn,21.7,30.6,50.0,Armyworms,Low,1,0
OBS-03595,2023-06-14,East_Region,Sandy,Soybean,23.3,47.5,18.6,Armyworms,Low,0,0
OBS-03596,2023-04-02,South_Region,Sandy,Soybean,39.6,88.8,6.2,Beetles,Medium,5,1
OBS-03597,2023-03-07,Central_Valley,Loam,Cotton,14.5,87.5,30.2,Blight_Spores,Low,1,0
OBS-03598,2022-02-03,South_Region,Sandy,Rice,28.8,45.5,37.1,Blight_Spores,Low,2,0
OBS-03599,2023-09-12,South_Region,Silt,Tomato,28.7,63.3,46.2,Blight_Spores,Low,3,0
OBS-03600,2023-05-18,West_Region,Loam,Rice,22.7,79.9,14.9,Aphids,Medium,4,1
OBS-03601,2022-12-31,South_Region,Sandy,Tomato,13.7,93.8,8.1,Armyworms,Low,3,0
OBS-03602,2023-08-05,Central_Valley,Silt,Cotton,17.8,83.7,23.6,Whiteflies,Medium,4,1
OBS-03603,2022-10-17,Central_Valley,Loam,Tomato,21.6,32.3,38.9,Aphids,Low,2,0
OBS-03604,2022-01-30,East_Region,Clay,Rice,37.0,59.9,35.5,Aphids,Low,2,0
OBS-03605,2023-08-30,West_Region,Silt,Corn,18.3,40.5,12.7,Whiteflies,Low,2,0
OBS-03606,2022-01-21,North_Region,Sandy,Corn,27.7,79.1,22.5,Aphids,Medium,4,1
OBS-03607,2023-09-08,West_Region,Clay,Tomato,32.2,60.5,1.3,Armyworms,High,7,1
OBS-03608,2023-09-19,South_Region,Loam,Barley,28.2,69.4,26.2,Whiteflies,Low,1,0
OBS-03609,2023-06-25,North_Region,Silt,Rice,17.9,57.7,34.0,Beetles,Low,1,0
OBS-03610,2023-06-03,North_Region,Sandy,Tomato,15.2,37.0,5.1,Whiteflies,Medium,4,1
OBS-03611,2022-01-07,North_Region,Sandy,Tomato,29.1,73.0,8.5,Whiteflies,Medium,4,1
OBS-03612,2023-04-05,East_Region,Silt,Barley,17.3,72.8,9.4,Whiteflies,Medium,5,1
OBS-03613,2022-09-19,East_Region,Silt,Tomato,17.9,68.8,47.6,Armyworms,Low,2,0
OBS-03614,2023-08-22,Central_Valley,Loam,Soybean,34.5,79.3,29.6,Blight_Spores,Medium,5,1
OBS-03615,2022-03-06,South_Region,Silt,Cotton,27.6,72.8,25.0,Aphids,Medium,5,1
OBS-03616,2022-05-06,South_Region,Clay,Wheat,29.1,59.5,32.8,Aphids,Low,1,0
OBS-03617,2022-02-21,North_Region,Loam,Soybean,28.6,70.3,12.2,Aphids,Medium,5,1
OBS-03618,2022-08-09,West_Region,Clay,Soybean,13.0,50.5,32.3,Armyworms,Low,1,0
OBS-03619,2022-05-04,Central_Valley,Sandy,Rice,17.7,57.2,39.7,Blight_Spores,Low,0,0
OBS-03620,2023-03-05,West_Region,Sandy,Barley,11.3,44.4,25.2,Armyworms,Low,0,0
OBS-03621,2022-09-13,Central_Valley,Silt,Rice,36.5,40.1,29.4,Whiteflies,Medium,4,1
OBS-03622,2022-12-13,South_Region,Sandy,Cotton,34.7,81.3,32.5,Armyworms,High,9,1
OBS-03623,2022-08-12,East_Region,Sandy,Rice,39.0,92.5,6.0,Aphids,Medium,5,1
OBS-03624,2023-01-09,South_Region,Clay,Tomato,40.0,87.4,31.6,Aphids,High,10,1
OBS-03625,2022-01-19,Central_Valley,Clay,Barley,18.1,37.5,4.1,Blight_Spores,Low,2,0
OBS-03626,2023-03-29,North_Region,Silt,Corn,31.0,79.3,27.4,Whiteflies,Low,2,0
OBS-03627,2023-05-12,East_Region,Sandy,Corn,18.0,57.7,31.6,Aphids,Low,1,0
OBS-03628,2022-05-13,West_Region,Silt,Tomato,38.1,87.1,23.9,Aphids,Low,2,0
OBS-03629,2023-07-17,East_Region,Loam,Wheat,22.3,90.1,33.4,Aphids,Low,1,0
OBS-03630,2023-03-20,East_Region,Silt,Rice,21.2,70.7,2.0,Beetles,Low,0,0
OBS-03631,2023-04-21,West_Region,Loam,Soybean,25.2,83.9,26.9,Blight_Spores,Low,3,0
OBS-03632,2023-02-01,East_Region,Sandy,Wheat,36.5,63.9,50.0,Aphids,Medium,4,1
OBS-03633,2022-03-18,North_Region,Sandy,Tomato,36.5,92.1,34.2,Armyworms,High,11,1
OBS-03634,2023-01-06,West_Region,Sandy,Rice,32.3,62.0,4.5,Armyworms,Medium,5,1
OBS-03635,2023-04-22,Central_Valley,Clay,Rice,21.8,62.4,32.0,Blight_Spores,Low,1,0
OBS-03636,2022-12-01,North_Region,Sandy,Corn,22.2,74.5,10.9,Armyworms,Medium,4,1
OBS-03637,2022-06-21,East_Region,Loam,Soybean,20.2,65.3,46.1,Armyworms,Low,0,0
OBS-03638,2023-11-22,East_Region,Silt,Cotton,19.1,76.4,47.4,Whiteflies,Low,2,0
OBS-03639,2022-12-14,West_Region,Clay,Rice,18.6,42.9,21.0,Beetles,Low,1,0
OBS-03640,2022-01-31,Central_Valley,Sandy,Corn,39.0,42.5,28.2,Whiteflies,Low,3,0
OBS-03641,2022-11-21,South_Region,Clay,Soybean,16.0,61.2,14.4,Blight_Spores,Low,2,0
OBS-03642,2023-01-07,Central_Valley,Sandy,Corn,25.9,86.7,12.8,Beetles,Medium,5,1
OBS-03643,2022-12-25,South_Region,Clay,Barley,38.7,42.7,40.8,Blight_Spores,Medium,5,1
OBS-03644,2023-02-21,East_Region,Silt,Corn,23.3,82.7,17.0,Aphids,Low,3,0
OBS-03645,2023-11-30,North_Region,Sandy,Wheat,17.7,88.1,21.5,Armyworms,Low,0,0
OBS-03646,2022-07-01,South_Region,Loam,Tomato,10.7,84.4,23.8,Aphids,Medium,4,1
OBS-03647,2022-10-20,West_Region,Clay,Wheat,11.1,49.1,34.2,Whiteflies,Low,1,0
OBS-03648,2023-04-23,North_Region,Sandy,Rice,33.0,84.2,8.0,Whiteflies,Low,2,0
OBS-03649,2022-07-20,South_Region,Loam,Corn,34.3,36.3,28.9,Whiteflies,Low,2,0
OBS-03650,2022-09-29,Central_Valley,Sandy,Barley,28.2,91.4,5.4,Beetles,Medium,4,1
OBS-03651,2023-01-06,West_Region,Silt,Tomato,13.2,67.5,30.7,Blight_Spores,Medium,4,1
OBS-03652,2023-05-11,West_Region,Clay,Corn,26.9,33.0,32.4,Armyworms,Low,2,0
OBS-03653,2022-09-30,East_Region,Loam,Barley,17.6,92.9,28.7,Armyworms,Low,1,0
OBS-03654,2023-08-19,South_Region,Loam,Rice,38.7,87.3,45.0,Blight_Spores,Low,3,0
OBS-03655,2023-09-01,South_Region,Sandy,Corn,25.4,34.7,13.7,Armyworms,Low,3,0
OBS-03656,2022-05-09,North_Region,Silt,Wheat,21.7,62.0,39.3,Blight_Spores,Low,0,0
OBS-03657,2022-09-16,Central_Valley,Clay,Cotton,31.2,67.0,13.8,Whiteflies,Medium,6,1
OBS-03658,2022-12-10,West_Region,Silt,Soybean,39.3,62.3,11.8,Whiteflies,Low,2,0
OBS-03659,2022-08-06,South_Region,Silt,Soybean,36.4,32.3,44.4,Beetles,Low,2,0
OBS-03660,2023-10-06,North_Region,Loam,Tomato,29.7,35.3,36.1,Aphids,Medium,4,1
OBS-03661,2023-02-24,North_Region,Loam,Cotton,12.1,50.5,26.0,Armyworms,Low,0,0
OBS-03662,2022-07-01,South_Region,Clay,Corn,35.7,64.3,1.5,Armyworms,Low,3,0
OBS-03663,2022-08-04,Central_Valley,Clay,Barley,16.9,76.5,24.8,Armyworms,Low,1,0
OBS-03664,2022-03-24,West_Region,Sandy,Corn,33.3,63.0,13.2,Whiteflies,Low,0,0
OBS-03665,2023-09-17,West_Region,Loam,Wheat,12.9,86.0,37.6,Whiteflies,Low,1,0
OBS-03666,2023-01-17,South_Region,Clay,Soybean,15.9,87.2,15.5,Aphids,Low,3,0
OBS-03667,2022-08-25,East_Region,Loam,Wheat,19.4,32.9,45.4,Armyworms,Low,0,0
OBS-03668,2023-06-18,Central_Valley,Clay,Wheat,14.7,59.9,32.2,Blight_Spores,Low,1,0
OBS-03669,2023-03-28,South_Region,Loam,Cotton,31.6,44.5,12.1,Blight_Spores,Low,2,0
OBS-03670,2022-03-28,Central_Valley,Silt,Soybean,17.6,88.2,17.6,Blight_Spores,Medium,4,1
OBS-03671,2022-07-16,South_Region,Silt,Soybean,24.8,74.3,10.1,Whiteflies,Low,3,0
OBS-03672,2022-07-03,West_Region,Sandy,Rice,27.5,32.6,45.1,Blight_Spores,Low,3,0
OBS-03673,2022-03-21,East_Region,Silt,Tomato,24.2,52.3,17.0,Blight_Spores,Low,2,0
OBS-03674,2023-08-03,Central_Valley,Sandy,Barley,33.7,61.5,6.6,Aphids,Low,2,0
OBS-03675,2022-11-20,North_Region,Loam,Corn,26.9,47.4,22.6,Blight_Spores,Low,3,0
OBS-03676,2022-01-03,Central_Valley,Loam,Soybean,12.7,84.0,27.1,Aphids,Low,0,0
OBS-03677,2023-04-11,Central_Valley,Loam,Soybean,22.6,66.2,10.8,Whiteflies,Low,1,0
OBS-03678,2022-12-26,Central_Valley,Silt,Wheat,11.2,75.3,19.5,Blight_Spores,Medium,4,1
OBS-03679,2023-09-21,North_Region,Clay,Soybean,20.3,47.8,39.6,Whiteflies,Low,1,0
OBS-03680,2022-10-04,West_Region,Sandy,Corn,11.5,87.9,22.2,Whiteflies,Medium,5,1
OBS-03681,2023-11-13,South_Region,Clay,Cotton,15.6,59.6,48.7,Beetles,Low,2,0
OBS-03682,2022-05-27,East_Region,Clay,Wheat,11.1,62.4,36.3,Blight_Spores,Low,1,0
OBS-03683,2022-12-30,West_Region,Silt,Cotton,22.8,90.3,17.0,Armyworms,Low,2,0
OBS-03684,2023-09-15,East_Region,Silt,Rice,29.0,63.0,10.3,Beetles,Low,0,0
OBS-03685,2022-02-27,East_Region,Loam,Barley,30.4,82.7,38.7,Beetles,Low,1,0
OBS-03686,2023-09-07,Central_Valley,Clay,Rice,34.2,64.5,44.7,Blight_Spores,Low,3,0
OBS-03687,2023-03-21,East_Region,Clay,Wheat,38.1,41.0,27.6,Beetles,Low,3,0
OBS-03688,2023-01-14,East_Region,Clay,Wheat,20.0,77.7,27.0,Whiteflies,Low,1,0
OBS-03689,2023-02-21,West_Region,Clay,Cotton,31.5,31.0,15.2,Whiteflies,Medium,5,1
OBS-03690,2023-09-16,Central_Valley,Loam,Rice,22.6,49.6,22.9,Aphids,Low,1,0
OBS-03691,2023-01-21,South_Region,Silt,Wheat,17.6,77.5,45.5,Aphids,Low,3,0
OBS-03692,2022-08-06,South_Region,Loam,Cotton,28.2,35.9,47.3,Armyworms,Medium,4,1
OBS-03693,2022-10-29,Central_Valley,Sandy,Wheat,39.1,63.3,6.2,Blight_Spores,Low,1,0
OBS-03694,2022-11-21,West_Region,Clay,Corn,25.1,52.6,20.1,Aphids,Low,3,0
OBS-03695,2023-09-18,West_Region,Loam,Corn,37.6,32.2,12.0,Whiteflies,Medium,5,1
OBS-03696,2022-05-26,Central_Valley,Sandy,Tomato,20.4,52.0,32.6,Whiteflies,Medium,4,1
OBS-03697,2022-11-20,West_Region,Silt,Soybean,29.5,30.2,32.0,Armyworms,Low,1,0
OBS-03698,2023-06-23,South_Region,Sandy,Cotton,18.1,88.4,2.5,Aphids,Low,3,0
OBS-03699,2022-09-08,North_Region,Silt,Tomato,32.7,33.8,42.5,Beetles,Medium,5,1
OBS-03700,2023-11-06,North_Region,Clay,Barley,26.9,62.2,17.0,Whiteflies,Low,2,0
OBS-03701,2023-11-18,West_Region,Silt,Cotton,38.9,67.8,6.5,Blight_Spores,High,9,1
OBS-03702,2022-10-21,Central_Valley,Sandy,Rice,34.9,79.3,14.9,Whiteflies,High,8,1
OBS-03703,2022-12-03,North_Region,Clay,Rice,30.0,64.6,38.1,Beetles,Low,0,0
OBS-03704,2022-01-30,West_Region,Sandy,Rice,34.5,62.3,27.3,Beetles,Medium,4,1
OBS-03705,2022-01-06,Central_Valley,Silt,Tomato,18.0,71.7,47.6,Beetles,Low,1,0
OBS-03706,2022-07-31,North_Region,Clay,Tomato,20.2,46.7,21.2,Armyworms,Low,0,0
OBS-03707,2022-03-24,West_Region,Clay,Soybean,25.8,35.0,11.4,Armyworms,Low,1,0
OBS-03708,2022-02-14,North_Region,Clay,Rice,38.9,89.2,25.9,Blight_Spores,Medium,4,1
OBS-03709,2022-04-23,South_Region,Sandy,Soybean,39.3,83.2,22.6,Whiteflies,Medium,5,1
OBS-03710,2023-07-14,Central_Valley,Sandy,Soybean,23.4,73.9,25.3,Beetles,Low,1,0
OBS-03711,2022-05-15,South_Region,Loam,Soybean,12.9,38.6,1.2,Beetles,Low,0,0
OBS-03712,2022-12-01,West_Region,Sandy,Wheat,24.2,90.8,8.6,Beetles,Low,2,0
OBS-03713,2023-03-18,North_Region,Silt,Corn,38.4,83.7,8.1,Blight_Spores,Low,3,0
OBS-03714,2022-09-21,East_Region,Sandy,Soybean,20.1,79.0,12.3,Armyworms,Low,2,0
OBS-03715,2022-06-01,West_Region,Clay,Wheat,21.3,69.0,21.7,Armyworms,Low,0,0
OBS-03716,2022-05-08,South_Region,Loam,Barley,29.1,59.4,40.5,Blight_Spores,Low,1,0
OBS-03717,2023-09-24,East_Region,Loam,Corn,29.1,80.9,25.9,Beetles,Low,1,0
OBS-03718,2023-07-13,West_Region,Clay,Corn,34.7,61.4,14.5,Armyworms,Medium,4,1
OBS-03719,2023-07-10,East_Region,Sandy,Rice,25.4,73.3,41.2,Armyworms,Medium,4,1
OBS-03720,2022-11-26,East_Region,Loam,Tomato,17.5,87.9,36.6,Blight_Spores,Medium,5,1
OBS-03721,2022-12-28,Central_Valley,Clay,Tomato,26.7,67.5,9.0,Armyworms,Low,3,0
OBS-03722,2022-07-07,Central_Valley,Loam,Cotton,11.2,32.3,41.3,Blight_Spores,Low,0,0
OBS-03723,2023-11-16,East_Region,Loam,Soybean,38.8,78.7,1.4,Blight_Spores,Medium,6,1
OBS-03724,2023-11-22,South_Region,Clay,Cotton,29.3,92.8,39.8,Whiteflies,Low,2,0
OBS-03725,2023-11-08,Central_Valley,Clay,Soybean,28.3,43.0,8.2,Aphids,Low,2,0
OBS-03726,2023-10-07,West_Region,Clay,Wheat,26.2,42.9,33.3,Blight_Spores,Low,2,0
OBS-03727,2022-03-05,North_Region,Silt,Rice,26.4,62.7,22.8,Blight_Spores,Low,1,0
OBS-03728,2022-03-11,East_Region,Clay,Corn,20.1,31.3,1.9,Whiteflies,High,7,1
OBS-03729,2023-08-20,West_Region,Loam,Corn,34.8,65.4,16.7,Aphids,High,7,1
OBS-03730,2022-08-15,North_Region,Loam,Cotton,26.7,61.5,33.4,Whiteflies,Low,3,0
OBS-03731,2022-03-17,North_Region,Silt,Barley,23.0,56.4,48.6,Aphids,Low,0,0
OBS-03732,2022-11-19,North_Region,Sandy,Wheat,26.1,33.2,49.4,Blight_Spores,Low,2,0
OBS-03733,2023-10-09,North_Region,Sandy,Tomato,11.1,37.4,30.4,Whiteflies,Low,2,0
OBS-03734,2022-07-12,East_Region,Clay,Tomato,23.1,78.1,44.5,Armyworms,Low,2,0
OBS-03735,2023-10-12,South_Region,Clay,Barley,37.9,87.4,14.5,Beetles,Medium,5,1
OBS-03736,2023-04-26,South_Region,Loam,Corn,11.5,92.0,11.1,Whiteflies,Medium,6,1
OBS-03737,2023-03-29,South_Region,Sandy,Rice,16.4,61.8,18.0,Armyworms,Medium,6,1
OBS-03738,2022-12-30,Central_Valley,Loam,Cotton,20.3,51.6,39.4,Beetles,Low,0,0
OBS-03739,2022-01-02,Central_Valley,Sandy,Soybean,28.7,82.3,43.4,Armyworms,Low,3,0
OBS-03740,2023-04-18,North_Region,Loam,Wheat,39.6,61.5,37.2,Aphids,Medium,4,1
OBS-03741,2022-02-20,North_Region,Silt,Rice,11.2,74.8,35.6,Beetles,Low,2,0
OBS-03742,2022-07-06,North_Region,Clay,Soybean,12.1,51.0,38.2,Armyworms,Low,0,0
OBS-03743,2023-03-24,Central_Valley,Silt,Barley,15.7,39.1,1.9,Aphids,Low,0,0
OBS-03744,2023-03-17,South_Region,Loam,Wheat,15.0,83.5,3.2,Aphids,Low,2,0
OBS-03745,2023-01-31,West_Region,Loam,Soybean,35.3,32.8,15.7,Whiteflies,Low,3,0
OBS-03746,2022-09-08,South_Region,Silt,Rice,27.3,62.7,10.0,Armyworms,Low,0,0
OBS-03747,2022-12-10,South_Region,Sandy,Rice,34.7,35.3,4.2,Whiteflies,Medium,5,1
OBS-03748,2023-09-05,West_Region,Loam,Cotton,11.6,60.2,42.0,Whiteflies,Low,1,0
OBS-03749,2023-07-13,East_Region,Sandy,Corn,28.8,80.5,14.5,Blight_Spores,Low,3,0
OBS-03750,2022-06-24,West_Region,Clay,Tomato,12.7,79.0,47.6,Armyworms,Low,3,0
OBS-03751,2023-05-15,North_Region,Sandy,Corn,32.5,52.3,10.0,Armyworms,Medium,5,1
OBS-03752,2023-08-18,South_Region,Loam,Tomato,16.3,65.4,8.4,Whiteflies,Low,1,0
OBS-03753,2023-03-28,North_Region,Loam,Cotton,11.1,69.2,22.4,Whiteflies,Low,3,0
OBS-03754,2022-04-19,Central_Valley,Loam,Barley,10.0,57.3,42.5,Blight_Spores,Low,0,0
OBS-03755,2022-09-03,North_Region,Sandy,Barley,17.5,56.2,14.5,Aphids,Low,0,0
OBS-03756,2022-05-26,East_Region,Silt,Rice,15.7,33.7,44.4,Armyworms,Low,0,0
OBS-03757,2022-05-06,Central_Valley,Silt,Tomato,16.1,74.4,26.1,Whiteflies,Low,0,0
OBS-03758,2022-02-13,South_Region,Clay,Cotton,32.0,34.4,6.8,Armyworms,Low,2,0
OBS-03759,2023-10-05,North_Region,Clay,Barley,14.2,89.1,20.5,Blight_Spores,Low,1,0
OBS-03760,2023-03-06,West_Region,Sandy,Tomato,10.1,81.2,19.6,Armyworms,Low,3,0
OBS-03761,2022-07-17,East_Region,Sandy,Corn,20.6,57.3,16.3,Blight_Spores,Low,2,0
OBS-03762,2022-05-20,South_Region,Sandy,Rice,37.5,34.5,49.3,Blight_Spores,Low,2,0
OBS-03763,2022-11-12,Central_Valley,Sandy,Soybean,16.6,82.0,40.3,Blight_Spores,Medium,4,1
OBS-03764,2023-10-25,South_Region,Loam,Wheat,18.7,55.4,43.2,Aphids,Low,0,0
OBS-03765,2022-07-29,North_Region,Sandy,Cotton,12.2,38.6,28.9,Whiteflies,Low,0,0
OBS-03766,2023-09-01,West_Region,Silt,Wheat,23.2,42.7,14.3,Armyworms,Low,0,0
OBS-03767,2023-09-03,East_Region,Silt,Soybean,37.0,46.2,25.9,Beetles,Low,2,0
OBS-03768,2023-11-07,Central_Valley,Silt,Soybean,35.4,37.6,36.9,Blight_Spores,Low,2,0
OBS-03769,2022-07-24,West_Region,Clay,Wheat,25.5,68.2,27.7,Beetles,Medium,4,1
OBS-03770,2023-06-20,Central_Valley,Loam,Wheat,21.2,48.9,9.6,Whiteflies,Low,1,0
OBS-03771,2022-09-02,North_Region,Sandy,Corn,21.2,85.1,41.1,Blight_Spores,Low,3,0
OBS-03772,2022-12-03,South_Region,Loam,Barley,10.7,72.6,5.0,Whiteflies,Low,2,0
OBS-03773,2023-11-03,Central_Valley,Clay,Tomato,17.6,75.6,40.6,Blight_Spores,Low,0,0
OBS-03774,2022-06-10,Central_Valley,Clay,Tomato,18.1,89.3,11.5,Whiteflies,Low,3,0
OBS-03775,2023-08-15,South_Region,Silt,Soybean,27.5,71.6,2.9,Beetles,Medium,5,1
OBS-03776,2022-12-27,North_Region,Silt,Soybean,11.9,61.3,43.4,Beetles,Low,0,0
OBS-03777,2022-01-22,Central_Valley,Clay,Cotton,30.5,66.1,13.9,Aphids,Low,1,0
OBS-03778,2023-08-17,Central_Valley,Clay,Corn,34.1,55.0,35.7,Armyworms,Low,3,0
OBS-03779,2023-10-26,South_Region,Clay,Soybean,22.2,30.0,14.4,Armyworms,Low,0,0
OBS-03780,2023-04-24,South_Region,Clay,Wheat,36.7,55.1,49.4,Blight_Spores,Medium,6,1
OBS-03781,2023-04-25,West_Region,Silt,Wheat,25.5,74.5,4.1,Beetles,Low,3,0
OBS-03782,2022-12-27,West_Region,Sandy,Soybean,30.8,51.8,16.4,Beetles,Low,2,0
OBS-03783,2022-10-21,Central_Valley,Clay,Corn,18.1,64.2,14.7,Whiteflies,Low,1,0
OBS-03784,2023-11-23,North_Region,Loam,Cotton,35.3,68.0,43.6,Whiteflies,Medium,4,1
OBS-03785,2023-10-31,West_Region,Silt,Tomato,20.0,34.0,28.6,Blight_Spores,Low,0,0
OBS-03786,2023-09-09,South_Region,Clay,Wheat,31.7,50.4,6.3,Blight_Spores,Low,3,0
OBS-03787,2022-07-10,Central_Valley,Sandy,Cotton,20.8,34.0,42.9,Blight_Spores,Low,1,0
OBS-03788,2022-02-10,South_Region,Silt,Soybean,24.8,46.0,34.6,Aphids,Low,0,0
OBS-03789,2023-03-08,Central_Valley,Loam,Rice,39.1,60.1,44.9,Armyworms,Low,3,0
OBS-03790,2023-05-02,East_Region,Loam,Cotton,18.6,48.7,33.8,Beetles,Low,1,0
OBS-03791,2023-04-26,West_Region,Loam,Wheat,20.3,89.0,5.4,Blight_Spores,Low,2,0
OBS-03792,2023-02-22,North_Region,Sandy,Corn,37.4,59.1,45.2,Beetles,Medium,6,1
OBS-03793,2023-01-27,South_Region,Loam,Corn,38.6,39.5,34.7,Aphids,High,9,1
OBS-03794,2022-09-12,North_Region,Sandy,Soybean,38.1,52.0,38.9,Blight_Spores,Low,3,0
OBS-03795,2022-04-06,Central_Valley,Silt,Corn,36.3,39.4,17.3,Aphids,Medium,4,1
OBS-03796,2022-12-01,South_Region,Clay,Cotton,10.8,93.8,46.9,Blight_Spores,Low,0,0
OBS-03797,2022-10-03,West_Region,Loam,Tomato,11.2,65.6,41.0,Blight_Spores,Low,1,0
OBS-03798,2022-06-25,North_Region,Loam,Soybean,18.8,66.8,6.8,Beetles,Low,3,0
OBS-03799,2023-07-20,West_Region,Silt,Cotton,34.2,92.9,33.1,Beetles,High,8,1
OBS-03800,2023-09-23,Central_Valley,Sandy,Wheat,14.1,50.7,10.9,Aphids,Low,1,0
OBS-03801,2022-12-30,South_Region,Sandy,Soybean,39.5,66.9,42.0,Armyworms,Low,3,0
OBS-03802,2023-06-30,South_Region,Loam,Wheat,31.3,87.6,7.9,Aphids,Medium,4,1
OBS-03803,2023-03-14,West_Region,Clay,Barley,17.5,40.6,25.1,Aphids,Low,0,0
OBS-03804,2023-07-25,East_Region,Loam,Corn,35.5,74.0,10.6,Beetles,Low,1,0
OBS-03805,2022-04-25,North_Region,Clay,Cotton,35.9,46.0,8.6,Aphids,Medium,4,1
OBS-03806,2023-09-16,East_Region,Clay,Wheat,12.1,51.6,16.0,Beetles,Low,0,0
OBS-03807,2022-03-13,North_Region,Loam,Corn,16.1,55.3,5.4,Blight_Spores,Low,2,0
OBS-03808,2022-02-15,Central_Valley,Silt,Rice,10.2,77.4,24.0,Whiteflies,Low,0,0
OBS-03809,2023-03-25,South_Region,Silt,Barley,26.7,33.1,12.2,Armyworms,Medium,6,1
OBS-03810,2023-10-12,Central_Valley,Clay,Soybean,27.1,52.6,9.4,Whiteflies,Low,2,0
OBS-03811,2023-06-08,South_Region,Clay,Cotton,18.2,76.2,31.4,Armyworms,Low,1,0
OBS-03812,2022-03-14,East_Region,Silt,Corn,30.1,83.6,11.3,Beetles,Medium,5,1
OBS-03813,2023-09-24,East_Region,Loam,Barley,10.1,62.3,1.1,Blight_Spores,Low,1,0
OBS-03814,2022-03-18,South_Region,Silt,Wheat,33.3,52.6,24.4,Armyworms,Low,2,0
OBS-03815,2023-07-10,West_Region,Sandy,Corn,28.4,87.0,34.3,Aphids,Medium,5,1
OBS-03816,2023-09-16,North_Region,Silt,Soybean,36.8,40.4,30.9,Blight_Spores,Medium,4,1
OBS-03817,2023-09-15,North_Region,Sandy,Wheat,24.8,79.4,9.7,Armyworms,Low,3,0
OBS-03818,2022-02-19,South_Region,Clay,Cotton,18.4,65.8,9.1,Beetles,Medium,5,1
OBS-03819,2022-02-07,Central_Valley,Silt,Rice,12.3,47.6,8.9,Armyworms,Low,1,0
OBS-03820,2022-06-16,North_Region,Loam,Corn,26.2,48.4,43.2,Beetles,Medium,4,1
OBS-03821,2023-05-04,South_Region,Loam,Tomato,11.7,30.1,29.6,Blight_Spores,Low,3,0
OBS-03822,2022-08-02,South_Region,Silt,Corn,33.3,53.9,41.1,Blight_Spores,Medium,6,1
OBS-03823,2023-03-07,South_Region,Sandy,Barley,25.7,88.6,22.3,Whiteflies,Medium,4,1
OBS-03824,2022-06-20,North_Region,Silt,Barley,19.4,71.3,13.1,Whiteflies,Medium,6,1
OBS-03825,2022-12-04,East_Region,Loam,Barley,21.2,68.5,15.0,Beetles,Low,2,0
OBS-03826,2023-11-02,West_Region,Sandy,Rice,35.0,40.2,31.7,Whiteflies,Medium,6,1
OBS-03827,2022-04-13,North_Region,Silt,Wheat,37.4,59.0,12.8,Beetles,Medium,5,1
OBS-03828,2023-09-11,South_Region,Loam,Cotton,18.4,33.7,45.1,Aphids,Low,0,0
OBS-03829,2022-06-24,West_Region,Loam,Tomato,14.2,38.3,24.9,Armyworms,Low,3,0
OBS-03830,2022-11-17,East_Region,Loam,Soybean,13.7,35.0,38.2,Armyworms,Low,0,0
OBS-03831,2023-07-02,East_Region,Sandy,Cotton,17.3,90.4,32.5,Armyworms,Medium,4,1
OBS-03832,2022-05-20,Central_Valley,Sandy,Barley,39.9,76.5,9.5,Beetles,High,8,1
OBS-03833,2023-06-14,Central_Valley,Loam,Cotton,39.4,31.9,11.7,Aphids,Low,3,0
OBS-03834,2022-09-01,West_Region,Clay,Tomato,31.6,52.3,36.0,Armyworms,Medium,5,1
OBS-03835,2022-07-10,East_Region,Clay,Tomato,39.2,34.1,9.8,Aphids,Low,1,0
OBS-03836,2023-08-07,Central_Valley,Sandy,Cotton,24.4,42.1,34.1,Whiteflies,Low,2,0
OBS-03837,2022-02-22,West_Region,Silt,Soybean,25.9,60.5,27.8,Beetles,Low,2,0
OBS-03838,2023-07-10,North_Region,Silt,Tomato,22.2,48.0,36.7,Whiteflies,Low,2,0
OBS-03839,2023-08-06,East_Region,Loam,Soybean,24.7,64.4,43.8,Whiteflies,Low,2,0
OBS-03840,2023-02-15,North_Region,Silt,Rice,36.6,94.0,29.5,Beetles,Medium,4,1
OBS-03841,2023-11-27,West_Region,Clay,Cotton,15.4,45.1,0.4,Aphids,Low,0,0
OBS-03842,2022-04-09,West_Region,Clay,Barley,22.0,47.2,16.6,Aphids,Low,0,0
OBS-03843,2022-12-29,North_Region,Silt,Wheat,13.2,56.5,49.4,Armyworms,Low,0,0
OBS-03844,2023-10-30,East_Region,Clay,Rice,25.8,33.5,29.5,Aphids,Low,0,0
OBS-03845,2023-08-28,Central_Valley,Sandy,Cotton,36.5,50.9,0.6,Blight_Spores,Medium,4,1
OBS-03846,2022-11-06,West_Region,Silt,Wheat,14.2,39.9,6.6,Whiteflies,Low,1,0
OBS-03847,2023-02-07,East_Region,Silt,Barley,22.8,66.7,4.9,Beetles,Low,2,0
OBS-03848,2023-08-10,South_Region,Clay,Tomato,34.3,59.2,3.6,Armyworms,Medium,5,1
OBS-03849,2022-02-24,South_Region,Loam,Rice,38.5,30.7,9.9,Beetles,Low,2,0
OBS-03850,2023-04-30,West_Region,Clay,Corn,28.9,85.8,3.1,Blight_Spores,Medium,5,1
OBS-03851,2022-01-25,North_Region,Sandy,Tomato,11.2,38.2,49.2,Beetles,Medium,4,1
OBS-03852,2023-05-27,East_Region,Clay,Rice,39.3,47.8,24.2,Whiteflies,Low,3,0
OBS-03853,2022-10-29,Central_Valley,Clay,Corn,39.3,60.3,16.6,Armyworms,Low,3,0
OBS-03854,2022-12-01,East_Region,Silt,Wheat,26.4,30.4,43.9,Beetles,Low,2,0
OBS-03855,2022-01-28,North_Region,Clay,Soybean,30.6,87.7,25.5,Blight_Spores,Medium,5,1
OBS-03856,2022-06-16,South_Region,Silt,Soybean,22.2,35.9,41.4,Whiteflies,Low,0,0
OBS-03857,2023-11-10,North_Region,Loam,Soybean,37.2,86.9,6.0,Blight_Spores,Medium,5,1
OBS-03858,2022-05-29,West_Region,Sandy,Wheat,13.8,42.4,7.1,Armyworms,Low,1,0
OBS-03859,2023-11-03,West_Region,Sandy,Soybean,16.9,84.6,17.4,Aphids,Low,0,0
OBS-03860,2022-12-20,West_Region,Loam,Barley,34.3,69.6,31.5,Armyworms,Low,1,0
OBS-03861,2023-02-19,Central_Valley,Silt,Wheat,27.8,86.9,33.6,Aphids,Low,1,0
OBS-03862,2023-02-17,Central_Valley,Sandy,Soybean,35.3,45.5,19.3,Beetles,Low,1,0
OBS-03863,2023-06-06,South_Region,Clay,Soybean,39.0,41.9,34.5,Blight_Spores,Low,3,0
OBS-03864,2022-02-15,South_Region,Sandy,Barley,27.7,36.5,2.8,Aphids,Medium,4,1
OBS-03865,2022-04-15,Central_Valley,Clay,Tomato,18.6,67.3,24.7,Whiteflies,Low,2,0
OBS-03866,2022-12-23,East_Region,Loam,Wheat,36.5,49.7,2.2,Whiteflies,Low,1,0
OBS-03867,2022-04-03,Central_Valley,Loam,Corn,14.0,46.4,17.5,Armyworms,Low,1,0
OBS-03868,2022-07-08,Central_Valley,Silt,Wheat,16.7,40.1,9.6,Whiteflies,Low,3,0
OBS-03869,2023-08-07,East_Region,Sandy,Tomato,37.6,46.4,37.9,Blight_Spores,Medium,4,1
OBS-03870,2023-07-09,East_Region,Clay,Cotton,30.4,37.5,35.0,Beetles,Low,1,0
OBS-03871,2023-08-30,East_Region,Sandy,Wheat,36.0,56.5,9.1,Armyworms,Low,3,0
OBS-03872,2022-11-29,Central_Valley,Loam,Barley,10.5,76.9,40.4,Blight_Spores,Low,0,0
OBS-03873,2023-11-14,Central_Valley,Sandy,Cotton,35.2,61.6,25.4,Blight_Spores,Low,3,0
OBS-03874,2022-08-03,Central_Valley,Clay,Rice,18.6,30.1,42.1,Beetles,Low,0,0
OBS-03875,2022-09-14,West_Region,Sandy,Wheat,21.2,80.2,16.5,Beetles,Low,3,0
OBS-03876,2023-02-04,Central_Valley,Sandy,Rice,38.9,74.3,48.7,Beetles,Medium,4,1
OBS-03877,2023-01-02,East_Region,Silt,Cotton,37.6,51.4,29.7,Whiteflies,Low,2,0
OBS-03878,2022-07-26,East_Region,Silt,Barley,15.5,42.1,11.5,Blight_Spores,Low,0,0
OBS-03879,2022-07-16,Central_Valley,Clay,Rice,26.8,74.3,21.4,Blight_Spores,Medium,5,1
OBS-03880,2022-02-02,East_Region,Sandy,Cotton,13.4,36.4,31.2,Beetles,Low,1,0
OBS-03881,2022-04-11,West_Region,Loam,Barley,32.9,90.7,17.3,Beetles,High,10,1
OBS-03882,2022-07-13,East_Region,Loam,Corn,17.6,80.2,35.9,Beetles,Low,1,0
OBS-03883,2022-04-26,South_Region,Clay,Wheat,16.0,75.9,12.6,Aphids,Medium,4,1
OBS-03884,2022-02-05,South_Region,Sandy,Rice,25.3,55.9,2.5,Armyworms,High,8,1
OBS-03885,2023-06-10,East_Region,Sandy,Barley,28.5,49.0,41.3,Whiteflies,Low,2,0
OBS-03886,2023-10-07,West_Region,Clay,Wheat,26.4,30.8,47.1,Armyworms,Low,2,0
OBS-03887,2022-12-23,West_Region,Loam,Soybean,26.4,53.9,47.5,Armyworms,Low,1,0
OBS-03888,2022-08-17,East_Region,Loam,Rice,10.7,54.0,15.3,Blight_Spores,Low,1,0
OBS-03889,2023-05-06,South_Region,Silt,Soybean,21.9,76.3,5.9,Beetles,Low,1,0
OBS-03890,2023-09-11,South_Region,Silt,Barley,29.2,35.2,7.8,Blight_Spores,Low,3,0
OBS-03891,2022-05-07,North_Region,Clay,Barley,37.0,67.4,37.5,Beetles,Medium,5,1
OBS-03892,2023-01-24,North_Region,Sandy,Rice,39.7,73.6,45.4,Armyworms,Medium,4,1
OBS-03893,2022-02-04,North_Region,Sandy,Wheat,17.1,68.7,38.8,Blight_Spores,Low,0,0
OBS-03894,2022-08-10,South_Region,Silt,Corn,39.2,64.4,31.3,Aphids,Low,2,0
OBS-03895,2023-04-03,East_Region,Silt,Cotton,12.4,55.3,29.8,Whiteflies,Low,0,0
OBS-03896,2023-05-25,Central_Valley,Silt,Barley,14.3,80.7,23.3,Aphids,Low,3,0
OBS-03897,2023-03-13,Central_Valley,Clay,Soybean,18.5,30.8,16.3,Aphids,Low,0,0
OBS-03898,2023-07-26,North_Region,Silt,Rice,37.5,43.7,3.1,Aphids,Medium,5,1
OBS-03899,2022-08-21,East_Region,Sandy,Soybean,36.0,32.2,43.8,Armyworms,Low,2,0
OBS-03900,2023-09-06,East_Region,Sandy,Cotton,23.4,80.6,36.5,Aphids,Low,2,0
OBS-03901,2022-08-09,West_Region,Loam,Corn,23.6,44.1,42.8,Whiteflies,Low,0,0
OBS-03902,2023-11-07,Central_Valley,Clay,Barley,28.7,44.2,14.9,Beetles,Medium,4,1
OBS-03903,2022-08-08,East_Region,Silt,Barley,22.3,79.9,19.7,Blight_Spores,Low,2,0
OBS-03904,2023-06-17,North_Region,Sandy,Corn,11.3,89.1,42.6,Aphids,Low,1,0
OBS-03905,2023-03-30,North_Region,Silt,Cotton,27.6,44.6,41.2,Blight_Spores,Low,2,0
OBS-03906,2022-07-18,East_Region,Silt,Barley,19.1,56.9,24.2,Aphids,Low,0,0
OBS-03907,2022-03-23,North_Region,Clay,Tomato,18.3,53.3,18.9,Beetles,Low,2,0
OBS-03908,2022-02-12,Central_Valley,Clay,Cotton,34.9,64.8,1.4,Whiteflies,Medium,4,1
OBS-03909,2022-03-15,North_Region,Sandy,Wheat,32.6,56.3,37.1,Beetles,Low,3,0
OBS-03910,2023-08-30,South_Region,Loam,Tomato,13.6,66.9,22.8,Beetles,Low,3,0
OBS-03911,2023-12-01,South_Region,Sandy,Wheat,38.0,49.1,32.4,Aphids,Low,3,0
OBS-03912,2022-05-11,Central_Valley,Clay,Cotton,39.8,36.7,8.5,Blight_Spores,Medium,4,1
OBS-03913,2023-10-16,East_Region,Clay,Wheat,23.1,63.2,13.4,Beetles,Low,2,0
OBS-03914,2023-11-09,North_Region,Silt,Barley,34.9,90.5,26.8,Blight_Spores,Medium,6,1
OBS-03915,2023-09-24,Central_Valley,Silt,Soybean,14.7,56.6,2.3,Armyworms,Low,1,0
OBS-03916,2023-05-25,Central_Valley,Clay,Barley,31.1,40.6,17.6,Armyworms,Low,2,0
OBS-03917,2022-12-16,East_Region,Clay,Soybean,11.1,40.0,16.2,Beetles,Low,0,0
OBS-03918,2023-10-17,West_Region,Sandy,Wheat,31.0,53.7,14.4,Beetles,Low,2,0
OBS-03919,2022-01-11,East_Region,Sandy,Cotton,11.3,36.4,42.3,Armyworms,Low,1,0
OBS-03920,2022-05-11,Central_Valley,Clay,Corn,10.3,45.2,18.2,Aphids,Low,2,0
OBS-03921,2022-10-04,East_Region,Loam,Wheat,36.7,47.7,27.0,Beetles,Low,0,0
OBS-03922,2023-01-21,Central_Valley,Loam,Barley,35.2,85.1,48.6,Aphids,Medium,4,1
OBS-03923,2023-04-19,East_Region,Sandy,Soybean,21.0,70.1,1.3,Beetles,Low,2,0
OBS-03924,2022-10-11,East_Region,Clay,Soybean,23.8,61.3,26.9,Armyworms,Low,2,0
OBS-03925,2023-10-30,West_Region,Clay,Soybean,22.3,40.7,39.0,Aphids,Low,0,0
OBS-03926,2023-08-25,South_Region,Silt,Cotton,18.2,32.2,11.0,Aphids,Low,3,0
OBS-03927,2023-06-23,East_Region,Sandy,Tomato,36.7,35.6,6.6,Aphids,Medium,6,1
OBS-03928,2022-10-26,East_Region,Sandy,Wheat,28.6,49.1,8.2,Armyworms,Low,1,0
OBS-03929,2022-08-04,West_Region,Clay,Barley,35.3,53.2,12.4,Blight_Spores,Low,1,0
OBS-03930,2022-10-08,Central_Valley,Silt,Wheat,11.0,37.5,2.1,Armyworms,Low,1,0
OBS-03931,2022-10-16,East_Region,Silt,Soybean,16.8,60.1,44.7,Beetles,Low,0,0
OBS-03932,2023-05-21,East_Region,Clay,Cotton,34.8,43.8,21.7,Aphids,Low,3,0
OBS-03933,2023-10-19,Central_Valley,Loam,Rice,21.7,60.9,23.1,Armyworms,Low,0,0
OBS-03934,2023-06-15,Central_Valley,Loam,Soybean,35.0,77.1,3.8,Whiteflies,Low,2,0
OBS-03935,2023-11-28,East_Region,Sandy,Wheat,28.6,64.5,47.5,Armyworms,Low,3,0
OBS-03936,2023-01-17,East_Region,Silt,Rice,21.4,94.1,30.2,Beetles,Low,1,0
OBS-03937,2022-06-29,Central_Valley,Silt,Barley,26.4,93.3,31.2,Beetles,Low,1,0
OBS-03938,2023-09-08,East_Region,Silt,Rice,22.9,68.8,5.0,Blight_Spores,Low,1,0
OBS-03939,2023-05-30,North_Region,Silt,Rice,22.4,56.4,12.8,Blight_Spores,Low,1,0
OBS-03940,2023-08-25,South_Region,Silt,Tomato,16.9,56.2,6.6,Armyworms,Low,2,0
OBS-03941,2022-08-29,Central_Valley,Sandy,Barley,39.6,47.6,32.6,Beetles,Low,1,0
OBS-03942,2023-03-14,East_Region,Sandy,Tomato,35.7,79.9,24.7,Blight_Spores,High,7,1
OBS-03943,2023-09-29,South_Region,Loam,Cotton,12.9,70.6,26.8,Beetles,Low,3,0
OBS-03944,2022-04-02,East_Region,Clay,Barley,19.3,64.4,5.3,Blight_Spores,Low,1,0
OBS-03945,2022-06-11,East_Region,Clay,Corn,13.8,93.4,28.2,Armyworms,Medium,5,1
OBS-03946,2023-07-12,East_Region,Loam,Rice,31.5,34.7,9.3,Aphids,Low,2,0
OBS-03947,2022-03-23,West_Region,Silt,Tomato,39.4,36.4,13.3,Beetles,Medium,4,1
OBS-03948,2022-02-19,West_Region,Loam,Cotton,29.7,47.2,21.7,Armyworms,Low,3,0
OBS-03949,2023-06-14,Central_Valley,Silt,Rice,29.2,72.7,16.6,Beetles,Medium,4,1
OBS-03950,2023-02-19,North_Region,Sandy,Corn,16.0,80.8,38.6,Beetles,Low,3,0
OBS-03951,2023-02-24,East_Region,Loam,Corn,28.8,76.1,36.1,Blight_Spores,Medium,5,1
OBS-03952,2022-03-02,North_Region,Loam,Barley,39.3,75.8,9.4,Beetles,High,8,1
OBS-03953,2022-11-29,Central_Valley,Silt,Corn,34.4,56.0,31.4,Armyworms,Low,1,0
OBS-03954,2022-07-16,East_Region,Clay,Tomato,27.0,50.4,22.4,Whiteflies,Low,3,0
OBS-03955,2022-01-31,South_Region,Loam,Rice,11.0,30.2,0.7,Blight_Spores,Low,1,0
OBS-03956,2022-10-24,East_Region,Clay,Rice,10.4,86.1,32.9,Whiteflies,Low,2,0
OBS-03957,2022-01-06,Central_Valley,Sandy,Wheat,19.0,44.6,35.4,Armyworms,Low,0,0
OBS-03958,2022-08-17,North_Region,Clay,Wheat,19.2,93.6,27.0,Whiteflies,Low,3,0
OBS-03959,2023-04-13,East_Region,Silt,Tomato,18.2,76.0,0.1,Beetles,Low,2,0
OBS-03960,2022-08-26,East_Region,Silt,Wheat,24.4,34.5,27.4,Beetles,Low,0,0
OBS-03961,2023-08-15,Central_Valley,Sandy,Tomato,14.9,92.1,10.6,Whiteflies,Low,1,0
OBS-03962,2022-08-28,West_Region,Clay,Soybean,30.2,79.6,14.6,Beetles,Medium,6,1
OBS-03963,2023-03-20,South_Region,Clay,Wheat,10.6,38.5,10.2,Blight_Spores,Low,1,0
OBS-03964,2023-04-17,West_Region,Silt,Tomato,27.9,67.9,13.8,Whiteflies,Medium,6,1
OBS-03965,2023-09-12,North_Region,Clay,Rice,26.9,82.9,33.4,Beetles,Medium,4,1
OBS-03966,2023-03-29,South_Region,Clay,Wheat,17.5,38.9,22.6,Aphids,Low,0,0
OBS-03967,2022-01-06,West_Region,Loam,Wheat,35.7,63.6,18.2,Blight_Spores,Low,3,0
OBS-03968,2023-03-26,South_Region,Silt,Wheat,20.5,46.6,12.6,Whiteflies,Low,3,0
OBS-03969,2023-11-18,South_Region,Silt,Rice,10.6,53.5,16.8,Whiteflies,Low,0,0
OBS-03970,2023-04-01,Central_Valley,Silt,Corn,26.9,35.2,27.8,Aphids,Medium,4,1
OBS-03971,2022-09-02,North_Region,Sandy,Barley,18.5,92.0,49.3,Armyworms,Low,1,0
OBS-03972,2023-08-27,West_Region,Loam,Barley,32.1,31.9,5.2,Blight_Spores,Low,1,0
OBS-03973,2022-02-01,South_Region,Loam,Tomato,22.7,88.9,14.8,Armyworms,Low,2,0
OBS-03974,2023-02-25,East_Region,Clay,Barley,10.8,41.9,17.3,Aphids,Low,1,0
OBS-03975,2022-02-21,North_Region,Clay,Soybean,25.1,73.7,18.2,Blight_Spores,Low,3,0
OBS-03976,2023-03-26,East_Region,Sandy,Tomato,31.0,70.9,44.9,Aphids,Medium,6,1
OBS-03977,2022-02-11,South_Region,Loam,Corn,37.0,47.7,19.8,Blight_Spores,Low,1,0
OBS-03978,2023-03-14,East_Region,Sandy,Wheat,37.9,32.4,25.0,Aphids,Low,3,0
OBS-03979,2023-08-20,East_Region,Clay,Rice,23.5,83.4,15.9,Beetles,Low,2,0
OBS-03980,2022-02-11,West_Region,Clay,Cotton,30.9,41.8,43.3,Whiteflies,Medium,4,1
OBS-03981,2023-09-17,North_Region,Sandy,Soybean,32.3,43.2,28.9,Whiteflies,Medium,5,1
OBS-03982,2022-07-03,Central_Valley,Sandy,Cotton,26.9,93.6,37.4,Blight_Spores,Medium,5,1
OBS-03983,2023-10-24,East_Region,Clay,Soybean,32.6,58.8,9.0,Beetles,Medium,4,1
OBS-03984,2022-05-17,East_Region,Loam,Barley,12.4,47.0,27.0,Whiteflies,Low,1,0
OBS-03985,2023-03-29,East_Region,Sandy,Corn,13.4,61.8,28.3,Aphids,Low,1,0
OBS-03986,2022-05-05,North_Region,Clay,Wheat,11.6,62.5,34.6,Blight_Spores,Low,0,0
OBS-03987,2023-03-15,West_Region,Loam,Cotton,32.4,47.3,17.4,Aphids,Medium,5,1
OBS-03988,2023-04-02,South_Region,Loam,Rice,32.5,94.5,42.8,Armyworms,Low,3,0
OBS-03989,2022-12-13,South_Region,Silt,Cotton,16.5,56.1,4.9,Blight_Spores,Low,0,0
OBS-03990,2023-07-19,West_Region,Clay,Barley,38.5,89.4,29.7,Beetles,Medium,5,1
OBS-03991,2022-03-16,South_Region,Clay,Cotton,37.9,33.2,21.3,Armyworms,Medium,6,1
OBS-03992,2023-10-31,East_Region,Silt,Rice,17.3,75.7,9.4,Aphids,Medium,4,1
OBS-03993,2022-01-11,West_Region,Loam,Cotton,14.7,54.0,37.6,Whiteflies,Low,1,0
OBS-03994,2022-04-10,West_Region,Silt,Soybean,15.1,59.8,38.0,Aphids,Low,0,0
OBS-03995,2023-06-11,West_Region,Clay,Tomato,19.9,44.3,31.5,Whiteflies,Low,3,0
OBS-03996,2022-04-17,North_Region,Sandy,Corn,25.9,59.0,31.3,Armyworms,Low,1,0
OBS-03997,2022-09-08,South_Region,Clay,Wheat,19.6,79.5,48.8,Beetles,Low,2,0
OBS-03998,2022-04-14,East_Region,Loam,Soybean,17.7,74.0,45.8,Beetles,Low,1,0
OBS-03999,2022-12-05,South_Region,Clay,Barley,38.5,39.5,8.1,Blight_Spores,Medium,4,1
OBS-04000,2023-11-22,South_Region,Clay,Barley,11.5,33.1,14.1,Beetles,Low,2,0
OBS-04001,2022-12-06,South_Region,Loam,Barley,11.2,54.5,1.3,Armyworms,Low,1,0
OBS-04002,2022-04-29,North_Region,Clay,Corn,10.6,59.8,28.3,Whiteflies,Low,3,0
OBS-04003,2022-11-17,North_Region,Clay,Tomato,22.8,69.0,12.3,Aphids,Low,2,0
OBS-04004,2022-11-19,Central_Valley,Silt,Wheat,17.3,77.7,3.3,Beetles,Medium,4,1
OBS-04005,2023-06-10,North_Region,Sandy,Soybean,37.9,64.3,40.5,Blight_Spores,Low,1,0
OBS-04006,2022-11-13,East_Region,Loam,Rice,13.1,86.0,47.1,Whiteflies,Low,1,0
OBS-04007,2023-06-30,North_Region,Sandy,Wheat,11.9,44.7,34.2,Aphids,Low,0,0
OBS-04008,2023-07-10,South_Region,Sandy,Cotton,31.8,53.4,6.5,Armyworms,Low,1,0
OBS-04009,2022-06-24,East_Region,Loam,Rice,31.6,92.4,21.1,Blight_Spores,Low,1,0
OBS-04010,2022-01-19,East_Region,Clay,Corn,18.3,54.3,27.6,Whiteflies,Low,0,0
OBS-04011,2022-05-24,Central_Valley,Silt,Rice,15.9,55.3,5.6,Armyworms,Low,2,0
OBS-04012,2023-08-12,East_Region,Silt,Rice,19.3,75.1,38.3,Whiteflies,Low,0,0
OBS-04013,2022-05-21,North_Region,Loam,Corn,22.9,33.7,32.0,Armyworms,Low,0,0
OBS-04014,2022-02-26,East_Region,Clay,Cotton,28.9,30.2,6.0,Armyworms,Low,3,0
OBS-04015,2023-02-12,West_Region,Loam,Tomato,36.7,68.2,30.1,Whiteflies,Medium,4,1
OBS-04016,2022-04-15,South_Region,Silt,Soybean,11.7,76.7,19.8,Beetles,Medium,6,1
OBS-04017,2023-06-25,North_Region,Silt,Tomato,32.4,91.6,0.3,Aphids,Medium,4,1
OBS-04018,2023-04-19,North_Region,Silt,Soybean,38.0,31.5,37.2,Armyworms,Low,0,0
OBS-04019,2022-07-04,East_Region,Silt,Wheat,29.1,42.2,46.7,Blight_Spores,Low,2,0
OBS-04020,2023-01-27,South_Region,Silt,Wheat,19.1,76.6,42.9,Beetles,Low,1,0
OBS-04021,2023-08-20,Central_Valley,Clay,Tomato,33.6,56.4,13.6,Aphids,Medium,4,1
OBS-04022,2023-08-12,East_Region,Silt,Wheat,27.9,71.3,42.8,Armyworms,Low,2,0
OBS-04023,2023-11-11,South_Region,Sandy,Barley,32.9,40.1,15.9,Armyworms,Low,2,0
OBS-04024,2023-09-20,North_Region,Sandy,Wheat,14.8,42.8,49.5,Whiteflies,Low,0,0
OBS-04025,2022-09-28,South_Region,Sandy,Rice,10.6,75.1,7.1,Armyworms,Medium,6,1
OBS-04026,2022-05-26,West_Region,Loam,Wheat,12.3,70.8,36.3,Blight_Spores,Low,2,0
OBS-04027,2023-09-25,East_Region,Sandy,Corn,34.6,51.0,41.6,Blight_Spores,Low,1,0
OBS-04028,2022-03-15,East_Region,Loam,Barley,14.7,37.1,21.7,Aphids,Low,2,0
OBS-04029,2022-08-14,South_Region,Silt,Barley,10.1,34.2,39.9,Aphids,Low,0,0
OBS-04030,2023-02-23,North_Region,Loam,Soybean,23.4,90.9,24.7,Beetles,Low,1,0
OBS-04031,2023-08-05,South_Region,Sandy,Tomato,22.0,75.5,38.3,Blight_Spores,Low,2,0
OBS-04032,2022-07-06,East_Region,Clay,Barley,29.4,44.6,16.3,Armyworms,Low,2,0
OBS-04033,2022-11-10,East_Region,Sandy,Tomato,24.7,64.9,46.5,Aphids,Low,2,0
OBS-04034,2022-02-17,North_Region,Sandy,Cotton,17.3,34.7,46.1,Beetles,Low,1,0
OBS-04035,2023-03-11,East_Region,Loam,Tomato,19.0,33.2,32.6,Blight_Spores,Low,2,0
OBS-04036,2022-02-13,West_Region,Clay,Barley,28.1,33.1,13.9,Aphids,Low,1,0
OBS-04037,2023-08-25,East_Region,Clay,Wheat,30.9,94.9,28.2,Beetles,Low,3,0
OBS-04038,2023-04-23,West_Region,Clay,Corn,31.2,75.5,42.5,Beetles,Low,2,0
OBS-04039,2022-05-17,North_Region,Loam,Soybean,10.2,84.1,18.7,Blight_Spores,Low,1,0
OBS-04040,2023-09-15,North_Region,Loam,Tomato,31.8,92.3,35.4,Aphids,High,7,1
OBS-04041,2022-03-26,West_Region,Silt,Tomato,29.0,50.0,43.7,Whiteflies,High,7,1
OBS-04042,2022-08-24,East_Region,Clay,Soybean,22.4,70.0,42.6,Beetles,Low,0,0
OBS-04043,2022-01-01,South_Region,Loam,Soybean,24.0,59.8,35.3,Aphids,Low,1,0
OBS-04044,2022-02-13,South_Region,Silt,Rice,30.0,92.2,40.9,Blight_Spores,Low,3,0
OBS-04045,2022-02-05,South_Region,Silt,Wheat,18.5,81.0,13.2,Aphids,Low,1,0
OBS-04046,2022-01-05,East_Region,Clay,Rice,29.7,60.2,28.6,Aphids,Medium,4,1
OBS-04047,2023-07-03,North_Region,Sandy,Soybean,33.8,73.2,2.9,Blight_Spores,Medium,5,1
OBS-04048,2022-09-02,South_Region,Loam,Rice,19.4,69.4,18.5,Beetles,Low,1,0
OBS-04049,2022-01-15,South_Region,Sandy,Barley,32.3,69.9,22.5,Beetles,Low,3,0
OBS-04050,2023-03-14,Central_Valley,Silt,Wheat,29.4,93.1,6.3,Beetles,Medium,6,1
OBS-04051,2022-01-08,East_Region,Clay,Rice,30.0,78.4,12.5,Blight_Spores,Low,1,0
OBS-04052,2023-03-26,Central_Valley,Sandy,Barley,34.9,94.7,26.8,Whiteflies,High,7,1
OBS-04053,2023-11-01,West_Region,Loam,Cotton,25.0,37.3,40.2,Armyworms,Low,1,0
OBS-04054,2023-08-14,Central_Valley,Silt,Tomato,19.7,89.9,46.3,Blight_Spores,Low,2,0
OBS-04055,2023-04-05,North_Region,Silt,Cotton,21.8,94.7,20.0,Armyworms,Low,3,0
OBS-04056,2023-01-22,North_Region,Loam,Cotton,26.0,55.6,42.9,Blight_Spores,Low,1,0
OBS-04057,2023-06-21,North_Region,Loam,Cotton,14.4,32.5,39.4,Whiteflies,Low,1,0
OBS-04058,2022-04-21,South_Region,Loam,Soybean,18.6,30.2,20.2,Blight_Spores,Low,1,0
OBS-04059,2023-07-18,West_Region,Sandy,Tomato,38.4,47.1,17.8,Aphids,Medium,6,1
OBS-04060,2023-10-17,Central_Valley,Clay,Wheat,13.1,51.3,48.5,Beetles,Low,0,0
OBS-04061,2022-09-28,West_Region,Loam,Soybean,28.4,60.6,28.6,Whiteflies,Medium,4,1
OBS-04062,2023-01-04,Central_Valley,Clay,Corn,24.9,61.5,30.5,Blight_Spores,Low,0,0
OBS-04063,2023-10-24,North_Region,Silt,Wheat,35.4,94.1,25.3,Whiteflies,Medium,6,1
OBS-04064,2022-04-26,North_Region,Loam,Wheat,37.5,42.1,41.5,Blight_Spores,Low,3,0
OBS-04065,2022-05-23,South_Region,Clay,Cotton,31.8,94.2,49.6,Beetles,Low,0,0
OBS-04066,2023-06-13,East_Region,Clay,Wheat,37.7,62.8,20.0,Whiteflies,Medium,5,1
OBS-04067,2022-02-22,West_Region,Silt,Cotton,12.3,52.7,2.5,Aphids,Low,1,0
OBS-04068,2022-03-04,North_Region,Silt,Rice,12.7,63.6,35.5,Aphids,Low,2,0
OBS-04069,2023-02-18,Central_Valley,Clay,Barley,10.5,57.5,14.6,Beetles,Low,1,0
OBS-04070,2023-06-06,East_Region,Sandy,Cotton,22.6,75.3,3.0,Whiteflies,Low,2,0
OBS-04071,2023-04-04,North_Region,Silt,Cotton,25.9,37.1,39.1,Blight_Spores,Low,0,0
OBS-04072,2023-08-26,West_Region,Silt,Tomato,26.0,66.1,33.4,Beetles,Medium,4,1
OBS-04073,2022-10-03,North_Region,Loam,Barley,37.4,36.6,20.7,Aphids,Medium,4,1
OBS-04074,2022-06-13,Central_Valley,Silt,Soybean,28.6,72.2,32.3,Aphids,Low,2,0
OBS-04075,2022-01-02,South_Region,Silt,Cotton,39.3,60.1,27.4,Armyworms,Low,3,0
OBS-04076,2023-03-18,East_Region,Loam,Soybean,13.5,63.7,32.0,Armyworms,Low,0,0
OBS-04077,2022-08-16,East_Region,Clay,Soybean,30.7,88.4,31.1,Whiteflies,Low,2,0
OBS-04078,2023-02-05,South_Region,Clay,Cotton,10.4,82.4,27.5,Armyworms,Low,3,0
OBS-04079,2022-03-16,East_Region,Clay,Wheat,26.0,35.6,23.7,Armyworms,Low,1,0
OBS-04080,2023-06-14,Central_Valley,Sandy,Rice,12.7,92.3,48.2,Beetles,Medium,4,1
OBS-04081,2022-08-22,Central_Valley,Sandy,Tomato,19.9,87.5,3.0,Armyworms,Medium,4,1
OBS-04082,2023-09-29,West_Region,Clay,Corn,13.8,44.7,35.0,Beetles,Low,2,0
OBS-04083,2022-02-21,East_Region,Silt,Barley,21.9,52.4,6.1,Whiteflies,Low,0,0
OBS-04084,2022-04-04,North_Region,Silt,Soybean,14.8,89.2,3.1,Aphids,Low,3,0
OBS-04085,2023-02-14,North_Region,Silt,Corn,32.1,72.2,21.2,Blight_Spores,Medium,4,1
OBS-04086,2022-12-29,West_Region,Sandy,Cotton,21.5,58.8,17.1,Beetles,Low,3,0
OBS-04087,2023-04-12,East_Region,Silt,Corn,16.6,69.3,8.2,Blight_Spores,Low,1,0
OBS-04088,2022-08-21,South_Region,Silt,Rice,22.5,44.6,28.9,Whiteflies,Low,0,0
OBS-04089,2022-12-29,North_Region,Clay,Wheat,10.4,65.4,24.9,Whiteflies,Low,1,0
OBS-04090,2023-01-29,Central_Valley,Silt,Tomato,24.2,81.3,26.2,Armyworms,Medium,5,1
OBS-04091,2022-08-10,East_Region,Silt,Wheat,39.7,41.6,46.6,Whiteflies,Medium,6,1
OBS-04092,2023-05-06,North_Region,Sandy,Wheat,22.6,93.6,38.7,Aphids,Low,1,0
OBS-04093,2023-11-02,South_Region,Loam,Cotton,26.5,37.1,45.6,Blight_Spores,Low,3,0
OBS-04094,2022-08-17,East_Region,Silt,Wheat,11.9,84.5,25.9,Whiteflies,Low,3,0
OBS-04095,2022-05-12,West_Region,Loam,Corn,13.5,31.6,7.9,Beetles,Low,0,0
OBS-04096,2023-10-29,East_Region,Clay,Corn,38.0,58.9,31.6,Blight_Spores,Low,3,0
OBS-04097,2023-01-04,Central_Valley,Silt,Soybean,34.6,82.0,26.0,Armyworms,Medium,5,1
OBS-04098,2023-06-27,West_Region,Clay,Rice,20.8,75.7,37.6,Blight_Spores,Low,0,0
OBS-04099,2023-05-14,North_Region,Loam,Soybean,28.5,87.4,6.2,Armyworms,Medium,4,1
OBS-04100,2023-09-17,South_Region,Silt,Corn,13.1,69.0,25.8,Blight_Spores,Low,0,0
OBS-04101,2023-08-23,Central_Valley,Sandy,Soybean,18.8,79.3,1.6,Aphids,Low,3,0
OBS-04102,2022-03-04,North_Region,Loam,Rice,33.2,47.5,29.6,Blight_Spores,Medium,4,1
OBS-04103,2022-08-19,Central_Valley,Clay,Wheat,38.8,89.2,49.2,Armyworms,Low,3,0
OBS-04104,2022-12-26,North_Region,Sandy,Wheat,23.5,79.1,33.8,Blight_Spores,Low,2,0
OBS-04105,2022-11-26,West_Region,Sandy,Tomato,15.3,37.8,43.2,Blight_Spores,Medium,5,1
OBS-04106,2023-02-28,West_Region,Loam,Soybean,27.5,51.5,30.6,Armyworms,Medium,4,1
OBS-04107,2022-12-18,South_Region,Sandy,Rice,30.0,72.3,15.4,Blight_Spores,Low,1,0
OBS-04108,2023-03-07,South_Region,Loam,Wheat,39.4,68.0,21.1,Beetles,Low,3,0
OBS-04109,2022-02-24,North_Region,Silt,Soybean,25.3,35.4,39.8,Aphids,Low,2,0
OBS-04110,2023-05-15,West_Region,Clay,Wheat,20.4,86.8,47.1,Aphids,Low,2,0
OBS-04111,2023-10-04,South_Region,Clay,Corn,21.3,36.3,8.8,Whiteflies,Low,2,0
OBS-04112,2022-09-30,North_Region,Loam,Barley,32.4,85.2,41.4,Blight_Spores,Medium,6,1
OBS-04113,2023-01-28,South_Region,Silt,Soybean,14.0,59.0,35.8,Blight_Spores,Low,2,0
OBS-04114,2023-07-07,South_Region,Loam,Tomato,22.2,59.1,41.8,Blight_Spores,Low,1,0
OBS-04115,2022-07-15,East_Region,Silt,Barley,23.7,32.8,10.7,Whiteflies,Low,0,0
OBS-04116,2022-05-15,Central_Valley,Sandy,Wheat,38.2,59.8,42.0,Blight_Spores,Low,3,0
OBS-04117,2023-11-03,South_Region,Loam,Soybean,28.0,90.9,24.9,Whiteflies,Medium,4,1
OBS-04118,2023-02-14,Central_Valley,Clay,Barley,30.9,82.2,21.5,Aphids,Low,3,0
OBS-04119,2023-08-09,South_Region,Loam,Wheat,10.7,76.0,27.8,Beetles,Low,2,0
OBS-04120,2022-07-26,Central_Valley,Silt,Wheat,19.8,92.7,0.6,Aphids,Low,3,0
OBS-04121,2023-10-18,East_Region,Clay,Cotton,34.2,53.4,6.3,Armyworms,Low,2,0
OBS-04122,2022-08-02,West_Region,Clay,Tomato,10.7,67.9,43.3,Blight_Spores,Low,1,0
OBS-04123,2022-01-12,Central_Valley,Loam,Barley,18.1,72.7,28.8,Armyworms,Low,1,0
OBS-04124,2022-04-07,Central_Valley,Loam,Tomato,12.2,62.2,40.3,Armyworms,Low,3,0
OBS-04125,2022-12-15,South_Region,Clay,Cotton,21.4,71.0,6.5,Whiteflies,Low,1,0
OBS-04126,2023-07-09,South_Region,Clay,Corn,38.1,40.7,41.8,Blight_Spores,Medium,5,1
OBS-04127,2023-10-11,North_Region,Clay,Soybean,18.4,63.6,10.7,Whiteflies,Low,0,0
OBS-04128,2022-05-17,South_Region,Silt,Corn,33.2,74.6,24.9,Aphids,Medium,6,1
OBS-04129,2023-03-30,West_Region,Sandy,Barley,10.1,68.4,15.8,Armyworms,Low,0,0
OBS-04130,2022-06-19,West_Region,Sandy,Cotton,11.2,46.9,35.0,Blight_Spores,Low,0,0
OBS-04131,2023-05-05,South_Region,Clay,Corn,15.2,73.6,33.7,Armyworms,Low,0,0
OBS-04132,2022-02-12,West_Region,Clay,Cotton,19.9,56.1,9.4,Aphids,Low,1,0
OBS-04133,2022-08-11,East_Region,Silt,Cotton,32.9,61.3,39.3,Armyworms,Medium,5,1
OBS-04134,2022-01-12,Central_Valley,Silt,Tomato,21.1,75.4,23.9,Whiteflies,Medium,5,1
OBS-04135,2023-09-29,South_Region,Clay,Soybean,10.5,88.2,2.9,Aphids,Medium,5,1
OBS-04136,2023-05-04,West_Region,Clay,Barley,14.1,57.2,29.2,Blight_Spores,Low,0,0
OBS-04137,2023-02-14,East_Region,Clay,Corn,31.2,51.4,25.7,Armyworms,Low,2,0
OBS-04138,2022-11-24,East_Region,Clay,Rice,25.8,72.6,41.9,Aphids,Medium,5,1
OBS-04139,2022-10-07,South_Region,Sandy,Rice,22.8,61.6,18.3,Blight_Spores,Low,0,0
OBS-04140,2023-08-04,South_Region,Clay,Corn,26.0,70.5,1.0,Beetles,Medium,6,1
OBS-04141,2023-03-12,East_Region,Silt,Tomato,10.1,89.8,17.9,Armyworms,Low,3,0
OBS-04142,2023-07-19,South_Region,Sandy,Tomato,20.0,81.9,24.8,Aphids,Medium,4,1
OBS-04143,2022-08-26,East_Region,Sandy,Barley,37.1,45.9,47.4,Blight_Spores,Medium,4,1
OBS-04144,2023-09-02,North_Region,Silt,Soybean,17.5,75.5,34.0,Armyworms,Low,1,0
OBS-04145,2022-08-25,West_Region,Sandy,Wheat,33.5,71.3,17.8,Armyworms,Low,3,0
OBS-04146,2022-12-28,North_Region,Loam,Cotton,20.6,51.2,0.6,Aphids,Low,3,0
OBS-04147,2022-12-10,South_Region,Clay,Tomato,30.9,48.4,0.7,Whiteflies,Medium,4,1
OBS-04148,2022-11-10,Central_Valley,Loam,Soybean,24.8,34.0,9.5,Whiteflies,Low,1,0
OBS-04149,2022-07-12,West_Region,Loam,Wheat,37.5,73.0,41.9,Whiteflies,Medium,4,1
OBS-04150,2023-06-17,South_Region,Sandy,Rice,25.2,82.1,41.8,Beetles,Low,2,0
OBS-04151,2023-05-22,Central_Valley,Loam,Barley,26.5,78.2,24.4,Blight_Spores,Medium,4,1
OBS-04152,2023-08-21,West_Region,Clay,Corn,30.6,71.2,29.4,Whiteflies,Low,3,0
OBS-04153,2022-08-15,Central_Valley,Sandy,Wheat,27.2,80.4,49.9,Blight_Spores,Low,3,0
OBS-04154,2023-08-21,South_Region,Clay,Cotton,21.4,81.3,41.4,Aphids,Low,2,0
OBS-04155,2022-08-16,North_Region,Silt,Corn,18.5,86.3,3.3,Beetles,Low,2,0
OBS-04156,2022-05-20,West_Region,Silt,Corn,25.2,60.9,39.8,Whiteflies,Low,3,0
OBS-04157,2023-03-12,North_Region,Sandy,Soybean,18.9,49.7,27.3,Beetles,Low,0,0
OBS-04158,2022-03-09,North_Region,Sandy,Barley,38.2,53.5,5.1,Beetles,Low,0,0
OBS-04159,2023-11-18,South_Region,Sandy,Wheat,25.4,87.8,9.0,Aphids,Low,2,0
OBS-04160,2022-11-12,South_Region,Clay,Soybean,23.0,37.7,28.2,Blight_Spores,Low,1,0
OBS-04161,2022-11-04,Central_Valley,Loam,Corn,29.2,68.2,30.7,Armyworms,Low,1,0
OBS-04162,2022-04-30,South_Region,Silt,Cotton,14.1,43.6,38.1,Whiteflies,Low,1,0
OBS-04163,2023-10-24,South_Region,Clay,Rice,15.0,45.6,6.9,Whiteflies,Low,0,0
OBS-04164,2022-01-13,Central_Valley,Sandy,Cotton,35.7,52.3,19.1,Armyworms,Medium,6,1
OBS-04165,2023-03-04,Central_Valley,Silt,Cotton,10.2,59.8,1.6,Beetles,Low,0,0
OBS-04166,2022-09-22,South_Region,Clay,Soybean,24.1,72.7,15.2,Whiteflies,Low,0,0
OBS-04167,2023-01-06,South_Region,Clay,Rice,36.7,66.7,4.9,Beetles,Low,2,0
OBS-04168,2023-06-05,East_Region,Clay,Rice,39.7,76.7,19.1,Whiteflies,Low,3,0
OBS-04169,2023-02-05,East_Region,Sandy,Tomato,32.8,65.6,5.2,Whiteflies,Low,2,0
OBS-04170,2022-06-23,North_Region,Loam,Soybean,10.1,61.4,48.2,Beetles,Low,0,0
OBS-04171,2023-09-13,Central_Valley,Sandy,Corn,25.6,35.1,37.9,Aphids,Medium,4,1
OBS-04172,2022-06-02,Central_Valley,Loam,Barley,16.4,92.9,49.8,Armyworms,Low,2,0
OBS-04173,2023-02-28,South_Region,Sandy,Cotton,38.2,37.5,38.9,Blight_Spores,Low,2,0
OBS-04174,2022-01-21,North_Region,Sandy,Cotton,39.6,81.8,2.0,Beetles,High,8,1
OBS-04175,2022-10-11,West_Region,Loam,Cotton,13.3,51.3,29.1,Aphids,Medium,5,1
OBS-04176,2022-03-04,West_Region,Loam,Soybean,13.2,80.5,40.4,Blight_Spores,Low,1,0
OBS-04177,2022-09-24,East_Region,Loam,Cotton,29.1,38.1,42.9,Blight_Spores,Low,3,0
OBS-04178,2023-10-14,West_Region,Loam,Corn,25.2,82.6,46.2,Whiteflies,Low,3,0
OBS-04179,2022-04-13,Central_Valley,Loam,Wheat,29.1,85.0,28.4,Armyworms,Low,2,0
OBS-04180,2023-06-21,West_Region,Loam,Cotton,39.6,32.5,47.0,Armyworms,Low,3,0
OBS-04181,2022-08-07,North_Region,Silt,Corn,21.7,43.3,28.9,Armyworms,Low,1,0
OBS-04182,2023-02-05,West_Region,Loam,Rice,21.6,39.4,5.8,Blight_Spores,Low,0,0
OBS-04183,2022-10-07,South_Region,Silt,Wheat,16.3,71.4,3.0,Aphids,Medium,5,1
OBS-04184,2022-01-20,South_Region,Clay,Cotton,36.7,46.0,0.6,Blight_Spores,Low,1,0
OBS-04185,2022-08-05,Central_Valley,Clay,Barley,30.8,76.5,20.6,Beetles,Low,2,0
OBS-04186,2022-04-21,East_Region,Loam,Tomato,19.7,42.8,13.6,Beetles,Low,2,0
OBS-04187,2022-07-09,North_Region,Silt,Corn,27.6,54.7,33.0,Beetles,Low,1,0
OBS-04188,2022-09-04,North_Region,Silt,Rice,23.0,64.7,21.8,Armyworms,Low,0,0
OBS-04189,2023-10-21,Central_Valley,Clay,Barley,10.1,42.4,40.6,Blight_Spores,Low,0,0
OBS-04190,2023-01-04,South_Region,Loam,Barley,33.8,42.9,10.1,Whiteflies,Medium,6,1
OBS-04191,2023-01-06,North_Region,Sandy,Cotton,21.5,92.1,38.0,Beetles,Medium,4,1
OBS-04192,2023-11-10,Central_Valley,Loam,Cotton,36.7,55.0,34.0,Whiteflies,Low,3,0
OBS-04193,2023-06-13,North_Region,Loam,Soybean,38.2,82.8,35.7,Aphids,High,9,1
OBS-04194,2022-09-08,North_Region,Clay,Corn,24.7,52.3,21.1,Blight_Spores,Low,0,0
OBS-04195,2022-01-07,East_Region,Silt,Tomato,17.4,91.1,21.1,Aphids,Low,3,0
OBS-04196,2023-11-24,Central_Valley,Sandy,Wheat,16.8,32.9,17.7,Beetles,Low,2,0
OBS-04197,2023-01-07,North_Region,Clay,Corn,32.0,51.1,33.4,Blight_Spores,Medium,4,1
OBS-04198,2023-11-06,South_Region,Loam,Barley,13.8,88.2,32.1,Blight_Spores,Low,0,0
OBS-04199,2023-11-09,West_Region,Clay,Wheat,21.3,91.7,7.5,Beetles,Medium,5,1
OBS-04200,2022-11-30,East_Region,Clay,Corn,14.3,51.0,23.6,Armyworms,Medium,4,1
OBS-04201,2022-09-21,West_Region,Loam,Soybean,25.7,72.9,22.7,Armyworms,Medium,4,1
OBS-04202,2023-08-04,East_Region,Loam,Tomato,25.8,66.2,37.7,Aphids,Low,1,0
OBS-04203,2022-07-01,North_Region,Silt,Tomato,27.5,63.0,5.3,Armyworms,Low,2,0
OBS-04204,2023-01-30,West_Region,Silt,Corn,34.3,47.7,35.6,Aphids,Low,3,0
OBS-04205,2023-01-05,South_Region,Silt,Soybean,17.2,41.6,8.9,Aphids,Low,2,0
OBS-04206,2023-01-05,Central_Valley,Loam,Corn,30.2,51.7,38.3,Armyworms,Low,1,0
OBS-04207,2022-06-08,South_Region,Silt,Cotton,38.7,37.3,30.3,Armyworms,Low,2,0
OBS-04208,2022-11-16,North_Region,Loam,Soybean,17.8,31.6,5.9,Whiteflies,Low,1,0
OBS-04209,2022-06-03,North_Region,Clay,Tomato,24.5,76.3,11.9,Aphids,Low,2,0
OBS-04210,2023-08-25,North_Region,Sandy,Wheat,25.1,66.7,25.1,Beetles,Medium,5,1
OBS-04211,2022-07-29,West_Region,Clay,Soybean,25.2,91.0,28.1,Beetles,Low,0,0
OBS-04212,2023-05-18,West_Region,Loam,Rice,18.5,41.5,43.2,Beetles,Low,1,0
OBS-04213,2022-03-13,West_Region,Clay,Cotton,13.9,50.0,16.9,Whiteflies,Low,1,0
OBS-04214,2022-04-16,East_Region,Silt,Rice,35.5,42.4,47.9,Whiteflies,Medium,4,1
OBS-04215,2022-11-10,South_Region,Clay,Corn,18.4,83.0,0.0,Aphids,Low,2,0
OBS-04216,2022-04-28,South_Region,Loam,Tomato,32.2,69.5,38.6,Whiteflies,High,7,1
OBS-04217,2022-08-22,West_Region,Sandy,Rice,12.7,60.4,4.7,Aphids,Low,0,0
OBS-04218,2023-06-04,North_Region,Sandy,Rice,15.8,53.0,0.5,Armyworms,Low,0,0
OBS-04219,2022-08-23,East_Region,Clay,Cotton,25.4,93.0,38.5,Armyworms,Low,3,0
OBS-04220,2022-09-24,West_Region,Loam,Corn,15.5,93.3,20.8,Beetles,Low,3,0
OBS-04221,2022-09-13,North_Region,Loam,Corn,30.6,82.0,9.2,Aphids,Medium,4,1
OBS-04222,2023-07-24,North_Region,Silt,Wheat,23.0,79.5,38.0,Armyworms,Low,2,0
OBS-04223,2023-01-22,East_Region,Clay,Rice,13.5,72.1,12.4,Aphids,Medium,5,1
OBS-04224,2022-06-05,West_Region,Loam,Corn,12.5,88.5,24.4,Armyworms,Low,3,0
OBS-04225,2023-03-07,East_Region,Sandy,Cotton,37.4,93.3,45.0,Aphids,High,7,1
OBS-04226,2022-12-11,West_Region,Silt,Cotton,14.4,30.3,34.0,Blight_Spores,Low,0,0
OBS-04227,2023-11-03,South_Region,Silt,Tomato,24.4,32.2,7.2,Armyworms,Low,1,0
OBS-04228,2023-10-05,West_Region,Silt,Wheat,34.6,42.8,7.5,Beetles,Low,3,0
OBS-04229,2023-02-03,North_Region,Silt,Corn,15.5,46.9,43.6,Blight_Spores,Low,3,0
OBS-04230,2022-10-26,East_Region,Sandy,Tomato,14.9,74.3,8.8,Whiteflies,Medium,6,1
OBS-04231,2022-07-06,South_Region,Sandy,Barley,15.7,75.1,33.7,Blight_Spores,Low,1,0
OBS-04232,2022-06-29,North_Region,Clay,Tomato,29.6,32.4,13.0,Beetles,Medium,4,1
OBS-04233,2022-01-06,West_Region,Sandy,Barley,22.0,67.0,27.5,Whiteflies,Low,0,0
OBS-04234,2023-06-16,East_Region,Clay,Rice,26.1,50.0,12.4,Aphids,Low,3,0
OBS-04235,2022-10-11,Central_Valley,Sandy,Corn,10.3,87.6,37.1,Whiteflies,High,7,1
OBS-04236,2022-05-14,South_Region,Sandy,Wheat,31.2,67.1,9.9,Whiteflies,Medium,5,1
OBS-04237,2023-04-03,Central_Valley,Sandy,Barley,13.3,46.1,5.9,Aphids,Low,0,0
OBS-04238,2023-01-12,West_Region,Silt,Corn,10.2,33.7,0.8,Blight_Spores,Low,1,0
OBS-04239,2023-02-01,Central_Valley,Silt,Barley,23.1,31.2,19.1,Beetles,Low,2,0
OBS-04240,2023-08-12,West_Region,Loam,Wheat,35.9,32.5,25.3,Aphids,Medium,4,1
OBS-04241,2022-01-20,East_Region,Sandy,Cotton,18.2,60.0,29.7,Aphids,Low,1,0
OBS-04242,2023-01-13,East_Region,Silt,Tomato,17.0,33.2,44.1,Aphids,Low,2,0
OBS-04243,2023-07-08,East_Region,Silt,Rice,37.5,59.0,19.9,Blight_Spores,High,7,1
OBS-04244,2023-02-27,East_Region,Silt,Tomato,24.5,58.6,6.7,Armyworms,Medium,4,1
OBS-04245,2023-09-26,West_Region,Silt,Tomato,25.3,94.8,40.6,Whiteflies,Medium,4,1
OBS-04246,2023-11-11,Central_Valley,Sandy,Soybean,23.5,65.7,42.3,Armyworms,Low,0,0
OBS-04247,2022-03-17,North_Region,Clay,Cotton,35.5,30.7,4.5,Blight_Spores,Low,3,0
OBS-04248,2022-10-29,West_Region,Loam,Tomato,27.2,91.4,34.7,Armyworms,High,7,1
OBS-04249,2022-01-03,North_Region,Sandy,Rice,29.9,52.0,35.6,Whiteflies,Medium,5,1
OBS-04250,2022-01-01,South_Region,Clay,Tomato,20.2,59.5,48.3,Blight_Spores,Low,3,0
OBS-04251,2022-01-12,West_Region,Clay,Tomato,13.8,70.3,37.7,Beetles,Low,3,0
OBS-04252,2022-01-16,East_Region,Silt,Tomato,24.3,78.5,42.8,Aphids,Low,3,0
OBS-04253,2023-03-16,North_Region,Clay,Wheat,21.4,63.3,35.2,Blight_Spores,Low,0,0
OBS-04254,2023-09-28,West_Region,Silt,Rice,35.9,76.9,1.0,Whiteflies,High,8,1
OBS-04255,2022-02-26,South_Region,Silt,Cotton,36.9,83.4,35.6,Aphids,Medium,5,1
OBS-04256,2022-05-08,North_Region,Sandy,Rice,10.9,69.5,8.3,Aphids,Medium,4,1
OBS-04257,2022-02-20,East_Region,Clay,Corn,10.5,83.1,21.9,Beetles,Low,1,0
OBS-04258,2023-12-01,East_Region,Loam,Corn,32.1,92.5,45.4,Beetles,Low,3,0
OBS-04259,2022-04-18,South_Region,Sandy,Cotton,29.0,43.2,17.1,Blight_Spores,Low,2,0
OBS-04260,2022-07-21,Central_Valley,Sandy,Barley,37.2,32.6,35.5,Whiteflies,Low,0,0
OBS-04261,2023-07-07,West_Region,Sandy,Corn,30.9,83.0,36.5,Whiteflies,Low,1,0
OBS-04262,2022-04-05,West_Region,Clay,Rice,31.0,90.0,8.2,Beetles,Low,0,0
OBS-04263,2023-02-12,Central_Valley,Sandy,Cotton,23.3,45.0,7.2,Blight_Spores,Low,1,0
OBS-04264,2022-12-25,Central_Valley,Clay,Rice,29.9,85.1,45.4,Aphids,Medium,4,1
OBS-04265,2023-03-21,North_Region,Clay,Barley,35.6,78.0,23.9,Blight_Spores,Medium,6,1
OBS-04266,2022-12-16,North_Region,Silt,Barley,36.8,90.9,44.3,Blight_Spores,Low,3,0
OBS-04267,2022-12-08,South_Region,Silt,Soybean,17.8,70.7,42.5,Whiteflies,Low,2,0
OBS-04268,2022-11-21,Central_Valley,Clay,Rice,37.1,91.9,20.8,Aphids,Low,2,0
OBS-04269,2022-10-28,Central_Valley,Silt,Cotton,26.2,77.8,25.8,Blight_Spores,Low,2,0
OBS-04270,2023-11-27,East_Region,Loam,Barley,35.3,36.4,28.6,Aphids,High,8,1
OBS-04271,2022-01-26,North_Region,Sandy,Tomato,24.9,48.8,49.0,Blight_Spores,Low,1,0
OBS-04272,2022-06-27,West_Region,Silt,Cotton,24.6,81.7,11.6,Armyworms,Medium,5,1
OBS-04273,2022-08-08,North_Region,Clay,Corn,12.9,32.2,3.0,Beetles,Low,0,0
OBS-04274,2022-11-16,North_Region,Sandy,Barley,24.7,79.1,40.1,Blight_Spores,Medium,4,1
OBS-04275,2023-10-16,Central_Valley,Sandy,Wheat,14.8,72.9,1.8,Aphids,Low,3,0
OBS-04276,2022-11-12,East_Region,Silt,Wheat,37.7,71.7,8.7,Beetles,Medium,4,1
OBS-04277,2022-04-11,Central_Valley,Sandy,Corn,32.0,71.8,42.0,Aphids,Low,2,0
OBS-04278,2023-08-27,South_Region,Loam,Rice,30.0,46.9,2.1,Whiteflies,Low,1,0
OBS-04279,2023-07-04,South_Region,Clay,Tomato,27.8,32.8,1.4,Armyworms,Low,3,0
OBS-04280,2022-01-28,South_Region,Clay,Tomato,38.2,30.7,10.5,Blight_Spores,Medium,6,1
OBS-04281,2022-02-20,North_Region,Loam,Soybean,22.4,30.7,19.9,Whiteflies,Low,1,0
OBS-04282,2023-10-10,West_Region,Silt,Rice,10.5,58.9,30.0,Beetles,Low,2,0
OBS-04283,2022-10-20,Central_Valley,Silt,Barley,19.5,82.3,36.6,Beetles,Low,0,0
OBS-04284,2023-04-25,South_Region,Clay,Rice,16.6,42.8,1.6,Aphids,Low,0,0
OBS-04285,2022-09-08,West_Region,Silt,Tomato,29.6,87.9,1.3,Whiteflies,Low,2,0
OBS-04286,2023-08-31,Central_Valley,Clay,Wheat,32.7,50.3,39.8,Armyworms,Medium,5,1
OBS-04287,2022-08-08,South_Region,Sandy,Wheat,11.6,88.0,24.8,Aphids,Low,1,0
OBS-04288,2022-12-03,East_Region,Sandy,Rice,29.0,40.6,40.5,Whiteflies,Low,2,0
OBS-04289,2022-02-06,Central_Valley,Sandy,Barley,39.2,75.6,2.1,Beetles,Medium,6,1
OBS-04290,2023-09-08,South_Region,Silt,Rice,25.0,46.2,43.6,Armyworms,Low,0,0
OBS-04291,2022-09-05,Central_Valley,Sandy,Soybean,23.0,34.5,33.4,Blight_Spores,Low,1,0
OBS-04292,2022-05-17,North_Region,Clay,Cotton,29.6,76.6,49.1,Whiteflies,Medium,4,1
OBS-04293,2022-03-20,Central_Valley,Clay,Corn,17.2,90.9,13.3,Blight_Spores,Medium,4,1
OBS-04294,2023-01-01,South_Region,Sandy,Rice,27.6,73.2,39.5,Blight_Spores,Medium,4,1
OBS-04295,2023-08-23,South_Region,Silt,Soybean,14.1,38.9,22.1,Blight_Spores,Low,0,0
OBS-04296,2022-04-10,Central_Valley,Loam,Wheat,33.4,80.9,36.9,Blight_Spores,Low,2,0
OBS-04297,2022-12-11,South_Region,Silt,Wheat,29.9,90.6,12.6,Aphids,Medium,5,1
OBS-04298,2023-09-03,North_Region,Clay,Rice,12.7,87.3,44.7,Blight_Spores,Low,1,0
OBS-04299,2023-02-08,South_Region,Clay,Tomato,24.9,48.3,10.8,Whiteflies,Low,1,0
OBS-04300,2022-01-09,Central_Valley,Clay,Wheat,17.1,80.9,22.3,Whiteflies,Low,3,0
OBS-04301,2022-02-08,North_Region,Silt,Tomato,16.3,63.0,33.5,Aphids,Low,2,0
OBS-04302,2022-10-05,Central_Valley,Silt,Wheat,27.4,47.8,37.0,Beetles,Low,2,0
OBS-04303,2022-04-27,West_Region,Sandy,Barley,36.7,74.1,14.2,Whiteflies,Low,1,0
OBS-04304,2022-12-24,South_Region,Sandy,Corn,24.2,34.7,49.6,Beetles,Low,0,0
OBS-04305,2022-08-31,South_Region,Loam,Tomato,31.6,84.7,5.8,Armyworms,High,8,1
OBS-04306,2023-06-04,South_Region,Clay,Rice,16.8,33.7,25.5,Blight_Spores,Low,2,0
OBS-04307,2022-02-02,East_Region,Sandy,Corn,39.0,80.0,24.4,Whiteflies,Medium,6,1
OBS-04308,2022-10-31,Central_Valley,Clay,Cotton,15.4,34.6,17.3,Whiteflies,Low,0,0
OBS-04309,2022-02-09,Central_Valley,Sandy,Soybean,12.1,43.6,36.6,Aphids,Low,0,0
OBS-04310,2022-07-16,South_Region,Clay,Wheat,12.8,41.1,35.4,Blight_Spores,Low,0,0
OBS-04311,2023-03-01,Central_Valley,Clay,Cotton,31.9,47.9,34.4,Beetles,Low,2,0
OBS-04312,2023-08-30,West_Region,Sandy,Soybean,35.2,80.6,35.0,Blight_Spores,Medium,4,1
OBS-04313,2022-05-07,East_Region,Silt,Tomato,21.6,84.7,8.5,Beetles,Medium,5,1
OBS-04314,2023-03-24,South_Region,Loam,Soybean,18.1,81.7,19.1,Armyworms,Low,1,0
OBS-04315,2022-11-07,South_Region,Clay,Tomato,25.9,71.3,26.8,Armyworms,Medium,5,1
OBS-04316,2023-11-04,North_Region,Loam,Soybean,20.5,83.8,27.8,Blight_Spores,Low,1,0
OBS-04317,2023-11-18,Central_Valley,Clay,Soybean,28.4,85.6,6.6,Whiteflies,Low,3,0
OBS-04318,2022-01-25,Central_Valley,Clay,Corn,20.8,49.7,8.3,Armyworms,Medium,4,1
OBS-04319,2022-12-28,South_Region,Silt,Soybean,24.1,39.3,34.8,Aphids,Low,2,0
OBS-04320,2023-09-06,North_Region,Loam,Tomato,15.9,62.5,47.5,Armyworms,Low,2,0
OBS-04321,2022-08-13,East_Region,Loam,Wheat,23.5,39.2,0.1,Aphids,Low,1,0
OBS-04322,2023-07-31,South_Region,Loam,Barley,35.4,85.9,34.1,Armyworms,High,7,1
OBS-04323,2022-12-27,Central_Valley,Sandy,Rice,27.5,66.8,25.0,Armyworms,Medium,4,1
OBS-04324,2023-10-04,West_Region,Loam,Wheat,26.3,90.5,11.9,Blight_Spores,High,7,1
OBS-04325,2023-08-15,North_Region,Silt,Tomato,14.2,94.3,23.6,Whiteflies,Medium,4,1
OBS-04326,2022-06-01,North_Region,Loam,Corn,39.4,71.0,23.9,Whiteflies,Low,1,0
OBS-04327,2023-05-10,North_Region,Clay,Wheat,23.1,61.2,17.6,Armyworms,Low,3,0
OBS-04328,2023-04-06,West_Region,Sandy,Corn,24.0,70.4,10.7,Armyworms,Low,2,0
OBS-04329,2023-10-09,South_Region,Silt,Corn,12.7,60.8,32.5,Beetles,Low,0,0
OBS-04330,2022-04-02,North_Region,Clay,Barley,13.8,58.4,9.4,Armyworms,Low,1,0
OBS-04331,2023-08-09,West_Region,Loam,Wheat,37.4,38.4,4.7,Beetles,Low,2,0
OBS-04332,2022-03-26,South_Region,Clay,Tomato,22.8,46.2,42.4,Beetles,Low,2,0
OBS-04333,2023-09-13,South_Region,Silt,Cotton,38.2,88.9,46.7,Blight_Spores,Medium,6,1
OBS-04334,2023-01-07,Central_Valley,Loam,Corn,11.6,56.5,44.5,Armyworms,Low,1,0
OBS-04335,2022-08-10,Central_Valley,Clay,Rice,20.8,84.3,44.5,Aphids,Low,0,0
OBS-04336,2022-07-18,North_Region,Sandy,Rice,37.0,73.0,18.1,Whiteflies,Medium,4,1
OBS-04337,2022-01-06,West_Region,Sandy,Barley,35.6,53.3,12.3,Armyworms,Low,3,0
OBS-04338,2023-03-26,East_Region,Silt,Barley,25.7,47.6,21.3,Aphids,Low,3,0
OBS-04339,2022-03-26,East_Region,Sandy,Cotton,13.2,55.2,3.9,Whiteflies,Low,1,0
OBS-04340,2022-01-21,East_Region,Silt,Wheat,32.3,38.0,36.6,Whiteflies,Low,0,0
OBS-04341,2022-12-14,South_Region,Loam,Corn,25.9,34.4,30.0,Armyworms,Medium,4,1
OBS-04342,2022-06-08,South_Region,Sandy,Wheat,24.8,74.0,19.3,Beetles,Low,2,0
OBS-04343,2023-10-25,South_Region,Clay,Soybean,30.3,91.1,19.8,Aphids,Medium,4,1
OBS-04344,2022-06-13,North_Region,Silt,Rice,37.2,77.1,47.3,Whiteflies,Medium,5,1
OBS-04345,2022-10-03,South_Region,Sandy,Corn,34.7,39.9,14.2,Armyworms,Low,1,0
OBS-04346,2022-03-04,East_Region,Loam,Corn,23.6,72.8,5.6,Blight_Spores,Low,1,0
OBS-04347,2022-11-24,North_Region,Sandy,Corn,34.1,54.6,42.3,Whiteflies,Low,2,0
OBS-04348,2023-07-02,Central_Valley,Silt,Cotton,23.9,31.4,2.0,Whiteflies,Medium,5,1
OBS-04349,2022-10-13,East_Region,Loam,Wheat,19.8,32.8,16.5,Armyworms,Low,1,0
OBS-04350,2023-10-02,Central_Valley,Sandy,Tomato,37.6,59.4,36.5,Blight_Spores,Medium,5,1
OBS-04351,2023-07-05,Central_Valley,Silt,Corn,29.2,32.4,39.7,Beetles,Low,2,0
OBS-04352,2023-07-07,North_Region,Loam,Rice,21.9,39.3,38.1,Blight_Spores,Low,1,0
OBS-04353,2023-07-02,South_Region,Loam,Cotton,25.2,77.0,12.0,Beetles,Low,3,0
OBS-04354,2022-03-04,Central_Valley,Loam,Cotton,35.3,76.4,5.1,Whiteflies,Low,2,0
OBS-04355,2023-02-19,East_Region,Silt,Cotton,23.9,72.7,0.9,Aphids,Low,0,0
OBS-04356,2023-05-19,East_Region,Sandy,Wheat,33.4,33.7,40.2,Armyworms,Medium,4,1
OBS-04357,2023-07-30,North_Region,Silt,Barley,12.8,83.7,41.4,Aphids,Low,1,0
OBS-04358,2023-03-24,North_Region,Clay,Wheat,10.6,37.9,17.2,Whiteflies,Low,1,0
OBS-04359,2022-04-19,North_Region,Loam,Cotton,22.3,58.1,48.0,Aphids,Low,1,0
OBS-04360,2022-06-10,North_Region,Loam,Barley,34.0,75.2,7.4,Beetles,High,10,1
OBS-04361,2022-11-11,South_Region,Clay,Barley,21.7,93.4,47.7,Blight_Spores,Low,1,0
OBS-04362,2022-11-13,West_Region,Clay,Soybean,16.6,90.9,49.0,Armyworms,Medium,4,1
OBS-04363,2022-05-24,Central_Valley,Loam,Soybean,19.6,71.7,46.3,Whiteflies,Low,2,0
OBS-04364,2023-02-09,North_Region,Loam,Rice,10.8,66.8,29.1,Armyworms,Low,2,0
OBS-04365,2022-07-30,North_Region,Silt,Rice,20.0,86.7,14.1,Blight_Spores,Low,2,0
OBS-04366,2022-06-09,West_Region,Sandy,Corn,38.6,65.2,0.4,Aphids,Low,2,0
OBS-04367,2022-06-27,Central_Valley,Silt,Wheat,26.1,62.8,42.5,Whiteflies,Low,2,0
OBS-04368,2022-02-15,Central_Valley,Loam,Cotton,28.0,93.1,8.4,Blight_Spores,Medium,5,1
OBS-04369,2022-08-12,East_Region,Silt,Cotton,22.2,87.2,11.4,Whiteflies,Low,2,0
OBS-04370,2023-07-27,North_Region,Sandy,Wheat,25.9,46.8,43.8,Whiteflies,Low,3,0
OBS-04371,2023-09-16,Central_Valley,Loam,Soybean,25.8,93.9,39.9,Whiteflies,Medium,5,1
OBS-04372,2023-10-20,North_Region,Sandy,Tomato,10.2,88.2,20.7,Aphids,Low,3,0
OBS-04373,2022-07-28,West_Region,Sandy,Corn,19.0,60.2,2.5,Blight_Spores,Low,2,0
OBS-04374,2022-03-19,West_Region,Clay,Corn,21.9,65.7,23.1,Beetles,Low,0,0
OBS-04375,2022-05-22,West_Region,Loam,Wheat,28.7,30.7,8.5,Armyworms,Medium,5,1
OBS-04376,2022-07-17,East_Region,Loam,Barley,23.7,86.7,17.6,Aphids,Low,3,0
OBS-04377,2023-05-06,North_Region,Loam,Rice,13.3,65.7,11.1,Armyworms,Low,1,0
OBS-04378,2023-04-14,East_Region,Silt,Barley,38.3,88.9,4.8,Aphids,Medium,5,1
OBS-04379,2023-09-08,East_Region,Silt,Barley,17.3,80.5,29.3,Beetles,Low,0,0
OBS-04380,2023-07-08,East_Region,Silt,Corn,34.9,84.6,47.9,Blight_Spores,Low,3,0
OBS-04381,2023-11-18,West_Region,Silt,Tomato,12.2,66.0,7.7,Aphids,Low,3,0
OBS-04382,2022-12-31,Central_Valley,Clay,Soybean,13.3,55.9,43.1,Whiteflies,Low,0,0
OBS-04383,2023-08-31,Central_Valley,Clay,Barley,10.8,89.6,33.3,Blight_Spores,Low,3,0
OBS-04384,2022-08-23,East_Region,Sandy,Barley,12.0,65.8,3.5,Whiteflies,Low,1,0
OBS-04385,2023-10-19,West_Region,Sandy,Barley,18.7,74.9,32.4,Aphids,Low,0,0
OBS-04386,2022-11-28,North_Region,Loam,Cotton,16.0,71.7,7.3,Blight_Spores,Medium,5,1
OBS-04387,2022-08-07,Central_Valley,Loam,Soybean,26.4,60.4,1.6,Aphids,Low,2,0
OBS-04388,2023-02-11,Central_Valley,Silt,Cotton,17.1,80.5,39.6,Aphids,Low,1,0
OBS-04389,2022-06-04,South_Region,Clay,Cotton,21.5,84.4,17.5,Blight_Spores,Low,2,0
OBS-04390,2023-03-21,East_Region,Silt,Soybean,32.8,88.5,26.5,Armyworms,Low,0,0
OBS-04391,2023-01-02,Central_Valley,Clay,Tomato,17.0,91.4,3.9,Whiteflies,Medium,4,1
OBS-04392,2023-01-26,East_Region,Clay,Wheat,25.8,82.6,6.2,Whiteflies,High,7,1
OBS-04393,2022-04-05,South_Region,Sandy,Cotton,26.5,94.6,28.7,Blight_Spores,Medium,5,1
OBS-04394,2022-04-07,West_Region,Silt,Rice,10.6,84.3,16.9,Armyworms,Low,1,0
OBS-04395,2022-01-12,West_Region,Sandy,Soybean,20.9,65.2,15.3,Beetles,Low,0,0
OBS-04396,2023-02-28,Central_Valley,Sandy,Barley,27.6,36.5,21.1,Whiteflies,Low,1,0
OBS-04397,2022-07-05,East_Region,Loam,Wheat,29.3,50.8,44.6,Beetles,Low,1,0
OBS-04398,2023-09-03,South_Region,Sandy,Tomato,33.2,82.9,0.7,Armyworms,High,8,1
OBS-04399,2023-08-06,West_Region,Silt,Corn,13.4,62.3,17.7,Aphids,Low,0,0
OBS-04400,2023-03-18,East_Region,Sandy,Corn,28.8,59.3,45.9,Armyworms,Low,2,0
OBS-04401,2023-10-30,East_Region,Sandy,Cotton,27.0,91.1,4.8,Blight_Spores,Medium,5,1
OBS-04402,2023-11-09,South_Region,Silt,Wheat,24.8,31.1,13.2,Beetles,Low,0,0
OBS-04403,2022-01-17,East_Region,Loam,Barley,28.2,43.2,29.2,Armyworms,Low,2,0
OBS-04404,2023-06-28,West_Region,Loam,Barley,28.3,35.9,22.0,Whiteflies,Low,2,0
OBS-04405,2023-05-04,South_Region,Silt,Tomato,35.7,54.8,17.6,Whiteflies,High,7,1
OBS-04406,2023-10-02,Central_Valley,Loam,Cotton,38.7,40.8,43.0,Aphids,Medium,6,1
OBS-04407,2022-09-03,East_Region,Sandy,Barley,14.1,64.4,22.4,Aphids,Low,0,0
OBS-04408,2022-09-09,East_Region,Silt,Corn,36.8,83.8,31.0,Beetles,Medium,5,1
OBS-04409,2022-01-17,East_Region,Silt,Rice,36.6,73.3,43.3,Armyworms,Medium,5,1
OBS-04410,2022-12-20,East_Region,Silt,Corn,36.3,35.0,48.9,Blight_Spores,Medium,4,1
OBS-04411,2022-05-14,West_Region,Sandy,Wheat,33.9,33.1,2.2,Aphids,Low,3,0
OBS-04412,2023-06-02,South_Region,Sandy,Tomato,38.7,67.6,37.9,Whiteflies,High,7,1
OBS-04413,2022-05-04,South_Region,Clay,Corn,11.5,68.1,46.7,Beetles,Low,0,0
OBS-04414,2023-09-08,South_Region,Loam,Cotton,15.8,48.5,27.7,Aphids,Low,0,0
OBS-04415,2023-08-25,North_Region,Loam,Corn,23.4,76.9,24.5,Whiteflies,Low,3,0
OBS-04416,2022-06-26,West_Region,Loam,Tomato,17.9,39.6,45.6,Whiteflies,Low,3,0
OBS-04417,2023-08-07,North_Region,Loam,Corn,26.5,80.6,25.2,Whiteflies,High,8,1
OBS-04418,2023-05-07,West_Region,Loam,Tomato,36.5,64.7,4.7,Whiteflies,Medium,6,1
OBS-04419,2023-05-24,North_Region,Sandy,Cotton,25.8,89.8,44.9,Aphids,Medium,4,1
OBS-04420,2023-11-25,Central_Valley,Silt,Cotton,31.6,30.8,11.2,Aphids,Low,3,0
OBS-04421,2022-04-08,West_Region,Sandy,Rice,37.0,39.9,22.9,Beetles,Low,0,0
OBS-04422,2022-12-24,Central_Valley,Loam,Wheat,33.5,94.6,9.7,Beetles,Medium,5,1
OBS-04423,2023-10-06,West_Region,Loam,Corn,15.6,76.7,7.9,Blight_Spores,Medium,5,1
OBS-04424,2022-06-22,North_Region,Sandy,Tomato,29.3,82.9,17.9,Beetles,Medium,4,1
OBS-04425,2022-05-09,North_Region,Silt,Tomato,28.4,58.7,10.5,Whiteflies,Medium,4,1
OBS-04426,2023-07-29,West_Region,Silt,Corn,30.2,55.8,7.8,Blight_Spores,Low,1,0
OBS-04427,2023-01-12,South_Region,Silt,Corn,26.5,53.0,23.0,Beetles,Low,1,0
OBS-04428,2022-06-20,West_Region,Silt,Barley,35.0,63.4,22.7,Aphids,Low,1,0
OBS-04429,2023-04-28,South_Region,Sandy,Corn,37.5,55.2,49.2,Blight_Spores,Low,2,0
OBS-04430,2023-06-14,Central_Valley,Sandy,Rice,35.1,69.3,25.5,Whiteflies,Medium,5,1
OBS-04431,2023-05-16,South_Region,Clay,Tomato,22.2,50.1,38.3,Armyworms,Low,0,0
OBS-04432,2023-05-25,East_Region,Loam,Corn,29.2,55.8,44.3,Aphids,High,8,1
OBS-04433,2022-12-07,North_Region,Silt,Soybean,27.2,41.5,5.2,Whiteflies,Medium,5,1
OBS-04434,2022-03-09,East_Region,Silt,Soybean,31.5,81.9,22.7,Armyworms,Medium,5,1
OBS-04435,2022-04-17,North_Region,Silt,Barley,16.9,31.9,27.4,Whiteflies,Low,0,0
OBS-04436,2023-04-20,North_Region,Loam,Cotton,17.8,48.4,48.0,Blight_Spores,Low,0,0
OBS-04437,2023-04-09,East_Region,Silt,Soybean,31.6,68.0,24.7,Armyworms,Low,3,0
OBS-04438,2022-02-18,North_Region,Sandy,Soybean,35.9,49.5,16.9,Armyworms,Low,3,0
OBS-04439,2023-07-13,South_Region,Sandy,Cotton,30.0,88.1,31.6,Whiteflies,Low,2,0
OBS-04440,2023-10-22,South_Region,Silt,Tomato,15.9,50.2,17.3,Aphids,Low,2,0
OBS-04441,2022-07-24,South_Region,Loam,Corn,23.1,41.0,24.4,Blight_Spores,Low,3,0
OBS-04442,2023-04-09,North_Region,Silt,Tomato,18.2,93.6,1.4,Beetles,Low,2,0
OBS-04443,2022-06-30,North_Region,Loam,Rice,37.3,57.9,40.4,Beetles,Low,3,0
OBS-04444,2022-08-16,West_Region,Sandy,Barley,28.7,91.2,25.4,Whiteflies,Low,1,0
OBS-04445,2023-01-11,South_Region,Loam,Cotton,19.5,31.9,9.4,Beetles,Low,2,0
OBS-04446,2023-10-24,South_Region,Clay,Barley,33.9,83.3,19.4,Blight_Spores,Low,3,0
OBS-04447,2022-04-06,West_Region,Sandy,Barley,24.9,71.0,16.7,Armyworms,Medium,4,1
OBS-04448,2022-03-15,North_Region,Sandy,Rice,31.7,71.8,13.6,Armyworms,Medium,4,1
OBS-04449,2022-12-02,East_Region,Silt,Soybean,24.4,64.8,1.9,Armyworms,Low,1,0
OBS-04450,2022-04-17,South_Region,Loam,Corn,33.6,69.9,11.4,Beetles,Medium,5,1
OBS-04451,2023-03-29,East_Region,Sandy,Wheat,31.7,53.1,32.8,Blight_Spores,Low,0,0
OBS-04452,2023-09-22,North_Region,Loam,Cotton,36.5,37.3,32.2,Blight_Spores,Medium,4,1
OBS-04453,2022-06-22,South_Region,Sandy,Rice,20.9,39.2,25.0,Beetles,Low,1,0
OBS-04454,2023-04-09,South_Region,Loam,Barley,34.7,58.3,45.8,Beetles,Low,3,0
OBS-04455,2023-03-16,North_Region,Sandy,Rice,32.5,85.3,47.3,Beetles,Low,2,0
OBS-04456,2022-11-23,West_Region,Sandy,Corn,25.2,52.3,15.1,Whiteflies,Low,3,0
OBS-04457,2022-10-01,West_Region,Sandy,Rice,14.7,69.7,43.1,Blight_Spores,Low,0,0
OBS-04458,2023-06-12,West_Region,Silt,Corn,20.3,38.2,50.0,Armyworms,Low,1,0
OBS-04459,2023-05-12,West_Region,Clay,Corn,39.1,70.0,20.6,Aphids,Medium,5,1
OBS-04460,2022-03-26,East_Region,Loam,Barley,16.6,68.4,46.2,Whiteflies,Low,1,0
OBS-04461,2023-01-03,East_Region,Loam,Corn,23.8,46.3,43.2,Whiteflies,Low,0,0
OBS-04462,2023-07-31,South_Region,Silt,Soybean,32.8,58.4,27.9,Armyworms,Low,2,0
OBS-04463,2023-07-10,East_Region,Silt,Cotton,17.8,72.0,0.4,Armyworms,Medium,4,1
OBS-04464,2022-07-14,North_Region,Clay,Rice,11.3,86.0,40.7,Whiteflies,Low,2,0
OBS-04465,2022-01-26,South_Region,Clay,Soybean,16.9,86.6,20.0,Blight_Spores,Low,1,0
OBS-04466,2022-10-24,North_Region,Silt,Barley,14.2,77.6,11.3,Armyworms,Medium,4,1
OBS-04467,2022-10-27,Central_Valley,Clay,Cotton,14.3,47.5,10.5,Whiteflies,Low,2,0
OBS-04468,2023-04-21,South_Region,Loam,Soybean,20.7,32.5,6.3,Blight_Spores,Low,0,0
OBS-04469,2023-01-02,South_Region,Silt,Rice,39.7,93.7,20.9,Armyworms,Medium,6,1
OBS-04470,2023-11-20,West_Region,Silt,Wheat,20.0,70.3,44.9,Armyworms,Low,3,0
OBS-04471,2022-09-20,Central_Valley,Loam,Barley,11.7,90.2,28.2,Whiteflies,Low,3,0
OBS-04472,2023-05-19,North_Region,Silt,Barley,14.9,80.1,23.1,Whiteflies,Low,2,0
OBS-04473,2023-11-26,North_Region,Loam,Barley,33.6,65.8,32.8,Armyworms,Medium,4,1
OBS-04474,2023-06-03,South_Region,Sandy,Barley,22.2,50.9,42.7,Blight_Spores,Low,0,0
OBS-04475,2022-06-17,East_Region,Clay,Barley,20.2,83.7,20.1,Aphids,Low,3,0
OBS-04476,2022-06-12,North_Region,Sandy,Cotton,24.6,69.3,0.9,Whiteflies,Low,0,0
OBS-04477,2023-08-12,Central_Valley,Sandy,Cotton,13.2,33.0,48.5,Blight_Spores,Low,2,0
OBS-04478,2022-01-14,South_Region,Sandy,Tomato,27.7,82.6,26.1,Whiteflies,Medium,5,1
OBS-04479,2022-02-19,West_Region,Loam,Wheat,18.9,90.5,24.1,Beetles,Low,3,0
OBS-04480,2022-11-02,North_Region,Silt,Cotton,28.1,68.8,42.0,Whiteflies,Low,3,0
OBS-04481,2023-06-12,West_Region,Silt,Cotton,13.7,33.6,41.6,Blight_Spores,Low,0,0
OBS-04482,2023-09-17,East_Region,Silt,Corn,40.0,87.2,34.3,Whiteflies,Low,3,0
OBS-04483,2023-11-20,Central_Valley,Loam,Soybean,34.3,56.6,34.6,Armyworms,Low,3,0
OBS-04484,2023-08-26,West_Region,Clay,Corn,26.8,91.6,19.7,Whiteflies,Medium,4,1
OBS-04485,2022-10-17,Central_Valley,Loam,Corn,21.8,75.8,47.8,Armyworms,Low,3,0
OBS-04486,2023-09-22,East_Region,Clay,Rice,10.6,46.6,27.4,Aphids,Low,1,0
OBS-04487,2023-07-04,East_Region,Silt,Soybean,12.7,83.7,43.8,Blight_Spores,Medium,5,1
OBS-04488,2023-10-28,North_Region,Sandy,Barley,20.6,69.5,0.4,Armyworms,Low,0,0
OBS-04489,2023-03-27,East_Region,Silt,Rice,34.8,43.6,48.1,Beetles,Medium,4,1
OBS-04490,2022-04-06,Central_Valley,Clay,Soybean,39.0,81.5,21.8,Blight_Spores,Medium,5,1
OBS-04491,2023-10-08,North_Region,Sandy,Barley,16.6,84.9,5.3,Blight_Spores,Low,1,0
OBS-04492,2023-01-25,Central_Valley,Sandy,Tomato,15.0,43.2,11.4,Blight_Spores,Low,1,0
OBS-04493,2022-11-24,Central_Valley,Loam,Tomato,17.3,67.3,13.3,Whiteflies,Low,0,0
OBS-04494,2022-03-04,Central_Valley,Clay,Tomato,28.1,72.6,17.3,Blight_Spores,Low,3,0
OBS-04495,2023-01-04,South_Region,Clay,Wheat,27.8,31.6,39.7,Armyworms,Low,1,0
OBS-04496,2023-03-25,Central_Valley,Loam,Corn,30.7,72.8,25.1,Whiteflies,Medium,4,1
OBS-04497,2022-11-08,North_Region,Clay,Corn,12.3,41.9,42.7,Whiteflies,Low,1,0
OBS-04498,2022-10-06,West_Region,Silt,Corn,18.3,84.8,27.0,Blight_Spores,Low,2,0
OBS-04499,2023-06-09,East_Region,Loam,Barley,36.8,80.6,17.7,Aphids,Low,3,0
OBS-04500,2023-06-25,West_Region,Loam,Soybean,22.2,33.7,20.6,Armyworms,Low,0,0
